Id,HorseId,Equipment,LType,RType,AssessmentTypeId,UserId,CreatedAt
1,20143763,,,,3.0,11,2020-09-08 20:00:00
2,20122346,,,,2.0,11,2020-09-08 20:00:00
3,20131014,,,,3.0,11,2020-09-08 20:00:00
4,20081873,,,,3.0,11,2020-09-08 20:00:00
5,20150866,,,,3.0,11,2020-09-08 20:00:00
6,20133285,,,,3.0,11,2020-09-08 20:00:00
7,20142504,,,,4.0,11,2020-09-08 20:00:00
8,20081813,,,,3.0,11,2020-09-08 20:00:00
9,20151681,,,,3.0,11,2020-09-08 20:00:00
10,20161543,,,,3.0,11,2020-09-08 20:00:00
11,20160864,,,,3.0,11,2020-09-08 20:00:00
12,20142362,,,,3.0,11,2020-09-08 20:00:00
13,20151727,,,,3.0,11,2020-09-08 20:00:00
14,20171410,,,,3.0,11,2020-09-08 20:00:00
15,20133098,,,,3.0,11,2020-09-08 20:00:00
16,20120726,,,,3.0,11,2020-09-08 20:00:00
17,20161503,,,,3.0,11,2020-09-08 20:00:00
18,20151005,,,,3.0,11,2020-09-08 20:00:00
19,20161861,,,,3.0,11,2020-09-08 20:00:00
20,20113269,,,,3.0,11,2020-09-08 20:00:00
21,20152204,,,,3.0,11,2020-09-08 20:00:00
22,20111225,,,,3.0,11,2020-09-08 20:00:00
23,20103847,,,,3.0,11,2020-09-08 20:00:00
24,20141956,,,,3.0,11,2020-09-08 20:00:00
25,20152557,,,,3.0,11,2020-09-08 20:00:00
26,20162202,,,,3.0,11,2020-09-08 20:00:00
27,20162217,,,,2.0,11,2020-09-08 20:00:00
28,20120271,,,,3.0,11,2020-09-08 20:00:00
29,20152522,,,,3.0,11,2020-09-08 20:00:00
30,20153403,,,,3.0,11,2020-09-08 20:00:00
31,20151585,,,,3.0,11,2020-09-08 20:00:00
32,20171329,,,,4.0,11,2020-09-08 20:00:00
33,20162939,,,,3.0,11,2020-09-08 20:00:00
34,20160728,,,,3.0,11,2020-09-08 20:00:00
35,20162893,,,,3.0,11,2020-09-08 20:00:00
36,20170337,,,,3.0,11,2020-09-08 20:00:00
37,20123570,,,,3.0,11,2020-09-08 20:00:00
38,20150124,,,,3.0,11,2020-09-08 20:00:00
39,20140080,,,,3.0,11,2020-09-08 20:00:00
40,20160420,,,,3.0,11,2020-09-08 20:00:00
41,20133189,,,,3.0,11,2020-09-08 20:00:00
42,20160546,,,,3.0,11,2020-09-08 20:00:00
43,20151207,,,,3.0,11,2020-09-08 20:00:00
44,20131125,,,,3.0,11,2020-09-08 20:00:00
45,20153443,,,,3.0,11,2020-09-08 20:00:00
46,20150391,,,,3.0,11,2020-09-08 20:00:00
47,20134257,,,,3.0,11,2020-09-08 20:00:00
48,20151343,,,,3.0,11,2020-09-08 20:00:00
49,20150013,,,,3.0,11,2020-09-08 20:00:00
50,20140186,,,,3.0,11,2020-09-08 20:00:00
51,20122275,,,,3.0,11,2020-09-08 20:00:00
52,20111018,,,,4.0,11,2020-09-08 20:00:00
53,20142155,,,,3.0,11,2020-09-08 20:00:00
54,20123696,,,,3.0,11,2020-09-08 20:00:00
55,20152491,,,,3.0,11,2020-09-08 20:00:00
56,20162333,,,,3.0,11,2020-09-08 20:00:00
57,20143783,,,,3.0,11,2020-09-08 20:00:00
58,20150184,,,,3.0,11,2020-09-08 20:00:00
59,20140580,,,,3.0,11,2020-09-08 20:00:00
60,20162464,,,,3.0,11,2020-09-08 20:00:00
61,20142302,,,,3.0,11,2020-09-08 20:00:00
62,20152077,,,,3.0,11,2020-09-08 20:00:00
63,20170640,,,,3.0,11,2020-09-08 20:00:00
64,20131443,,,,3.0,11,2020-09-08 20:00:00
65,20153483,,,,3.0,11,2020-09-08 20:00:00
66,20142600,,,,3.0,11,2020-09-08 20:00:00
67,20151383,,,,3.0,11,2020-09-08 20:00:00
68,20120195,,,,3.0,11,2020-09-08 20:00:00
69,20142039,,,,3.0,11,2020-09-08 20:00:00
70,20132637,,,,3.0,11,2020-09-08 20:00:00
71,20162439,,,,3.0,11,2020-09-08 20:00:00
72,20161912,,,,3.0,11,2020-09-08 20:00:00
73,20151545,,,,3.0,11,2020-09-08 20:00:00
74,20110940,,,,3.0,11,2020-09-08 20:00:00
75,20150311,,,,3.0,11,2020-09-08 20:00:00
76,20162520,,,,3.0,11,2020-09-08 20:00:00
77,20141390,,,,3.0,11,2020-09-08 20:00:00
78,20153327,,,,3.0,11,2020-09-08 20:00:00
79,20151252,,,,3.0,11,2020-09-08 20:00:00
80,20091679,,,,3.0,11,2020-09-08 20:00:00
81,20142968,,,,3.0,11,2020-09-08 20:00:00
82,20134131,,,,3.0,11,2020-09-08 20:00:00
83,20140873,,,,3.0,11,2020-09-08 20:00:00
84,20142822,,,,3.0,11,2020-09-08 20:00:00
85,20133109,,,,3.0,11,2020-09-08 20:00:00
86,20131105,,,,3.0,11,2020-09-08 20:00:00
87,20160526,,,,3.0,11,2020-09-08 20:00:00
88,20143354,,,,3.0,11,2020-09-08 20:00:00
89,20160591,,,,3.0,11,2020-09-08 20:00:00
90,20132480,,,,3.0,11,2020-09-08 20:00:00
91,20152239,,,,2.0,11,2020-09-08 20:00:00
92,20162328,,,,3.0,11,2020-09-08 20:00:00
93,20120357,,,,3.0,11,2020-09-08 20:00:00
94,20152486,,,,3.0,11,2020-09-08 20:00:00
95,20142286,,,,3.0,11,2020-09-08 20:00:00
96,20093613,,,,3.0,11,2020-09-08 20:00:00
97,20162722,,,,3.0,11,2020-09-08 20:00:00
98,20101530,,,,3.0,11,2020-09-08 20:00:00
99,20122235,,,,3.0,11,2020-09-08 20:00:00
100,20152188,,,,3.0,11,2020-09-08 20:00:00
101,20171445,,,,3.0,11,2020-09-08 20:00:00
102,20140277,,,,3.0,11,2020-09-08 20:00:00
103,20162424,,,,3.0,11,2020-09-08 20:00:00
104,20113143,,,,3.0,11,2020-09-08 20:00:00
105,20152380,,,,3.0,11,2020-09-08 20:00:00
106,20142584,,,,3.0,11,2020-09-08 20:00:00
107,20151525,,,,4.0,11,2020-09-08 20:00:00
108,20162580,,,,3.0,11,2020-09-08 20:00:00
109,20141416,,,,3.0,11,2020-09-08 20:00:00
110,20150331,,,,3.0,11,2020-09-08 20:00:00
111,20172391,,,,3.0,11,2020-09-08 20:00:00
112,20131978,,,,3.0,11,2020-09-08 20:00:00
113,20170397,,,,4.0,11,2020-09-08 20:00:00
114,20152062,,,,3.0,11,2020-09-08 20:00:00
115,20161083,,,,3.0,11,2020-09-08 20:00:00
116,20140944,,,,3.0,11,2020-09-08 20:00:00
117,20151116,,,,4.0,11,2020-09-08 20:00:00
118,20160359,,,,3.0,11,2020-09-08 20:00:00
119,20121192,,,,4.0,11,2020-09-08 20:00:00
120,20163163,,,,3.0,11,2020-09-08 20:00:00
121,20161710,,,,3.0,11,2020-09-08 20:00:00
122,20131392,,,,4.0,11,2020-09-08 20:00:00
123,20131069,,,,3.0,11,2020-09-08 20:00:00
124,20150740,,,,3.0,11,2020-09-08 20:00:00
125,20143041,,,,3.0,11,2020-09-08 20:00:00
126,20142791,,,,3.0,11,2020-09-08 20:00:00
127,20153589,,,,3.0,11,2020-09-08 20:00:00
128,20152022,,,,3.0,11,2020-09-08 20:00:00
129,20140146,,,,3.0,11,2020-09-08 20:00:00
130,20131029,,,,3.0,11,2020-09-08 20:00:00
131,20111301,,,,3.0,11,2020-09-08 20:00:00
132,20122891,,,,3.0,11,2020-09-08 20:00:00
133,20150806,,,,3.0,11,2020-09-08 20:00:00
134,20133412,,,,3.0,11,2020-09-08 20:00:00
135,20120751,,,,3.0,11,2020-09-08 20:00:00
136,20142357,,,,4.0,11,2020-09-08 20:00:00
137,20130113,,,,3.0,11,2020-09-08 20:00:00
138,20133321,,,,3.0,11,2020-09-08 20:00:00
139,20073697,,,,3.0,11,2020-09-08 20:00:00
140,20161881,,,,3.0,11,2020-09-08 20:00:00
141,20153387,,,,3.0,11,2020-09-08 20:00:00
142,20130693,,,,3.0,11,2020-09-08 20:00:00
143,20140646,,,,3.0,11,2020-09-08 20:00:00
144,20110622,,,,4.0,11,2020-09-08 20:00:00
145,20110748,,,,3.0,11,2020-09-08 20:00:00
146,20160708,,,,3.0,11,2020-09-08 20:00:00
147,20151590,,,,3.0,11,2020-09-08 20:00:00
148,20141774,,,,3.0,11,2020-09-08 20:00:00
149,20161927,,,,3.0,11,2020-09-08 20:00:00
150,20152628,,,,3.0,11,2020-09-08 20:00:00
151,20150220,,,,3.0,11,2020-09-08 20:00:00
152,20132551,,,,3.0,11,2020-09-08 20:00:00
153,20152168,,,,3.0,11,2020-09-08 20:00:00
154,20140520,,,,3.0,11,2020-09-08 20:00:00
155,20140560,,,,3.0,11,2020-09-08 20:00:00
156,20161043,,,,3.0,11,2020-09-08 20:00:00
157,20161078,,,,3.0,11,2020-09-08 20:00:00
158,20121470,,,,3.0,11,2020-09-08 20:00:00
159,20162737,,,,4.0,11,2020-09-08 20:00:00
160,20152128,,,,3.0,11,2020-09-08 20:00:00
161,20153165,,,,3.0,11,2020-09-08 20:00:00
162,20131458,,,,3.0,11,2020-09-08 20:00:00
163,20161265,,,,3.0,11,2020-09-08 20:00:00
164,20171081,,,,3.0,11,2020-09-08 20:00:00
165,20160824,,,,3.0,11,2020-09-08 20:00:00
166,20172280,,,,3.0,11,2020-09-08 20:00:00
167,20123969,,,,4.0,11,2020-09-08 20:00:00
168,20151232,,,,3.0,11,2020-09-08 20:00:00
169,20131534,,,,3.0,11,2020-09-08 20:00:00
170,20142862,,,,3.0,11,2020-09-08 20:00:00
171,20143410,,,,3.0,11,2020-09-08 20:00:00
172,20133396,,,,3.0,11,2020-09-08 20:00:00
173,20163103,,,,3.0,11,2020-09-08 20:00:00
174,20161896,,,,3.0,11,2020-09-08 20:00:00
175,20150937,,,,2.0,11,2020-09-08 20:00:00
176,20152840,,,,3.0,11,2020-09-08 20:00:00
177,20141507,,,,3.0,11,2020-09-08 20:00:00
178,20141481,,,,3.0,11,2020-09-08 20:00:00
179,20140904,,,,3.0,11,2020-09-08 20:00:00
180,20112499,,,,3.0,11,2020-09-08 20:00:00
181,20163087,,,,3.0,11,2020-09-08 20:00:00
182,20093693,,,,3.0,11,2020-09-08 20:00:00
183,20091871,,,,3.0,11,2020-09-08 20:00:00
184,20143450,,,,3.0,11,2020-09-08 20:00:00
185,20171263,,,,3.0,11,2020-09-08 20:00:00
186,20162560,,,,3.0,11,2020-09-08 20:00:00
187,20100240,,,,3.0,11,2020-09-08 20:00:00
188,20152931,,,,3.0,11,2020-09-08 20:00:00
189,20140282,,,,3.0,11,2020-09-08 20:00:00
190,20123454,,,,3.0,11,2020-09-08 20:00:00
191,20110293,,,,3.0,11,2020-09-08 20:00:00
192,20131049,,,,3.0,11,2020-09-08 20:00:00
193,20141007,,,,3.0,11,2020-09-08 20:00:00
194,20160177,,,,3.0,11,2020-09-08 20:00:00
195,20093062,,,,3.0,11,2020-09-08 20:00:00
196,20133407,,,,3.0,11,2020-09-08 20:00:00
197,20161129,,,,3.0,11,2020-09-08 20:00:00
198,20152784,,,,3.0,11,2020-09-08 20:00:00
199,20131201,,,,3.0,11,2020-09-08 20:00:00
200,20152300,,,,3.0,11,2020-09-08 20:00:00
201,20140651,,,,3.0,11,2020-09-08 20:00:00
202,20141436,,,,3.0,11,2020-09-08 20:00:00
203,20152426,,,,3.0,11,2020-09-08 20:00:00
204,20133725,,,,3.0,11,2020-09-08 20:00:00
205,20140060,,,,3.0,11,2020-09-08 20:00:00
206,20151323,,,,3.0,11,2020-09-08 20:00:00
207,20141294,,,,3.0,11,2020-09-08 20:00:00
208,20142660,,,,3.0,11,2020-09-08 20:00:00
209,20143723,,,,3.0,11,2020-09-08 20:00:00
210,20143329,,,,3.0,11,2020-09-08 20:00:00
211,20152395,,,,3.0,11,2020-09-08 20:00:00
212,20153529,,,,3.0,11,2020-09-08 20:00:00
213,20090612,,,,3.0,11,2020-09-08 20:00:00
214,20132288,,,,3.0,11,2020-09-08 20:00:00
215,20134015,,,,3.0,11,2020-09-08 20:00:00
216,20103054,,,,3.0,11,2020-09-08 20:00:00
217,20142024,,,,3.0,11,2020-09-08 20:00:00
218,20092474,,,,3.0,11,2020-09-08 20:00:00
219,20113416,,,,3.0,11,2020-09-08 20:00:00
220,20131756,,,,3.0,11,2020-09-08 20:00:00
221,20113158,,,,3.0,11,2020-09-08 20:00:00
222,20120680,,,,3.0,11,2020-09-08 20:00:00
223,20151409,,,,3.0,11,2020-09-08 20:00:00
224,20111972,,,,3.0,11,2020-09-08 20:00:00
225,20150482,,,,3.0,11,2020-09-08 20:00:00
226,20121354,,,,3.0,11,2020-09-08 20:00:00
227,20162404,,,,3.0,11,2020-09-08 20:00:00
228,20151823,,,,4.0,11,2020-09-08 20:00:00
229,20153463,,,,3.0,11,2020-09-08 20:00:00
230,20163229,,,,3.0,11,2020-09-08 20:00:00
231,20152688,,,,3.0,11,2020-09-08 20:00:00
232,20160248,,,,3.0,11,2020-09-08 20:00:00
233,20143389,,,,3.0,11,2020-09-08 20:00:00
234,20163067,,,,3.0,11,2020-09-08 20:00:00
235,20150462,,,,3.0,11,2020-09-08 20:00:00
236,20093491,,,,3.0,11,2020-09-08 20:00:00
237,20163269,,,,4.0,11,2020-09-08 20:00:00
238,20160364,,,,3.0,11,2020-09-08 20:00:00
239,20162606,,,,3.0,11,2020-09-08 20:00:00
240,20130097,,,,3.0,11,2020-09-08 20:00:00
241,20162762,,,,3.0,11,2020-09-08 20:00:00
242,20140691,,,,3.0,11,2020-09-08 20:00:00
243,20133654,,,,3.0,11,2020-09-08 20:00:00
244,20122119,,,,3.0,11,2020-09-08 20:00:00
245,20153423,,,,3.0,11,2020-09-08 20:00:00
246,20152017,,,,3.0,11,2020-09-08 20:00:00
247,20141794,,,,3.0,11,2020-09-08 20:00:00
248,20120928,,,,3.0,11,2020-09-08 20:00:00
249,20130784,,,,3.0,11,2020-09-08 20:00:00
250,20091331,,,,3.0,11,2020-09-08 20:00:00
251,20150093,,,,3.0,11,2020-09-08 20:00:00
252,20151287,,,,3.0,11,2020-09-08 20:00:00
253,20142413,,,,3.0,11,2020-09-08 20:00:00
254,20113103,,,,3.0,11,2020-09-08 20:00:00
255,20152082,,,,3.0,11,2020-09-08 20:00:00
256,20152002,,,,3.0,11,2020-09-08 20:00:00
257,20160844,,,,2.0,11,2020-09-08 20:00:00
258,20132793,,,,3.0,11,2020-09-08 20:00:00
259,20151712,,,,3.0,11,2020-09-08 20:00:00
260,20162166,,,,3.0,11,2020-09-08 20:00:00
261,20160228,,,,3.0,11,2020-09-08 20:00:00
262,20131645,,,,3.0,11,2020-09-08 20:00:00
263,20142044,,,,3.0,11,2020-09-08 20:00:00
264,20130380,,,,3.0,11,2020-09-08 20:00:00
265,20162813,,,,3.0,11,2020-09-08 20:00:00
266,20143016,,,,3.0,11,2020-09-08 20:00:00
267,20141981,,,,3.0,11,2020-09-08 20:00:00
268,20142771,,,,3.0,11,2020-09-08 20:00:00
269,20131054,,,,3.0,11,2020-09-08 20:00:00
270,20152724,,,,3.0,11,2020-09-08 20:00:00
271,20172497,,,,3.0,11,2020-09-08 20:00:00
272,20143021,,,,3.0,11,2020-09-08 20:00:00
273,20152820,,,,3.0,11,2020-09-08 20:00:00
274,20152466,,,,2.0,11,2020-09-08 20:00:00
275,20142599,,,,3.0,11,2020-09-08 20:00:00
276,20161549,,,,,1,2020-09-09 11:40:26
277,20170317,,,,4.0,1,2020-09-09 11:40:26
278,20170291,,,,4.0,1,2020-09-09 11:40:26
279,20160940,,,,,1,2020-09-09 11:40:26
280,20160980,,,,,1,2020-09-09 11:40:26
281,20180491,,,,4.0,1,2020-09-09 11:40:26
282,20170751,,,,4.0,1,2020-09-09 11:40:26
283,20151707,,,,,1,2020-09-09 11:40:26
284,20131958,,,,,1,2020-09-09 11:40:26
285,20130613,,,,,1,2020-09-09 11:40:26
286,20150588,,,,4.0,1,2020-09-09 11:40:26
287,20142877,,,,2.0,1,2020-09-09 11:40:26
288,20123656,,,,4.0,1,2020-09-09 11:40:26
289,20171723,,,,4.0,1,2020-09-09 11:40:26
290,20171703,,,,2.0,1,2020-09-09 11:40:26
291,20150846,,,,,1,2020-09-09 11:40:26
292,20150760,,,,,1,2020-09-09 11:40:26
293,20150699,,,,4.0,1,2020-09-09 11:40:26
294,20171834,,,,4.0,1,2020-09-09 11:40:26
295,20150922,,,,,1,2020-09-09 11:40:26
296,20172962,,,,4.0,1,2020-09-09 11:40:26
297,20162257,,,,4.0,1,2020-09-09 11:40:26
298,20162242,,,,4.0,1,2020-09-09 11:40:26
299,20162277,,,,4.0,1,2020-09-09 11:40:26
300,20172942,,,,2.0,1,2020-09-09 11:40:26
301,20142433,,,,4.0,1,2020-09-09 11:40:26
302,20172366,,,,4.0,1,2020-09-09 11:40:26
303,20172346,,,,4.0,1,2020-09-09 11:40:26
304,20162080,,,,,1,2020-09-09 11:40:26
305,20172619,,,,4.0,1,2020-09-09 11:40:26
306,20120882,,,,,1,2020-09-09 11:40:26
307,20110899,,,,,1,2020-09-09 11:40:26
308,20162833,,,,,1,2020-09-09 11:40:26
309,20160440,,,,,1,2020-09-09 11:40:26
310,20161947,,,,4.0,1,2020-09-09 11:40:26
311,20132879,,,,,1,2020-09-09 11:40:26
312,20141158,,,,4.0,1,2020-09-09 11:40:26
313,20130360,,,,,1,2020-09-09 11:40:26
314,20123292,,,,,1,2020-09-09 11:40:26
315,20172664,,,,,1,2020-09-09 11:40:26
316,20132177,,,,4.0,1,2020-09-09 11:40:26
317,20170079,,,,4.0,1,2020-09-09 11:40:26
318,20171667,,,,4.0,1,2020-09-09 11:40:26
319,20170726,,,,4.0,1,2020-09-09 11:40:26
320,20172013,,,,,1,2020-09-09 11:40:26
321,20170615,,,,4.0,1,2020-09-09 11:40:26
322,20172593,,,,4.0,1,2020-09-09 11:40:26
323,20171829,,,,,1,2020-09-09 11:40:26
324,20170973,,,,4.0,1,2020-09-09 11:40:26
325,20172215,,,,4.0,1,2020-09-09 11:40:26
326,20151318,,,,4.0,1,2020-09-09 11:40:26
327,20172200,,,,2.0,1,2020-09-09 11:40:26
328,20170599,,,,4.0,1,2020-09-09 11:40:26
329,20172139,,,,4.0,1,2020-09-09 11:40:26
330,20121612,,,,4.0,1,2020-09-09 11:40:26
331,20162964,,,,2.0,1,2020-09-09 11:40:26
332,20122735,,,,4.0,1,2020-09-09 11:40:26
333,20131670,,,,2.0,1,2020-09-09 11:40:26
334,20142908,,,,2.0,1,2020-09-09 11:40:26
335,20122255,,,,4.0,1,2020-09-09 11:40:26
336,20141198,,,,2.0,1,2020-09-09 11:40:26
337,20152360,,,,4.0,1,2020-09-09 11:40:26
338,20171869,,,,2.0,1,2020-09-09 11:40:26
339,20141274,,,,4.0,1,2020-09-09 11:40:26
340,20161634,,,,2.0,1,2020-09-09 11:40:26
341,20161705,,,,,1,2020-09-09 11:40:26
342,20172311,,,,2.0,1,2020-09-09 11:40:26
343,20161270,,,,4.0,1,2020-09-09 11:40:26
344,20152719,,,,4.0,1,2020-09-09 11:40:26
345,20141996,,,,,1,2020-09-09 11:40:27
346,20131190,,,,,1,2020-09-09 11:40:27
347,20161629,,,,,1,2020-09-09 11:40:27
348,20152224,,,,,1,2020-09-09 11:40:27
349,20151676,,,,2.0,1,2020-09-09 11:40:27
350,20150048,,,,,1,2020-09-09 11:40:27
351,20172275,,,,,1,2020-09-09 11:40:27
352,20161250,,,,4.0,1,2020-09-09 11:40:27
353,20160859,,,,,1,2020-09-09 11:40:27
354,20171389,,,,4.0,1,2020-09-09 11:40:27
355,20150619,,,,,1,2020-09-09 11:40:27
356,20141087,,,,,1,2020-09-09 11:40:27
357,20141547,,,,4.0,1,2020-09-09 11:40:27
358,20152835,,,,2.0,1,2020-09-09 11:40:27
359,20131781,,,,2.0,1,2020-09-09 11:40:27
360,20140237,,,,4.0,1,2020-09-09 11:40:27
361,20151429,,,,,1,2020-09-09 11:40:27
362,20160208,,,,4.0,1,2020-09-09 11:40:27
363,20120640,,,,4.0,1,2020-09-09 11:40:27
364,20152986,,,,,1,2020-09-09 11:40:27
365,20113178,,,,,1,2020-09-09 11:40:27
366,20171223,,,,,1,2020-09-09 11:40:27
367,20142675,,,,,1,2020-09-09 11:40:27
368,20133770,,,,4.0,1,2020-09-09 11:40:27
369,20162828,,,,2.0,1,2020-09-09 11:40:27
370,20141714,,,,,1,2020-09-09 11:40:27
371,20160157,,,,,1,2020-09-09 11:40:27
372,20161472,,,,,1,2020-09-09 11:40:27
373,20150886,,,,4.0,1,2020-09-09 11:40:27
374,20121758,,,,4.0,1,2020-09-09 11:40:27
375,20100679,,,,,1,2020-09-09 11:40:27
376,20171798,,,,4.0,1,2020-09-09 11:40:27
377,20160091,,,,,1,2020-09-09 11:40:27
378,20142099,,,,4.0,1,2020-09-09 11:40:27
379,20081893,,,,,1,2020-09-09 11:40:27
380,20142493,,,,2.0,1,2020-09-09 11:40:27
381,20151010,,,,,1,2020-09-09 11:40:27
382,20143703,,,,,1,2020-09-09 11:40:27
383,20120771,,,,,1,2020-09-09 11:40:27
384,20172240,,,,,1,2020-09-09 11:40:27
385,20151696,,,,4.0,1,2020-09-09 11:40:27
386,20151747,,,,,1,2020-09-09 11:40:27
387,20151474,,,,4.0,1,2020-09-09 11:40:27
388,20161654,,,,4.0,1,2020-09-09 11:40:27
389,20151378,,,,4.0,1,2020-09-09 11:40:27
390,20161598,,,,2.0,1,2020-09-09 11:40:27
391,20172179,,,,2.0,1,2020-09-09 11:40:27
392,20172851,,,,,1,2020-09-09 11:40:27
393,20171061,,,,,1,2020-09-09 11:40:27
394,20161194,,,,1.0,1,2020-09-09 11:40:27
395,20151787,,,,,1,2020-09-09 11:40:27
396,20161907,,,,,1,2020-09-09 11:40:27
397,20161447,,,,4.0,1,2020-09-09 11:40:27
398,20170226,,,,4.0,1,2020-09-09 11:40:27
399,20162919,,,,,1,2020-09-09 11:40:27
400,20171425,,,,4.0,1,2020-09-09 11:40:27
401,20122573,,,,,1,2020-09-09 11:40:27
402,20170246,,,,4.0,1,2020-09-09 11:40:27
403,20172902,,,,4.0,1,2020-09-09 11:40:27
404,20133432,,,,,1,2020-09-09 11:40:27
405,20143485,,,,2.0,1,2020-09-09 11:40:27
406,20162959,,,,4.0,1,2020-09-09 11:40:27
407,20170271,,,,,1,2020-09-09 11:40:27
408,20170322,,,,,1,2020-09-09 11:40:27
409,20153201,,,,,1,2020-09-09 11:40:27
410,20172866,,,,,1,2020-09-09 11:40:27
411,20170302,,,,4.0,1,2020-09-09 11:40:27
412,20162868,,,,4.0,1,2020-09-09 11:40:27
413,20160046,,,,,1,2020-09-09 11:40:27
414,20163012,,,,4.0,1,2020-09-09 11:40:27
415,20142973,,,,4.0,1,2020-09-09 11:40:27
416,20113032,,,,,1,2020-09-09 11:40:27
417,20112979,,,,,1,2020-09-09 11:40:27
418,20160960,,,,,1,2020-09-09 11:40:27
419,20171298,,,,4.0,1,2020-09-09 11:40:27
420,20170342,,,,4.0,1,2020-09-09 11:40:27
421,20163047,,,,,1,2020-09-09 11:40:27
422,20170660,,,,2.0,1,2020-09-09 11:40:27
423,20150684,,,,,1,2020-09-09 11:40:27
424,20170493,,,,4.0,1,2020-09-09 11:40:27
425,20170059,,,,4.0,1,2020-09-09 11:40:27
426,20172513,,,,4.0,1,2020-09-09 11:40:27
427,20150295,,,,2.0,1,2020-09-09 11:40:27
428,20172811,,,,4.0,1,2020-09-09 11:40:27
429,20170100,,,,,1,2020-09-09 11:40:27
430,20170120,,,,,1,2020-09-09 11:40:27
431,20170211,,,,4.0,1,2020-09-09 11:40:27
432,20103372,,,,,1,2020-09-09 11:40:27
433,20170099,,,,4.0,1,2020-09-09 11:40:27
434,20170195,,,,4.0,1,2020-09-09 11:40:27
435,20150402,,,,,1,2020-09-09 11:40:27
436,20171783,,,,4.0,1,2020-09-09 11:40:27
437,20150073,,,,4.0,1,2020-09-09 11:40:27
438,20170231,,,,2.0,1,2020-09-09 11:40:27
439,20100255,,,,,1,2020-09-09 11:40:27
440,20160102,,,,,1,2020-09-09 11:40:27
441,20160197,,,,,1,2020-09-09 11:40:27
442,20160031,,,,,1,2020-09-09 11:40:27
443,20171001,,,,2.0,1,2020-09-09 11:40:27
444,20172795,,,,3.0,1,2020-09-09 11:40:27
445,20163072,,,,4.0,1,2020-09-09 11:40:28
446,20163052,,,,4.0,1,2020-09-09 11:40:28
447,20180244,,,,4.0,1,2020-09-09 11:40:28
448,20170064,,,,2.0,1,2020-09-09 11:40:28
449,20170115,,,,,1,2020-09-09 11:40:28
450,20170175,,,,4.0,1,2020-09-09 11:40:28
451,20142655,,,,4.0,1,2020-09-09 11:40:28
452,20172775,,,,,1,2020-09-09 11:40:28
453,20172760,,,,,1,2020-09-09 11:40:28
454,20141052,,,,,1,2020-09-09 11:40:28
455,20160975,,,,4.0,1,2020-09-09 11:40:28
456,20160899,,,,4.0,1,2020-09-09 11:40:28
457,20171405,,,,4.0,1,2020-09-09 11:40:28
458,20120660,,,,2.0,1,2020-09-09 11:40:28
459,20162186,,,,2.0,1,2020-09-09 11:40:28
460,20162853,,,,,1,2020-09-09 11:40:28
461,20142377,,,,2.0,1,2020-09-09 11:40:28
462,20170206,,,,2.0,1,2020-09-09 11:40:28
463,20152284,,,,,1,2020-09-09 11:40:28
464,20142519,,,,2.0,1,2020-09-09 11:40:28
465,20160622,,,,2.0,1,2020-09-09 11:40:28
466,20150553,,,,4.0,1,2020-09-09 11:40:28
467,20143107,,,,2.0,1,2020-09-09 11:40:28
468,20132682,,,,4.0,1,2020-09-09 11:40:28
469,20100553,,,,4.0,1,2020-09-09 11:40:28
470,20161432,,,,4.0,1,2020-09-09 11:40:28
471,20142175,,,,4.0,1,2020-09-09 11:40:28
472,20151212,,,,,1,2020-09-09 11:40:28
473,20143314,,,,2.0,1,2020-09-09 11:40:28
474,20143536,,,,4.0,1,2020-09-09 11:40:28
475,20150068,,,,,1,2020-09-09 11:40:28
476,20141936,,,,4.0,1,2020-09-09 11:40:28
477,20171849,,,,4.0,1,2020-09-09 11:40:28
478,20121930,,,,,1,2020-09-09 11:40:28
479,20121849,,,,,1,2020-09-09 11:40:28
480,20142711,,,,2.0,1,2020-09-09 11:40:28
481,20140924,,,,,1,2020-09-09 11:40:28
482,20143743,,,,2.0,1,2020-09-09 11:40:28
483,20143490,,,,,1,2020-09-09 11:40:28
484,20171910,,,,,1,2020-09-09 11:40:28
485,20143218,,,,4.0,1,2020-09-09 11:40:28
486,20132955,,,,,1,2020-09-09 11:40:28
487,20171718,,,,,1,2020-09-09 11:40:28
488,20123636,,,,,1,2020-09-09 11:40:28
489,20171132,,,,4.0,1,2020-09-09 11:40:28
490,20151030,,,,,1,2020-09-09 11:40:28
491,20170635,,,,,1,2020-09-09 11:40:28
492,20172422,,,,,1,2020-09-09 11:40:28
493,20182748,,,,,1,2020-09-09 11:40:28
494,20171192,,,,4.0,1,2020-09-09 11:40:28
495,20162984,,,,,1,2020-09-09 11:40:28
496,20160400,,,,4.0,1,2020-09-09 11:40:28
497,20134075,,,,4.0,1,2020-09-09 11:40:28
498,20123545,,,,,1,2020-09-09 11:40:28
499,20141441,,,,4.0,1,2020-09-09 11:40:28
500,20130673,,,,4.0,1,2020-09-09 11:40:28
501,20133250,,,,4.0,1,2020-09-09 11:40:28
502,20142882,,,,,1,2020-09-09 11:40:28
503,20152057,,,,4.0,1,2020-09-09 11:40:28
504,20131296,,,,,1,2020-09-09 11:40:28
505,20162904,,,,,1,2020-09-09 11:40:28
506,20171238,,,,4.0,1,2020-09-09 11:40:28
507,20142408,,,,2.0,1,2020-09-09 11:40:28
508,20142453,,,,4.0,1,2020-09-09 11:40:28
509,20161169,,,,,1,2020-09-09 11:40:28
510,20152259,,,,2.0,1,2020-09-09 11:40:28
511,20181307,,,,,1,2020-09-09 11:40:28
512,20171970,,,,2.0,1,2020-09-09 11:40:28
513,20172255,,,,,1,2020-09-09 11:40:28
514,20151050,,,,,1,2020-09-09 11:40:28
515,20170771,,,,,1,2020-09-09 11:40:28
516,20171889,,,,,1,2020-09-09 11:40:28
517,20151934,,,,4.0,1,2020-09-09 11:40:28
518,20132622,,,,2.0,1,2020-09-09 11:40:28
519,20102906,,,,,1,2020-09-09 11:40:28
520,20171485,,,,4.0,1,2020-09-09 11:40:28
521,20161972,,,,2.0,1,2020-09-09 11:40:28
522,20172437,,,,,1,2020-09-09 11:40:28
523,20143576,,,,4.0,1,2020-09-09 11:40:28
524,20141532,,,,4.0,1,2020-09-09 11:40:28
525,20152693,,,,,1,2020-09-09 11:40:28
526,20142271,,,,,1,2020-09-09 11:40:28
527,20171450,,,,4.0,1,2020-09-09 11:40:28
528,20142231,,,,4.0,1,2020-09-09 11:40:28
529,20171743,,,,2.0,1,2020-09-09 11:40:28
530,20171283,,,,,1,2020-09-09 11:40:28
531,20162782,,,,4.0,1,2020-09-09 11:40:28
532,20170857,,,,,1,2020-09-09 11:40:28
533,20161790,,,,4.0,1,2020-09-09 11:40:28
534,20132415,,,,,1,2020-09-09 11:40:28
535,20161841,,,,,1,2020-09-09 11:40:28
536,20141254,,,,2.0,1,2020-09-09 11:40:28
537,20110435,,,,3.0,1,2020-09-09 11:40:28
538,20162126,,,,2.0,1,2020-09-09 11:40:28
539,20130931,,,,4.0,1,2020-09-09 11:40:28
540,20151792,,,,,1,2020-09-09 11:40:28
541,20123772,,,,4.0,1,2020-09-09 11:40:28
542,20140035,,,,4.0,1,2020-09-09 11:40:28
543,20130951,,,,2.0,1,2020-09-09 11:40:28
544,20143056,,,,4.0,1,2020-09-09 11:40:28
545,20150497,,,,4.0,1,2020-09-09 11:40:28
546,20172679,,,,2.0,1,2020-09-09 11:40:28
547,20152299,,,,,1,2020-09-09 11:40:28
548,20172755,,,,2.0,1,2020-09-09 11:40:28
549,20140797,,,,4.0,1,2020-09-09 11:40:28
550,20140368,,,,4.0,1,2020-09-09 11:40:28
551,20151136,,,,4.0,1,2020-09-09 11:40:28
552,20150568,,,,2.0,1,2020-09-09 11:40:28
553,20123318,,,,4.0,1,2020-09-09 11:40:28
554,20151732,,,,4.0,1,2020-09-09 11:40:28
555,20140479,,,,,1,2020-09-09 11:40:29
556,20131332,,,,,1,2020-09-09 11:40:29
557,20143001,,,,2.0,1,2020-09-09 11:40:29
558,20150851,,,,4.0,1,2020-09-09 11:40:29
559,20170428,,,,4.0,1,2020-09-09 11:40:29
560,20130895,,,,,1,2020-09-09 11:40:29
561,20161614,,,,,1,2020-09-09 11:40:29
562,20121016,,,,,1,2020-09-09 11:40:29
563,20150371,,,,4.0,1,2020-09-09 11:40:29
564,20151656,,,,2.0,1,2020-09-09 11:40:29
565,20140222,,,,2.0,1,2020-09-09 11:40:29
566,20170453,,,,4.0,1,2020-09-09 11:40:29
567,20180815,,,,4.0,1,2020-09-09 11:40:29
568,20152148,,,,,1,2020-09-09 11:40:29
569,20151858,,,,4.0,1,2020-09-09 11:40:29
570,20151045,,,,,1,2020-09-09 11:40:29
571,20180335,,,,4.0,1,2020-09-09 11:40:29
572,20142206,,,,,1,2020-09-09 11:40:29
573,20170579,,,,4.0,1,2020-09-09 11:40:29
574,20181009,,,,4.0,1,2020-09-09 11:40:29
575,20152108,,,,4.0,1,2020-09-09 11:40:29
576,20151338,,,,4.0,1,2020-09-09 11:40:29
577,20151065,,,,4.0,1,2020-09-09 11:40:29
578,20101292,,,,2.0,1,2020-09-09 11:40:29
579,20142211,,,,4.0,1,2020-09-09 11:40:29
580,20133674,,,,,1,2020-09-09 11:40:29
581,20113294,,,,,1,2020-09-09 11:40:29
582,20171687,,,,4.0,1,2020-09-09 11:40:29
583,20143607,,,,4.0,1,2020-09-09 11:40:29
584,20160071,,,,4.0,1,2020-09-09 11:40:29
585,20112742,,,,,1,2020-09-09 11:40:29
586,20170584,,,,2.0,1,2020-09-09 11:40:29
587,20170377,,,,,1,2020-09-09 11:40:29
588,20161987,,,,4.0,1,2020-09-09 11:40:29
589,20090278,,,,2.0,1,2020-09-09 11:40:29
590,20160900,,,,4.0,1,2020-09-09 11:40:29
591,20132591,,,,,1,2020-09-09 11:40:29
592,20152406,,,,4.0,1,2020-09-09 11:40:29
593,20123898,,,,4.0,1,2020-09-09 11:40:29
594,20161134,,,,2.0,1,2020-09-09 11:40:29
595,20161109,,,,,1,2020-09-09 11:40:29
596,20152744,,,,4.0,1,2020-09-09 11:40:29
597,20150119,,,,2.0,1,2020-09-09 11:40:29
598,20153221,,,,4.0,1,2020-09-09 11:40:29
599,20171501,,,,,1,2020-09-09 11:40:29
600,20162111,,,,4.0,1,2020-09-09 11:40:29
601,20152355,,,,2.0,1,2020-09-09 11:40:29
602,20171521,,,,,1,2020-09-09 11:40:29
603,20151838,,,,4.0,1,2020-09-09 11:40:29
604,20120317,,,,,1,2020-09-09 11:40:29
605,20140424,,,,,1,2020-09-09 11:40:29
606,20150235,,,,,1,2020-09-09 11:40:29
607,20160304,,,,4.0,1,2020-09-09 11:40:29
608,20162419,,,,2.0,1,2020-09-09 11:40:29
609,20142291,,,,4.0,1,2020-09-09 11:40:29
610,20160137,,,,2.0,1,2020-09-09 11:40:29
611,20092196,,,,,1,2020-09-09 11:40:29
612,20163143,,,,,1,2020-09-09 11:40:29
613,20151883,,,,,1,2020-09-09 11:40:29
614,20161301,,,,4.0,1,2020-09-09 11:40:29
615,20170786,,,,,1,2020-09-09 11:40:29
616,20161225,,,,4.0,1,2020-09-09 11:40:29
617,20111730,,,,4.0,1,2020-09-09 11:40:29
618,20142837,,,,4.0,1,2020-09-09 11:40:29
619,20131983,,,,,1,2020-09-09 11:40:29
620,20162499,,,,,1,2020-09-09 11:40:29
621,20133730,,,,4.0,1,2020-09-09 11:40:29
622,20162555,,,,,1,2020-09-09 11:40:29
623,20162444,,,,4.0,1,2020-09-09 11:40:29
624,20143869,,,,4.0,1,2020-09-09 11:40:29
625,20132662,,,,4.0,1,2020-09-09 11:40:29
626,20090990,,,,,1,2020-09-09 11:40:29
627,20162500,,,,,1,2020-09-09 11:40:29
628,20133290,,,,,1,2020-09-09 11:40:29
629,20171147,,,,2.0,1,2020-09-09 11:40:29
630,20143036,,,,4.0,1,2020-09-09 11:40:29
631,20171561,,,,2.0,1,2020-09-09 11:40:29
632,20160773,,,,2.0,1,2020-09-09 11:40:29
633,20143369,,,,4.0,1,2020-09-09 11:40:29
634,20133563,,,,2.0,1,2020-09-09 11:40:29
635,20111210,,,,4.0,1,2020-09-09 11:40:29
636,20150346,,,,,1,2020-09-09 11:40:29
637,20160455,,,,2.0,1,2020-09-09 11:40:29
638,20160935,,,,,1,2020-09-09 11:40:29
639,20150982,,,,,1,2020-09-09 11:40:29
640,20130744,,,,,1,2020-09-09 11:40:29
641,20162146,,,,4.0,1,2020-09-09 11:40:29
642,20151090,,,,2.0,1,2020-09-09 11:40:29
643,20162373,,,,,1,2020-09-09 11:40:29
644,20170559,,,,2.0,1,2020-09-09 11:40:29
645,20151272,,,,2.0,1,2020-09-09 11:40:29
646,20132379,,,,2.0,1,2020-09-09 11:40:29
647,20150457,,,,2.0,1,2020-09-09 11:40:29
648,20161523,,,,,1,2020-09-09 11:40:29
649,20151510,,,,4.0,1,2020-09-09 11:40:29
650,20161245,,,,4.0,1,2020-09-09 11:40:29
651,20172235,,,,4.0,1,2020-09-09 11:40:30
652,20170286,,,,4.0,1,2020-09-09 11:40:30
653,20150477,,,,,1,2020-09-09 11:40:30
654,20162151,,,,,1,2020-09-09 11:40:30
655,20150528,,,,,1,2020-09-09 11:40:30
656,20162015,,,,,1,2020-09-09 11:40:30
657,20172886,,,,,1,2020-09-09 11:40:30
658,20172164,,,,4.0,1,2020-09-09 11:40:30
659,20152875,,,,4.0,1,2020-09-09 11:40:30
660,20170731,,,,4.0,1,2020-09-09 11:40:30
661,20132455,,,,,1,2020-09-09 11:40:30
662,20161114,,,,,1,2020-09-09 11:40:30
663,20161407,,,,2.0,1,2020-09-09 11:40:30
664,20160602,,,,2.0,1,2020-09-09 11:40:30
665,20171021,,,,4.0,1,2020-09-09 11:40:30
666,20172417,,,,,1,2020-09-09 11:40:30
667,20160268,,,,4.0,1,2020-09-09 11:40:30
668,20132359,,,,2.0,1,2020-09-09 11:40:30
669,20161583,,,,2.0,1,2020-09-09 11:40:30
670,20153605,,,,,1,2020-09-09 11:40:30
671,20143849,,,,,1,2020-09-09 11:40:30
672,20170882,,,,4.0,1,2020-09-09 11:40:30
673,20150659,,,,2.0,1,2020-09-09 11:40:30
674,20162282,,,,,1,2020-09-09 11:40:30
675,20170908,,,,4.0,1,2020-09-09 11:40:30
676,20162308,,,,,1,2020-09-09 11:40:30
677,20171369,,,,4.0,1,2020-09-09 11:40:30
678,20171758,,,,4.0,1,2020-09-09 11:40:30
679,20152279,,,,,1,2020-09-09 11:40:30
680,20153034,,,,4.0,1,2020-09-09 11:40:30
681,20152431,,,,,1,2020-09-09 11:40:30
682,20162171,,,,4.0,1,2020-09-09 11:40:30
683,20140297,,,,4.0,1,2020-09-09 11:40:30
684,20172386,,,,4.0,1,2020-09-09 11:40:30
685,20152411,,,,2.0,1,2020-09-09 11:40:30
686,20162999,,,,,1,2020-09-09 11:40:30
687,20163214,,,,4.0,1,2020-09-09 11:40:30
688,20162060,,,,,1,2020-09-09 11:40:30
689,20160637,,,,4.0,1,2020-09-09 11:40:30
690,20172306,,,,,1,2020-09-09 11:40:30
691,20112333,,,,4.0,1,2020-09-09 11:40:30
692,20133972,,,,4.0,1,2020-09-09 11:40:30
693,20150902,,,,4.0,1,2020-09-09 11:40:30
694,20112873,,,,,1,2020-09-09 11:40:30
695,20161967,,,,4.0,1,2020-09-09 11:40:30
696,20152517,,,,4.0,1,2020-09-09 11:40:30
697,20131236,,,,,1,2020-09-09 11:40:30
698,20103741,,,,2.0,1,2020-09-09 11:40:30
699,20100215,,,,2.0,1,2020-09-09 11:40:30
700,20142579,,,,4.0,1,2020-09-09 11:40:30
701,20140131,,,,,1,2020-09-09 11:40:30
702,20160915,,,,2.0,1,2020-09-09 11:40:30
703,20103034,,,,4.0,1,2020-09-09 11:40:30
704,20172644,,,,,1,2020-09-09 11:40:30
705,20130582,,,,4.0,1,2020-09-09 11:40:30
706,20120019,,,,4.0,1,2020-09-09 11:40:30
707,20150780,,,,4.0,1,2020-09-09 11:40:30
708,20150508,,,,2.0,1,2020-09-09 11:40:30
709,20161821,,,,2.0,1,2020-09-09 11:40:30
710,20140853,,,,4.0,1,2020-09-09 11:40:30
711,20171925,,,,,1,2020-09-09 11:40:30
712,20170084,,,,,1,2020-09-09 11:40:30
713,20161356,,,,4.0,1,2020-09-09 11:40:30
714,20181812,,,,,1,2020-09-09 11:40:30
715,20171112,,,,,1,2020-09-09 11:40:30
716,20160713,,,,1.0,1,2020-09-09 11:40:30
717,20131832,,,,,1,2020-09-09 11:40:30
718,20172124,,,,4.0,1,2020-09-09 11:40:30
719,20171627,,,,4.0,1,2020-09-09 11:40:30
720,20170155,,,,,1,2020-09-09 11:40:30
721,20162368,,,,,1,2020-09-09 11:40:30
722,20172477,,,,,1,2020-09-09 11:40:30
723,20160086,,,,4.0,1,2020-09-09 11:40:30
724,20160293,,,,4.0,1,2020-09-09 11:40:30
725,20140777,,,,,1,2020-09-09 11:40:30
726,20162575,,,,,1,2020-09-09 11:40:30
727,20161730,,,,2.0,1,2020-09-09 11:40:30
728,20160480,,,,,1,2020-09-09 11:40:30
729,20151565,,,,,1,2020-09-09 11:40:30
730,20172104,,,,,1,2020-09-09 11:40:30
731,20151621,,,,,1,2020-09-09 11:40:30
732,20170433,,,,4.0,1,2020-09-09 11:40:30
733,20172144,,,,4.0,1,2020-09-09 11:40:30
734,20152153,,,,4.0,1,2020-09-09 11:40:30
735,20122775,,,,,1,2020-09-09 11:40:30
736,20172917,,,,4.0,1,2020-09-09 11:40:30
737,20162313,,,,,1,2020-09-09 11:40:30
738,20150033,,,,2.0,1,2020-09-09 11:40:30
739,20161174,,,,2.0,1,2020-09-09 11:40:30
740,20162873,,,,,1,2020-09-09 11:40:30
741,20170877,,,,4.0,1,2020-09-09 11:40:30
742,20182011,,,,,1,2020-09-09 11:40:30
743,20172008,,,,2.0,1,2020-09-09 11:40:30
744,20170473,,,,4.0,1,2020-09-09 11:40:30
745,20170019,,,,3.0,1,2020-09-09 11:40:30
746,20161230,,,,4.0,1,2020-09-09 11:40:30
747,20161467,,,,,1,2020-09-09 11:40:30
748,20161558,,,,4.0,1,2020-09-09 11:40:30
749,20172922,,,,2.0,1,2020-09-09 11:40:30
750,20170711,,,,,1,2020-09-09 11:40:30
751,20160117,,,,4.0,1,2020-09-09 11:40:30
752,20171763,,,,4.0,1,2020-09-09 11:40:30
753,20161452,,,,,1,2020-09-09 11:40:30
754,20170362,,,,4.0,1,2020-09-09 11:40:30
755,20161538,,,,,1,2020-09-09 11:40:30
756,20160339,,,,,1,2020-09-09 11:40:30
757,20160273,,,,,1,2020-09-09 11:40:31
758,20170408,,,,4.0,1,2020-09-09 11:40:31
759,20134171,,,,2.0,1,2020-09-09 11:40:31
760,20131438,,,,2.0,1,2020-09-09 11:40:31
761,20131261,,,,4.0,1,2020-09-09 11:40:31
762,20141638,,,,4.0,1,2020-09-09 11:40:31
763,20160839,,,,4.0,1,2020-09-09 11:40:31
764,20162626,,,,,1,2020-09-09 11:40:31
765,20152946,,,,4.0,1,2020-09-09 11:40:31
766,20161609,,,,,1,2020-09-09 11:40:31
767,20141456,,,,4.0,1,2020-09-09 11:40:31
768,20161290,,,,,1,2020-09-09 11:40:31
769,20171127,,,,2.0,1,2020-09-09 11:40:31
770,20162393,,,,4.0,1,2020-09-09 11:40:31
771,20161361,,,,4.0,1,2020-09-09 11:40:31
772,20171218,,,,4.0,1,2020-09-09 11:40:31
773,20170897,,,,4.0,1,2020-09-09 11:40:31
774,20171036,,,,4.0,1,2020-09-09 11:40:31
775,20171172,,,,4.0,1,2020-09-09 11:40:31
776,20131903,,,,,1,2020-09-09 11:40:31
777,20132804,,,,,1,2020-09-09 11:40:31
778,20161058,,,,4.0,1,2020-09-09 11:40:31
779,20161341,,,,4.0,1,2020-09-09 11:40:31
780,20160182,,,,,1,2020-09-09 11:40:31
781,20160384,,,,4.0,1,2020-09-09 11:40:31
782,20171096,,,,4.0,1,2020-09-09 11:40:31
783,20170953,,,,,1,2020-09-09 11:40:31
784,20170766,,,,4.0,1,2020-09-09 11:40:31
785,20162671,,,,,1,2020-09-09 11:40:31
786,20171854,,,,,1,2020-09-09 11:40:31
787,20153549,,,,,1,2020-09-09 11:40:31
788,20161038,,,,,1,2020-09-09 11:40:31
789,20171894,,,,4.0,1,2020-09-09 11:40:31
790,20170706,,,,,1,2020-09-09 11:40:31
791,20170822,,,,4.0,1,2020-09-09 11:40:31
792,20120175,,,,4.0,1,2020-09-09 11:40:31
793,20151909,,,,2.0,1,2020-09-09 11:40:31
794,20151616,,,,2.0,1,2020-09-09 11:40:31
795,20171905,,,,4.0,1,2020-09-09 11:40:31
796,20163289,,,,,1,2020-09-09 11:40:31
797,20163138,,,,2.0,1,2020-09-09 11:40:31
798,20162611,,,,4.0,1,2020-09-09 11:40:31
799,20131650,,,,,1,2020-09-09 11:40:31
800,20142928,,,,4.0,1,2020-09-09 11:40:31
801,20153509,,,,,1,2020-09-09 11:40:31
802,20152764,,,,4.0,1,2020-09-09 11:40:31
803,20161992,,,,2.0,1,2020-09-09 11:40:31
804,20151414,,,,4.0,1,2020-09-09 11:40:31
805,20162040,,,,2.0,1,2020-09-09 11:40:31
806,20150280,,,,,1,2020-09-09 11:40:31
807,20171596,,,,,1,2020-09-09 11:40:31
808,20143081,,,,4.0,1,2020-09-09 11:40:31
809,20171692,,,,,1,2020-09-09 11:40:31
810,20151454,,,,4.0,1,2020-09-09 11:40:31
811,20152537,,,,,1,2020-09-09 11:40:31
812,20160066,,,,,1,2020-09-09 11:40:31
813,20160122,,,,,1,2020-09-09 11:40:31
814,20162777,,,,,1,2020-09-09 11:40:31
815,20161285,,,,,1,2020-09-09 11:40:31
816,20130739,,,,4.0,1,2020-09-09 11:40:31
817,20141310,,,,4.0,1,2020-09-09 11:40:31
818,20142317,,,,2.0,1,2020-09-09 11:40:31
819,20151227,,,,,1,2020-09-09 11:40:31
820,20152951,,,,4.0,1,2020-09-09 11:40:31
821,20172700,,,,4.0,1,2020-09-09 11:40:31
822,20122306,,,,2.0,1,2020-09-09 11:40:31
823,20172442,,,,4.0,1,2020-09-09 11:40:31
824,20153089,,,,,1,2020-09-09 11:40:31
825,20151141,,,,2.0,1,2020-09-09 11:40:31
826,20110753,,,,,1,2020-09-09 11:40:31
827,20170968,,,,2.0,1,2020-09-09 11:40:31
828,20130431,,,,,1,2020-09-09 11:40:31
829,20161518,,,,4.0,1,2020-09-09 11:40:31
830,20152173,,,,4.0,1,2020-09-09 11:40:31
831,20163027,,,,,1,2020-09-09 11:40:31
832,20160213,,,,4.0,1,2020-09-09 11:40:31
833,20122437,,,,2.0,1,2020-09-09 11:40:31
834,20142615,,,,4.0,1,2020-09-09 11:40:31
835,20100795,,,,,1,2020-09-09 11:40:31
836,20141845,,,,,1,2020-09-09 11:40:31
837,20151449,,,,4.0,1,2020-09-09 11:40:31
838,20141012,,,,4.0,1,2020-09-09 11:40:31
839,20133518,,,,,1,2020-09-09 11:40:31
840,20143470,,,,,1,2020-09-09 11:40:31
841,20150720,,,,,1,2020-09-09 11:40:31
842,20152542,,,,,1,2020-09-09 11:40:31
843,20151267,,,,1.0,1,2020-09-09 11:40:31
844,20162595,,,,4.0,1,2020-09-09 11:40:31
845,20101676,,,,,1,2020-09-09 11:40:31
846,20150593,,,,2.0,1,2020-09-09 11:40:31
847,20131276,,,,2.0,1,2020-09-09 11:40:31
848,20151303,,,,2.0,1,2020-09-09 11:40:31
849,20161210,,,,,1,2020-09-09 11:40:31
850,20161336,,,,4.0,1,2020-09-09 11:40:31
851,20150826,,,,2.0,1,2020-09-09 11:40:31
852,20123494,,,,,1,2020-09-09 11:40:31
853,20142448,,,,,1,2020-09-09 11:40:32
854,20162651,,,,,1,2020-09-09 11:40:32
855,20152451,,,,2.0,1,2020-09-09 11:40:32
856,20161750,,,,,1,2020-09-09 11:40:32
857,20123489,,,,,1,2020-09-09 11:40:32
858,20172533,,,,2.0,1,2020-09-09 11:40:32
859,20171394,,,,4.0,1,2020-09-09 11:40:32
860,20171076,,,,2.0,1,2020-09-09 11:40:32
861,20151156,,,,,1,2020-09-09 11:40:32
862,20143516,,,,4.0,1,2020-09-09 11:40:32
863,20161674,,,,,1,2020-09-09 11:40:32
864,20153125,,,,2.0,1,2020-09-09 11:40:32
865,20150679,,,,,1,2020-09-09 11:40:32
866,20152880,,,,4.0,1,2020-09-09 11:40:32
867,20120059,,,,4.0,1,2020-09-09 11:40:32
868,20152799,,,,4.0,1,2020-09-09 11:40:32
869,20151818,,,,2.0,1,2020-09-09 11:40:32
870,20162388,,,,4.0,1,2020-09-09 11:40:32
871,20133790,,,,,1,2020-09-09 11:40:32
872,20172220,,,,4.0,1,2020-09-09 11:40:32
873,20171647,,,,2.0,1,2020-09-09 11:40:32
874,20102375,,,,2.0,1,2020-09-09 11:40:32
875,20132051,,,,2.0,1,2020-09-09 11:40:32
876,20152582,,,,4.0,1,2020-09-09 11:40:32
877,20151969,,,,,1,2020-09-09 11:40:32
878,20171016,,,,,1,2020-09-09 11:40:32
879,20171056,,,,4.0,1,2020-09-09 11:40:32
880,20170862,,,,,1,2020-09-09 11:40:32
881,20132268,,,,,1,2020-09-09 11:40:32
882,20151767,,,,2.0,1,2020-09-09 11:40:32
883,20151994,,,,,1,2020-09-09 11:40:32
884,20153069,,,,,1,2020-09-09 11:40:32
885,20170044,,,,,1,2020-09-09 11:40:32
886,20152562,,,,4.0,1,2020-09-09 11:40:32
887,20104091,,,,2.0,1,2020-09-09 11:40:32
888,20162075,,,,2.0,1,2020-09-09 11:40:32
889,20150715,,,,,1,2020-09-09 11:40:32
890,20152113,,,,,1,2020-09-09 11:40:32
891,20151505,,,,,1,2020-09-09 11:40:32
892,20150957,,,,4.0,1,2020-09-09 11:40:32
893,20112313,,,,,1,2020-09-09 11:40:32
894,20132011,,,,,1,2020-09-09 11:40:32
895,20160415,,,,4.0,1,2020-09-09 11:40:32
896,20161785,,,,,1,2020-09-09 11:40:32
897,20170251,,,,,1,2020-09-09 11:40:32
898,20142539,,,,,1,2020-09-09 11:40:32
899,20121081,,,,,1,2020-09-09 11:40:32
900,20133952,,,,,1,2020-09-09 11:40:32
901,20162515,,,,3.0,1,2020-09-09 11:40:32
902,20160288,,,,4.0,1,2020-09-09 11:40:32
903,20160697,,,,4.0,1,2020-09-09 11:40:32
904,20160142,,,,2.0,1,2020-09-09 11:40:32
905,20142559,,,,2.0,1,2020-09-09 11:40:32
906,20161932,,,,2.0,1,2020-09-09 11:40:32
907,20150417,,,,2.0,1,2020-09-09 11:40:32
908,20151570,,,,,1,2020-09-09 11:40:32
909,20142620,,,,,1,2020-09-09 11:40:32
910,20152668,,,,,1,2020-09-09 11:40:32
911,20171167,,,,,1,2020-09-09 11:40:32
912,20152471,,,,,1,2020-09-09 11:40:32
913,20123838,,,,,1,2020-09-09 11:40:32
914,20131034,,,,2.0,1,2020-09-09 11:40:32
915,20131094,,,,4.0,1,2020-09-09 11:40:32
916,20152219,,,,4.0,1,2020-09-09 11:40:32
917,20160768,,,,4.0,1,2020-09-09 11:40:32
918,20140737,,,,,1,2020-09-09 11:40:32
919,20171152,,,,,1,2020-09-09 11:40:32
920,20143501,,,,,1,2020-09-09 11:40:32
921,20160319,,,,2.0,1,2020-09-09 11:40:32
922,20133856,,,,,1,2020-09-09 11:40:32
923,20112060,,,,,1,2020-09-09 11:40:32
924,20160819,,,,2.0,1,2020-09-09 11:40:32
925,20140979,,,,2.0,1,2020-09-09 11:40:32
926,20132571,,,,,1,2020-09-09 11:40:32
927,20102471,,,,,1,2020-09-09 11:40:32
928,20140106,,,,,1,2020-09-09 11:40:32
929,20162484,,,,,1,2020-09-09 11:40:32
930,20133896,,,,,1,2020-09-09 11:40:32
931,20141163,,,,,1,2020-09-09 11:40:32
932,20150255,,,,4.0,1,2020-09-09 11:40:32
933,20160460,,,,,1,2020-09-09 11:40:32
934,20160682,,,,2.0,1,2020-09-09 11:40:32
935,20171374,,,,,1,2020-09-09 11:40:32
936,20142428,,,,2.0,1,2020-09-09 11:40:32
937,20152815,,,,,1,2020-09-09 11:40:32
938,20170928,,,,,1,2020-09-09 11:40:32
939,20143309,,,,4.0,1,2020-09-09 11:40:32
940,20171203,,,,4.0,1,2020-09-09 11:40:32
941,20151898,,,,4.0,1,2020-09-09 11:40:32
942,20141976,,,,4.0,1,2020-09-09 11:40:32
943,20172159,,,,4.0,1,2020-09-09 11:40:32
944,20160879,,,,4.0,1,2020-09-09 11:40:32
945,20120155,,,,2.0,1,2020-09-09 11:40:32
946,20150942,,,,4.0,1,2020-09-09 11:40:32
947,20140888,,,,4.0,1,2020-09-09 11:40:32
948,20161412,,,,4.0,1,2020-09-09 11:40:32
949,20170564,,,,,1,2020-09-09 11:40:32
950,20172699,,,,4.0,1,2020-09-09 11:40:32
951,20173005,,,,,1,2020-09-09 11:40:32
952,20170504,,,,4.0,1,2020-09-09 11:40:32
953,20172826,,,,4.0,1,2020-09-09 11:40:32
954,20170135,,,,4.0,1,2020-09-09 11:40:32
955,20162979,,,,,1,2020-09-09 11:40:32
956,20172806,,,,4.0,1,2020-09-09 11:40:32
957,20172871,,,,4.0,1,2020-09-09 11:40:33
958,20160399,,,,4.0,1,2020-09-09 11:40:33
959,20160379,,,,4.0,1,2020-09-09 11:40:33
960,20153145,,,,,1,2020-09-09 11:40:33
961,20172553,,,,2.0,1,2020-09-09 11:40:33
962,20171430,,,,,1,2020-09-09 11:40:33
963,20170413,,,,,1,2020-09-09 11:40:33
964,20171334,,,,4.0,1,2020-09-09 11:40:33
965,20171536,,,,4.0,1,2020-09-09 11:40:33
966,20171470,,,,4.0,1,2020-09-09 11:40:33
967,20161745,,,,,1,2020-09-09 11:40:33
968,20141143,,,,,1,2020-09-09 11:40:33
969,20170539,,,,4.0,1,2020-09-09 11:40:33
970,20134333,,,,,1,2020-09-09 11:40:33
971,20161816,,,,2.0,1,2020-09-09 11:40:33
972,20162686,,,,,1,2020-09-09 11:40:33
973,20172351,,,,4.0,1,2020-09-09 11:40:33
974,20141552,,,,4.0,1,2020-09-09 11:40:33
975,20170675,,,,,1,2020-09-09 11:40:33
976,20172199,,,,4.0,1,2020-09-09 11:40:33
977,20182248,,,,,1,2020-09-09 11:40:33
978,20150088,,,,,1,2020-09-09 11:40:33
979,20143152,,,,4.0,1,2020-09-09 11:40:33
980,20142488,,,,2.0,1,2020-09-09 11:40:33
981,20121041,,,,,1,2020-09-09 11:40:33
982,20162020,,,,,1,2020-09-09 11:40:33
983,20134237,,,,4.0,1,2020-09-09 11:40:33
984,20162742,,,,4.0,1,2020-09-09 11:40:33
985,20150513,,,,4.0,1,2020-09-09 11:40:33
986,20130704,,,,,1,2020-09-09 11:40:33
987,20101696,,,,,1,2020-09-09 11:40:33
988,20121410,,,,,1,2020-09-09 11:40:33
989,20051455,,,,,1,2020-09-09 11:40:33
990,20142246,,,,,1,2020-09-09 11:40:33
991,20100831,,,,4.0,1,2020-09-09 11:40:33
992,20161396,,,,4.0,1,2020-09-09 11:40:33
993,20141890,,,,2.0,1,2020-09-09 11:40:33
994,20132253,,,,2.0,1,2020-09-09 11:40:33
995,20171041,,,,,1,2020-09-09 11:40:33
996,20170039,,,,2.0,1,2020-09-09 11:40:33
997,20180522,,,,4.0,1,2020-09-09 11:40:33
998,20162702,,,,4.0,1,2020-09-09 11:40:33
999,20132788,,,,2.0,1,2020-09-09 11:40:33
1000,20172891,,,,,1,2020-09-09 11:40:33
1001,20152971,,,,,1,2020-09-09 11:40:33
1002,20172119,,,,2.0,1,2020-09-09 11:40:33
1003,20150533,,,,1.0,1,2020-09-09 11:40:33
1004,20122417,,,,4.0,1,2020-09-09 11:40:33
1005,20160662,,,,4.0,1,2020-09-09 11:40:33
1006,20170524,,,,4.0,1,2020-09-09 11:40:33
1007,20140919,,,,2.0,1,2020-09-09 11:40:33
1008,20161578,,,,,1,2020-09-09 11:40:33
1009,20160011,,,,4.0,1,2020-09-09 11:40:33
1010,20171985,,,,,1,2020-09-09 11:40:33
1011,20151843,,,,,1,2020-09-09 11:40:33
1012,20120953,,,,4.0,1,2020-09-09 11:40:33
1013,20133689,,,,2.0,1,2020-09-09 11:40:33
1014,20172528,,,,4.0,1,2020-09-09 11:40:33
1015,20112439,,,,2.0,1,2020-09-09 11:40:33
1016,20161836,,,,4.0,1,2020-09-09 11:40:33
1017,20161003,,,,,1,2020-09-09 11:40:33
1018,20161801,,,,4.0,1,2020-09-09 11:40:33
1019,20141572,,,,2.0,1,2020-09-09 11:40:33
1020,20162924,,,,2.0,1,2020-09-09 11:40:33
1021,20133078,,,,4.0,1,2020-09-09 11:40:33
1022,20132677,,,,,1,2020-09-09 11:40:33
1023,20122215,,,,4.0,1,2020-09-09 11:40:33
1024,20151949,,,,4.0,1,2020-09-09 11:40:33
1025,20120135,,,,4.0,1,2020-09-09 11:40:33
1026,20112424,,,,,1,2020-09-09 11:40:33
1027,20151181,,,,2.0,1,2020-09-09 11:40:33
1028,20152264,,,,,1,2020-09-09 11:40:33
1029,20163178,,,,2.0,1,2020-09-09 11:40:33
1030,20170620,,,,4.0,1,2020-09-09 11:40:33
1031,20140459,,,,4.0,1,2020-09-09 11:40:33
1032,20131574,,,,4.0,1,2020-09-09 11:40:33
1033,20151636,,,,4.0,1,2020-09-09 11:40:33
1034,20141810,,,,4.0,1,2020-09-09 11:40:33
1035,20163118,,,,4.0,1,2020-09-09 11:40:33
1036,20103918,,,,2.0,1,2020-09-09 11:40:33
1037,20162631,,,,,1,2020-09-09 11:40:33
1038,20160162,,,,4.0,1,2020-09-09 11:40:33
1039,20161189,,,,2.0,1,2020-09-09 11:40:33
1040,20151489,,,,4.0,1,2020-09-09 11:40:33
1041,20171556,,,,,1,2020-09-09 11:40:33
1042,20172326,,,,4.0,1,2020-09-09 11:40:33
1043,20152673,,,,2.0,1,2020-09-09 11:40:33
1044,20142842,,,,,1,2020-09-09 11:40:33
1045,20162055,,,,,1,2020-09-09 11:40:33
1046,20171809,,,,,1,2020-09-09 11:40:33
1047,20152597,,,,,1,2020-09-09 11:40:33
1048,20160788,,,,4.0,1,2020-09-09 11:40:33
1049,20172093,,,,4.0,1,2020-09-09 11:40:33
1050,20162540,,,,4.0,1,2020-09-09 11:40:34
1051,20141901,,,,,1,2020-09-09 11:40:34
1052,20161023,,,,1.0,1,2020-09-09 11:40:34
1053,20163158,,,,2.0,1,2020-09-09 11:40:34
1054,20151358,,,,2.0,1,2020-09-09 11:40:34
1055,20160344,,,,,1,2020-09-09 11:40:34
1056,20160324,,,,4.0,1,2020-09-09 11:40:34
1057,20171672,,,,,1,2020-09-09 11:40:34
1058,20161098,,,,4.0,1,2020-09-09 11:40:34
1059,20161149,,,,,1,2020-09-09 11:40:34
1060,20161205,,,,,1,2020-09-09 11:40:34
1061,20161316,,,,4.0,1,2020-09-09 11:40:34
1062,20152991,,,,2.0,1,2020-09-09 11:40:34
1063,20143298,,,,,1,2020-09-09 11:40:34
1064,20153307,,,,,1,2020-09-09 11:40:34
1065,20160955,,,,,1,2020-09-09 11:40:34
1066,20142473,,,,4.0,1,2020-09-09 11:40:34
1067,20161689,,,,,1,2020-09-09 11:40:34
1068,20100139,,,,,1,2020-09-09 11:40:34
1069,20162353,,,,,1,2020-09-09 11:40:34
1070,20170180,,,,4.0,9,2020-09-23 12:43:08
1071,20172715,,,,4.0,9,2020-09-23 12:43:09
1072,20180057,,,,,9,2020-09-23 12:43:09
1073,20162459,,,,,9,2020-09-23 12:43:10
1074,20182384,,,,,9,2020-09-23 12:43:10
1075,20181847,,,,,9,2020-09-23 12:43:10
1076,20180906,,,,2.0,9,2020-09-23 12:43:12
1077,20180800,,,,4.0,9,2020-09-23 12:43:12
1078,20181923,,,,4.0,9,2020-09-23 12:43:13
1079,20161694,,,,4.0,9,2020-09-23 12:43:13
1080,20182804,,,,2.0,9,2020-09-23 12:43:14
1081,20182682,,,,2.0,9,2020-09-23 12:43:15
1082,20181685,,,,4.0,9,2020-09-23 12:43:15
1083,20180077,,,,,9,2020-09-30 06:39:03
1084,20182046,,,,4.0,9,2020-09-30 06:39:03
1085,20180173,,,,4.0,9,2020-09-30 06:39:04
1086,20182091,,,,4.0,9,2020-09-30 06:39:04
1087,20180926,,,,4.0,9,2020-09-30 06:39:04
1088,20181918,,,,4.0,9,2020-09-30 06:39:05
1089,20182304,,,,4.0,9,2020-09-30 06:39:09
1090,20172846,,,,4.0,9,2020-10-04 03:54:42
1091,20180017,,,,4.0,9,2020-10-07 03:21:05
1092,20180042,,,,4.0,9,2020-10-07 03:21:05
1093,20180840,,,,2.0,9,2020-10-07 03:21:05
1094,20182859,,,,,9,2020-10-07 03:21:05
1095,20181241,,,,,9,2020-10-12 11:25:56
1096,20172831,,,,4.0,9,2020-10-12 11:25:59
1097,20171581,,,,4.0,9,2020-10-12 11:25:59
1098,20170993,,,,4.0,9,2020-10-12 11:25:59
1099,20181029,,,,4.0,9,2020-10-12 11:26:00
1100,20180577,,,,4.0,9,2020-10-12 11:26:01
1101,20181716,,,,4.0,9,2020-10-12 11:26:02
1102,20171632,,,,4.0,9,2020-10-12 11:26:06
1103,20181509,,,,4.0,9,2020-10-19 05:28:51
1104,20181701,,,,4.0,9,2020-10-19 05:28:55
1105,20180971,,,,,9,2020-10-19 05:28:56
1106,20180471,,,,,9,2020-10-29 14:27:50
1107,20182546,,,,,9,2020-10-29 14:27:52
1108,20182117,,,,,9,2020-10-29 14:27:57
1109,20180315,,,,,9,2020-10-29 14:27:57
1110,20172684,,,,,9,2020-10-29 14:27:59
1111,20171258,,,,4.0,9,2020-11-10 10:41:52
1112,20181423,,,,4.0,9,2020-11-10 10:41:52
1113,20143374,,,,4.0,9,2020-11-10 10:41:53
1114,20180204,,,,4.0,9,2020-11-10 10:41:56
1115,20182460,,,,4.0,9,2020-11-10 10:41:59
1116,20163234,,,,2.0,9,2020-11-10 10:41:59
1117,20181554,,,,4.0,9,2020-11-10 10:42:02
1118,20182955,,,,4.0,9,2020-11-10 10:42:04
1119,20171738,,,,4.0,9,2020-11-24 13:39:38
1120,20181529,,,,,9,2020-11-24 13:39:40
1121,20170357,,,,4.0,9,2020-11-24 13:39:40
1122,20180219,,,,4.0,9,2020-11-24 13:39:41
1123,20180875,,,,4.0,9,2020-11-24 13:39:43
1124,20180148,,,,,9,2020-11-24 13:39:45
1125,20180633,,,,,9,2020-11-24 13:39:45
1126,20181034,,,,4.0,9,2020-11-24 13:39:45
1127,20170802,,,,,9,2020-11-24 13:39:46
1128,20172720,,,,2.0,9,2020-11-24 13:39:50
1129,20162717,,,,2.0,9,2020-11-24 13:39:50
1130,20181670,,,,4.0,9,2020-12-03 07:46:40
1131,20180764,,,,,9,2020-12-03 07:46:40
1132,20180648,,,,,9,2020-12-03 07:46:40
1133,20181807,,,,4.0,9,2020-12-03 07:46:40
1134,20162646,,,,2.0,9,2020-12-03 07:46:40
1135,20151494,,,,,9,2020-12-03 07:46:42
1136,20180502,,,,,9,2020-12-03 07:46:43
1137,20181105,,,,2.0,9,2020-12-03 07:46:43
1138,20180380,,,,,9,2020-12-03 07:46:52
1139,20182273,,,,2.0,9,2020-12-11 03:40:45
1140,20181014,,,,4.0,9,2020-12-11 03:40:45
1141,20172740,,,,2.0,9,2020-12-11 03:40:48
1142,20182728,,,,4.0,9,2020-12-11 03:40:48
1143,20182733,,,,4.0,9,2020-12-11 03:40:48
1144,20180951,,,,4.0,9,2020-12-11 03:40:48
1145,20181832,,,,,9,2020-12-11 03:40:48
1146,20170842,,,,2.0,9,2020-12-11 03:40:58
1147,20171950,,,,4.0,9,2020-12-21 09:11:01
1148,20171612,,,,,9,2020-12-21 09:11:01
1149,20170140,,,,2.0,9,2020-12-21 09:11:01
1150,20180128,,,,4.0,9,2020-12-21 09:11:01
1151,20181605,,,,2.0,9,2020-12-21 09:11:01
1152,20180113,,,,4.0,9,2020-12-21 09:11:03
1153,20180193,,,,4.0,9,2020-12-21 09:11:04
1154,20182288,,,,,9,2020-12-21 09:11:05
1155,20180835,,,,4.0,9,2020-12-21 09:11:05
1156,20180688,,,,,9,2020-12-21 09:11:05
1157,20172604,,,,4.0,9,2020-12-21 09:11:05
1158,20180239,,,,2.0,9,2020-12-21 09:11:06
1159,20181261,,,,4.0,9,2020-12-21 09:11:08
1160,20182182,,,,4.0,9,2020-12-21 09:11:09
1161,20180608,,,,4.0,9,2020-12-21 09:11:09
1162,20181776,,,,4.0,9,2020-12-21 09:11:10
1163,20180340,,,,,9,2020-12-21 09:11:11
1164,20182788,,,,4.0,9,2020-12-21 09:11:13
1165,20181347,,,,4.0,9,2020-12-21 09:11:13
1166,20181281,,,,4.0,9,2020-12-21 09:11:13
1167,20181690,,,,4.0,9,2020-12-21 09:11:14
1168,20183114,,,,2.0,9,2020-12-21 09:11:14
1169,20182364,,,,2.0,9,2020-12-21 09:11:15
1170,20181594,,,,,9,2021-01-01 09:31:00
1171,20182344,,,,2.0,9,2021-01-01 09:31:00
1172,20182511,,,,4.0,9,2021-01-01 09:31:00
1173,20181665,,,,,9,2021-01-01 09:31:04
1174,201723,,,,,9,2021-01-01 09:31:08
1175,20190971,,,,,9,2021-01-02 07:43:23
1176,20180719,,,,4.0,9,2021-01-02 07:43:29
1177,20180784,,,,,9,2021-01-06 06:54:22
1178,20171490,,,,4.0,9,2021-01-15 05:02:13
1179,20171187,,,,,9,2021-01-15 05:02:18
1180,20180108,,,,4.0,9,2021-01-22 04:46:35
1181,20181852,,,,4.0,9,2021-01-22 04:46:39
1182,20182268,,,,4.0,9,2021-01-22 04:46:43
1183,20181236,,,,2.0,9,2021-01-28 11:38:42
1184,20180411,,,,4.0,9,2021-01-28 11:38:46
1185,20172048,,,,4.0,9,2021-02-05 04:54:49
1186,20180395,,,,4.0,9,2021-02-05 04:54:49
1187,20180860,,,,4.0,9,2021-02-05 04:54:49
1188,20182440,,,,,9,2021-02-05 04:54:49
1189,20180966,,,,,9,2021-02-05 04:54:49
1190,20180562,,,,4.0,9,2021-02-05 04:54:49
1191,20182708,,,,4.0,9,2021-02-05 04:54:52
1192,20162191,,,,2.0,9,2021-02-05 04:54:58
1193,20181372,,,,4.0,9,2021-02-15 05:52:10
1194,20183134,,,,4.0,9,2021-02-15 05:52:11
1195,20181478,,,,4.0,9,2021-02-15 05:52:14
1196,20182713,,,,,9,2021-02-15 05:52:16
1197,20180880,,,,,9,2021-02-15 05:52:18
1198,20180517,,,,,9,2021-02-15 05:52:20
1199,20182531,,,,,9,2021-02-15 05:52:24
1200,20180284,,,,4.0,9,2021-02-18 05:01:29
1201,20181296,,,,4.0,9,2021-02-18 05:01:29
1202,20180320,,,,4.0,9,2021-03-01 03:13:20
1203,20181589,,,,,9,2021-03-01 03:13:20
1204,20182526,,,,,9,2021-03-01 03:13:20
1205,20180744,,,,,9,2021-03-01 03:13:20
1206,20181443,,,,4.0,9,2021-03-01 03:13:20
1207,20122664,,,,2.0,9,2021-03-01 03:13:30
1208,20182495,,,,,9,2021-03-01 03:13:32
1209,20171278,,,,2.0,9,2021-03-09 06:29:04
1210,20181170,,,,,9,2021-03-09 06:29:04
1211,20182642,,,,4.0,9,2021-03-09 06:29:04
1212,20181438,,,,4.0,9,2021-03-09 06:29:04
1213,20180628,,,,4.0,9,2021-03-09 06:29:07
1214,20181074,,,,4.0,9,2021-03-09 06:29:13
1215,20180062,,,,2.0,9,2021-03-09 06:29:14
1216,20181327,,,,,9,2021-03-09 06:29:14
1217,20182864,,,,,9,2021-03-09 06:29:14
1218,20180991,,,,2.0,9,2021-03-09 06:29:21
1219,20181872,,,,,9,2021-03-09 06:29:22
1220,20171303,,,,,9,2021-03-16 06:48:42
1221,20142195,,,,,9,2021-03-16 06:48:50
1222,20163305,,,,,9,2021-03-16 06:48:53
1223,20181256,,,,4.0,9,2021-03-25 11:37:35
1224,20181943,,,,2.0,9,2021-03-25 11:37:36
1225,20180724,,,,4.0,9,2021-03-25 11:37:37
1226,20180426,,,,,9,2021-03-25 11:37:38
1227,20182637,,,,4.0,9,2021-03-25 11:37:40
1228,20171309,,,,,9,2021-03-25 11:37:42
1229,20180168,,,,,9,2021-03-25 11:37:46
1230,20181352,,,,,9,2021-04-01 08:02:58
1231,201703,,,,,9,2021-04-01 08:03:01
1232,20180259,,,,,9,2021-04-01 08:03:01
1233,20181094,,,,,9,2021-04-01 08:03:05
1234,20182455,,,,,9,2021-04-01 08:03:08
1235,20181761,,,,,9,2021-04-01 08:03:08
1236,20182253,,,,2.0,9,2021-04-01 08:03:12
1237,201817,,,,,9,2021-04-01 08:03:15
1238,201604,,,,,9,2021-04-01 08:03:16
1239,20181721,,,,4.0,9,2021-04-01 08:03:16
1240,20181998,,,,4.0,9,2021-04-19 07:18:25
1241,20182228,,,,4.0,9,2021-04-19 07:18:25
1242,20182319,,,,4.0,9,2021-04-19 07:18:26
1243,20181978,,,,,9,2021-04-19 07:18:26
1244,20180360,,,,2.0,9,2021-04-19 07:18:31
1245,20181574,,,,4.0,9,2021-04-19 07:18:32
1246,20180446,,,,4.0,9,2021-04-19 07:18:42
1247,20182506,,,,4.0,9,2021-04-21 06:59:11
1248,20182359,,,,4.0,9,2021-04-21 06:59:11
1249,20182844,,,,,9,2021-04-21 06:59:16
1250,20182379,,,,2.0,9,2021-04-26 09:16:04
1251,20180153,,,,4.0,9,2021-04-26 09:16:04
1252,20182213,,,,4.0,9,2021-04-26 09:16:09
1253,20181903,,,,2.0,9,2021-05-03 07:02:41
1254,20180466,,,,4.0,9,2021-05-03 07:02:41
1255,20181887,,,,4.0,9,2021-05-03 07:02:46
1256,20182975,,,,3.0,9,2021-05-03 07:02:46
1257,20181645,,,,4.0,9,2021-05-17 02:49:37
1258,20181963,,,,4.0,9,2021-05-17 02:49:41
1259,20180037,,,,4.0,9,2021-05-17 02:49:43
1260,20181165,,,,4.0,9,2021-05-17 02:49:43
1261,20182400,,,,,9,2021-05-17 02:49:57
1262,20171349,,,,,9,2021-05-17 02:50:00
1263,20172573,,,,2.0,9,2021-05-21 08:03:24
1264,20170695,,,,4.0,9,2021-05-21 08:03:29
1265,20180082,,,,4.0,9,2021-05-21 08:03:29
1266,20182420,,,,4.0,9,2021-05-21 08:03:33
1267,20181741,,,,4.0,9,2021-05-21 08:03:33
1268,20181054,,,,4.0,9,2021-05-21 08:03:33
1269,20171965,,,,4.0,9,2021-05-21 08:03:39
1270,20172548,,,,,9,2021-05-21 08:03:43
1271,20181418,,,,4.0,9,2021-06-01 07:06:17
1272,20182899,,,,,9,2021-06-01 07:06:27
1273,20180653,,,,,9,2021-06-10 07:43:21
1274,20172639,,,,4.0,9,2021-06-10 07:43:32
1275,20182586,,,,,9,2021-06-10 07:43:36
1276,20180673,,,,4.0,9,2021-06-15 07:02:45
1277,20181498,,,,4.0,9,2021-06-15 07:02:57
1278,20181625,,,,4.0,9,2021-06-22 05:55:08
1279,20180946,,,,,9,2021-06-30 04:10:55
1280,20183038,,,,4.0,9,2021-06-30 04:10:58
1281,20180355,,,,,9,2021-06-30 04:10:59
1282,20182066,,,,,9,2021-06-30 04:11:06
1283,20161952,,,,,9,2021-06-30 04:11:06
1284,20180759,,,,4.0,9,2021-06-30 04:11:10
1285,20171516,,,,2.0,9,2021-06-30 04:11:13
1286,20182677,,,,4.0,9,2021-06-30 04:11:17
1287,20181221,,,,2.0,9,2021-06-30 04:11:18
1288,20121430,,,,2.0,9,2021-06-30 04:11:19
1289,20180431,,,,,9,2021-07-07 09:14:12
1290,20182697,,,,4.0,9,2021-07-07 09:14:23
1291,20180799,,,,4.0,9,2021-07-15 07:46:59
1292,20181569,,,,,9,2021-07-15 07:47:06
1293,20182102,,,,,9,2021-07-15 07:47:09
1294,20172659,,,,4.0,9,2021-07-27 03:42:39
1295,20170948,,,,,9,2021-07-27 03:42:44
1296,20190782,,,,,9,2021-08-03 05:03:16
1297,20190737,,,,,9,2021-08-03 05:03:17
1298,20191072,,,,4.0,9,2021-08-03 05:03:17
1299,20191729,,,,,9,2021-08-03 05:03:17
1300,20190151,,,,4.0,9,2021-08-03 05:03:20
1301,20190262,,,,4.0,9,2021-08-03 05:03:20
1302,20181630,,,,4.0,9,2021-08-03 05:03:20
1303,20190217,,,,,9,2021-08-03 05:03:21
1304,20191805,,,,,9,2021-08-03 05:03:21
1305,20190095,,,,4.0,9,2021-08-03 05:03:21
1306,20191603,,,,2.0,9,2021-08-03 05:03:23
1307,20191456,,,,4.0,9,2021-08-03 05:03:23
1308,20191921,,,,,9,2021-08-03 05:03:23
1309,20180668,,,,4.0,9,2021-08-03 05:03:26
1310,20181650,,,,2.0,9,2021-08-03 05:03:27
1311,20190520,,,,,9,2021-08-03 05:03:28
1312,20182884,,,,2.0,9,2021-08-03 05:03:28
1313,20182233,,,,4.0,9,2021-08-03 05:03:30
1314,20193096,,,,4.0,9,2021-08-03 05:03:31
1315,20190611,,,,4.0,9,2021-08-03 05:03:31
1316,20182566,,,,4.0,9,2021-08-03 05:03:40
1317,20182324,,,,4.0,9,2021-08-03 05:03:40
1318,20172508,,,,,9,2021-08-06 04:58:28
1319,20190348,,,,,9,2021-08-26 09:52:19
1320,20181110,,,,4.0,9,2021-08-26 09:52:21
1321,20181958,,,,4.0,9,2021-08-26 09:52:26
1322,20181458,,,,4.0,9,2021-09-08 05:47:23
1323,20190131,,,,2.0,9,2021-09-10 09:18:12
1324,20190126,,,,,9,2021-09-10 09:18:18
1325,20192433,,,,4.0,9,2021-09-10 09:18:20
1326,20182768,,,,,9,2021-09-16 10:08:29
1327,20180300,,,,4.0,9,2021-09-16 10:08:29
1328,20190939,,,,,9,2021-09-16 10:08:31
1329,20181049,,,,4.0,9,2021-09-16 10:08:32
1330,20160753,,,,,9,2021-09-16 10:08:33
1331,20182480,,,,,9,2021-09-16 10:08:43
1332,20182086,,,,2.0,9,2021-09-16 10:08:51
1333,20181367,,,,4.0,9,2021-09-16 10:08:55
1334,20192180,,,,4.0,9,2021-09-16 10:09:03
1335,20191390,,,,,9,2021-09-21 13:32:41
1336,20190984,,,,2.0,9,2021-09-21 13:32:43
1337,20180582,,,,4.0,9,2021-09-21 13:32:51
1338,20191789,,,,2.0,9,2021-09-21 13:33:03
1339,20190171,,,,,9,2021-09-30 06:15:24
1340,20190419,,,,4.0,9,2021-09-30 06:15:25
1341,20180486,,,,,9,2021-10-06 10:48:58
1342,20191683,,,,,9,2021-10-14 07:35:23
1343,20181756,,,,,9,2021-10-14 07:35:31
1344,20182051,,,,4.0,9,2021-10-14 07:35:43
1345,20191885,,,,,9,2021-10-27 11:04:55
1346,20181983,,,,4.0,9,2021-10-27 11:04:55
1347,20190904,,,,,9,2021-10-27 11:04:57
1348,20191087,,,,,9,2021-10-27 11:05:00
1349,20182879,,,,4.0,9,2021-10-27 11:05:06
1350,20191274,,,,,9,2021-10-27 11:05:06
1351,20181403,,,,2.0,9,2021-10-27 11:05:09
1352,20192675,,,,,9,2021-10-27 11:05:14
1353,20192302,,,,4.0,9,2021-10-27 11:05:14
1354,20191345,,,,4.0,9,2021-10-27 11:05:14
1355,20192382,,,,,9,2021-10-27 11:05:16
1356,20183058,,,,,9,2021-10-27 11:05:19
1357,20191890,,,,4.0,9,2021-10-27 11:05:34
1358,20182819,,,,4.0,9,2021-11-10 05:18:30
1359,20192413,,,,4.0,9,2021-11-10 05:18:31
1360,20190499,,,,4.0,9,2021-11-10 05:18:39
1361,20190459,,,,4.0,9,2021-11-10 05:18:43
1362,20192857,,,,2.0,9,2021-11-10 05:18:52
1363,20191916,,,,4.0,9,2021-11-10 05:18:53
1364,20191976,,,,,9,2021-11-10 05:18:54
1365,20190999,,,,4.0,9,2021-11-10 05:18:55
1366,20183078,,,,4.0,9,2021-11-10 05:18:55
1367,20182137,,,,,9,2021-11-10 05:18:57
1368,20181534,,,,,9,2021-11-10 05:19:02
1369,20181130,,,,,9,2021-11-18 03:59:17
1370,20192079,,,,,9,2021-11-18 03:59:20
1371,20181125,,,,,9,2021-11-18 03:59:25
1372,20191936,,,,4.0,9,2021-11-18 03:59:27
1373,20180299,,,,4.0,9,2021-11-18 03:59:36
1374,20191441,,,,4.0,9,2021-11-18 03:59:36
1375,20191481,,,,,9,2021-11-18 03:59:59
1376,20192640,,,,,9,2021-11-22 08:25:11
1377,20181483,,,,4.0,9,2021-12-02 06:37:10
1378,20190075,,,,4.0,9,2021-12-02 06:37:10
1379,20191567,,,,4.0,9,2021-12-02 06:37:11
1380,20192660,,,,,9,2021-12-02 06:37:12
1381,20192817,,,,4.0,9,2021-12-02 06:37:15
1382,20191436,,,,4.0,9,2021-12-02 06:37:29
1383,20191294,,,,4.0,9,2021-12-02 06:37:30
1384,20192266,,,,,9,2021-12-02 06:37:35
1385,20192004,,,,,9,2021-12-02 06:37:42
1386,20181549,,,,,9,2021-12-02 06:37:44
1387,20172482,,,,,9,2021-12-08 09:01:02
1388,20191830,,,,4.0,9,2021-12-08 09:01:02
1389,20192933,,,,,9,2021-12-08 09:01:02
1390,20190595,,,,,9,2021-12-08 09:01:02
1391,20191198,,,,,9,2021-12-08 09:01:02
1392,20193076,,,,4.0,9,2021-12-08 09:01:06
1393,20192135,,,,4.0,9,2021-12-08 09:01:15
1394,20191476,,,,4.0,9,2021-12-08 09:01:22
1395,20190166,,,,4.0,9,2021-12-08 09:01:23
1396,20191289,,,,2.0,9,2021-12-08 09:01:25
1397,20190500,,,,4.0,9,2021-12-08 09:01:29
1398,20190080,,,,2.0,9,2021-12-08 09:01:29
1399,20190893,,,,4.0,9,2021-12-08 09:01:31
1400,20190797,,,,2.0,9,2021-12-08 09:01:31
1401,20181201,,,,,9,2021-12-08 09:01:39
1402,20192237,,,,,9,2021-12-08 09:01:40
1403,20192731,,,,4.0,9,2021-12-08 09:01:40
1404,20171463,,,,2.0,9,2021-12-08 09:01:42
1405,20193218,,,,4.0,9,2021-12-14 14:42:13
1406,20192337,,,,4.0,9,2021-12-14 14:42:43
1407,20171465,,,,,9,2021-12-14 14:42:46
1408,20182293,,,,4.0,9,2021-12-23 05:13:59
1409,20182157,,,,4.0,9,2021-12-23 05:13:59
1410,20181827,,,,4.0,9,2021-12-23 05:14:09
1411,20191229,,,,,9,2021-12-23 05:14:10
1412,20182773,,,,,9,2021-12-23 05:14:12
1413,20191234,,,,,9,2021-12-23 05:14:15
1414,20190631,,,,4.0,9,2021-12-23 05:14:26
1415,20190959,,,,,9,2021-12-23 05:14:27
1416,20190575,,,,4.0,9,2021-12-23 05:14:37
1417,20182824,,,,4.0,9,2021-12-23 05:14:39
1418,20191158,,,,,9,2021-12-23 05:14:41
1419,20192246,,,,4.0,9,2021-12-30 03:23:50
1420,20191507,,,,4.0,9,2021-12-30 03:23:50
1421,20192519,,,,4.0,9,2021-12-30 03:24:15
1422,20190015,,,,2.0,9,2021-12-30 03:24:34
1423,20191007,,,,,9,2022-01-16 05:42:10
1424,20192286,,,,4.0,9,2022-01-16 05:42:22
1425,20191143,,,,4.0,9,2022-01-16 05:42:43
1426,20190848,,,,4.0,9,2022-01-17 10:33:32
1427,20190686,,,,4.0,9,2022-01-17 10:33:32
1428,20190297,,,,4.0,9,2022-01-26 04:37:41
1429,20191027,,,,,9,2022-01-26 04:37:57
1430,20190373,,,,,9,2022-01-28 07:49:03
1431,20192473,,,,4.0,9,2022-01-28 07:49:07
1432,20190393,,,,4.0,9,2022-01-28 07:49:27
1433,20191118,,,,,9,2022-01-28 07:49:27
1434,20190484,,,,4.0,9,2022-02-02 06:18:11
1435,20182622,,,,1.0,9,2022-02-02 06:18:18
1436,20190762,,,,,9,2022-02-02 06:18:35
1437,20192579,,,,4.0,9,2022-02-12 12:09:19
1438,20191663,,,,,9,2022-02-12 12:09:31
1439,20192973,,,,4.0,9,2022-02-12 12:09:32
1440,20190873,,,,4.0,9,2022-02-12 12:09:39
1441,20181781,,,,2.0,9,2022-02-12 12:09:39
1442,20181736,,,,4.0,9,2022-02-12 12:09:39
1443,20182839,,,,,9,2022-02-12 12:09:39
1444,20191421,,,,4.0,9,2022-02-12 12:09:41
1445,20192493,,,,,9,2022-02-12 12:09:45
1446,20191870,,,,4.0,9,2022-02-12 12:09:48
1447,20181387,,,,4.0,9,2022-02-12 12:09:54
1448,20191996,,,,,9,2022-02-18 05:47:52
1449,20190742,,,,,9,2022-02-18 05:48:18
1450,20190853,,,,4.0,9,2022-02-18 05:48:19
1451,20191678,,,,4.0,9,2022-02-18 05:48:21
1452,20190691,,,,4.0,9,2022-02-18 05:48:27
1453,20192564,,,,,9,2022-02-18 05:48:31
1454,20190106,,,,,9,2022-03-01 11:33:47
1455,20190479,,,,4.0,9,2022-03-01 11:34:05
1456,20192120,,,,,9,2022-03-01 11:34:14
1457,20192231,,,,,9,2022-03-01 11:34:22
1458,20193036,,,,4.0,9,2022-03-10 08:52:20
1459,20192539,,,,,9,2022-03-10 08:52:21
1460,20180779,,,,,9,2022-03-10 08:52:26
1461,20182662,,,,,9,2022-03-10 08:52:30
1462,20190353,,,,4.0,9,2022-03-10 08:52:41
1463,20192600,,,,4.0,9,2022-03-10 08:52:41
1464,20191749,,,,4.0,9,2022-03-10 08:52:47
1465,20192599,,,,4.0,9,2022-03-17 07:35:54
1466,20192655,,,,4.0,9,2022-03-17 07:36:13
1467,20191305,,,,,9,2022-03-17 07:36:17
1468,20190333,,,,4.0,9,2022-03-17 07:36:21
1469,20191794,,,,2.0,9,2022-03-17 07:36:30
1470,20192504,,,,,9,2022-03-24 05:25:07
1471,20190328,,,,4.0,9,2022-03-24 05:25:09
1472,20190606,,,,,9,2022-03-24 05:25:11
1473,20190777,,,,4.0,9,2022-03-24 05:25:29
1474,20191269,,,,,9,2022-03-24 05:25:41
1475,20191643,,,,,9,2022-03-24 05:25:47
1476,20172462,,,,4.0,9,2022-03-24 05:25:48
1477,20192397,,,,,9,2022-03-31 11:39:04
1478,20191956,,,,4.0,9,2022-03-31 11:39:06
1479,20192771,,,,4.0,9,2022-03-31 11:39:19
1480,20190277,,,,4.0,9,2022-03-31 11:39:23
1481,20191254,,,,4.0,9,2022-03-31 11:39:23
1482,20191825,,,,,9,2022-03-31 11:39:33
1483,20192680,,,,4.0,9,2022-04-08 08:44:58
1484,20191138,,,,4.0,9,2022-04-08 08:45:02
1485,20191401,,,,4.0,9,2022-04-08 08:45:13
1486,20191532,,,,,9,2022-04-08 08:45:14
1487,20190671,,,,4.0,9,2022-04-13 09:52:41
1488,20190580,,,,,9,2022-04-13 09:52:41
1489,20191214,,,,,9,2022-04-13 09:52:57
1490,20181069,,,,4.0,9,2022-04-13 09:52:58
1491,20190060,,,,,9,2022-04-13 09:52:58
1492,20191178,,,,,9,2022-04-13 09:52:59
1493,20182415,,,,4.0,9,2022-04-13 09:52:59
1494,20190979,,,,4.0,9,2022-04-13 09:53:12
1495,20192100,,,,,9,2022-04-13 09:53:19
1496,20192155,,,,,9,2022-04-13 09:53:20
1497,20192160,,,,4.0,9,2022-04-13 09:53:21
1498,20191981,,,,4.0,9,2022-05-04 04:15:19
1499,20190813,,,,4.0,9,2022-05-04 04:15:20
1500,20190626,,,,,9,2022-05-04 04:15:22
1501,20192524,,,,4.0,9,2022-05-04 04:15:31
1502,20191163,,,,4.0,9,2022-05-04 04:15:37
1503,20193192,,,,4.0,9,2022-05-04 04:15:40
1504,20192751,,,,,9,2022-05-04 04:15:40
1505,20192544,,,,,9,2022-05-04 04:15:45
1506,20173045,,,,4.0,9,2022-05-04 04:15:47
1507,20190919,,,,,9,2022-05-12 12:17:50
1508,20190368,,,,,9,2022-05-12 12:17:50
1509,20193056,,,,,9,2022-05-12 12:17:50
1510,20182571,,,,4.0,9,2022-05-12 12:17:50
1511,20182935,,,,4.0,9,2022-05-12 12:17:53
1512,20191850,,,,4.0,9,2022-05-12 12:17:56
1513,20191461,,,,,9,2022-05-12 12:18:01
1514,20192695,,,,4.0,9,2022-05-12 12:18:03
1515,20190202,,,,4.0,9,2022-05-12 12:18:03
1516,20190535,,,,4.0,9,2022-05-12 12:18:19
1517,20191527,,,,,9,2022-05-12 12:18:22
1518,20192251,,,,,9,2022-05-20 07:28:09
1519,20191123,,,,,9,2022-05-20 07:28:14
1520,20190646,,,,4.0,9,2022-05-20 07:28:16
1521,20180739,,,,4.0,9,2022-05-20 07:28:23
1522,20192140,,,,3.0,9,2022-05-20 07:28:27
1523,20190388,,,,2.0,9,2022-05-20 07:28:31
1524,20192837,,,,,9,2022-05-20 07:28:31
1525,20191032,,,,4.0,9,2022-05-20 07:28:31
1526,20190651,,,,4.0,9,2022-05-20 07:28:36
1527,20193016,,,,4.0,9,2022-05-20 07:28:36
1528,20192488,,,,,9,2022-05-20 07:28:47
1529,20192953,,,,,9,2022-05-20 07:28:47
1530,20173065,,,,,9,2022-05-20 07:28:54
1531,20182753,,,,,38,2022-05-25 11:00:01
1532,20182900,,,,,9,2022-06-01 18:25:38
1533,20191709,,,,,9,2022-06-01 18:25:43
1534,20190444,,,,,9,2022-06-01 18:26:10
1535,20192362,,,,,9,2022-06-08 11:17:03
1536,20192468,,,,4.0,9,2022-06-08 11:17:10
1537,20191092,,,,,9,2022-06-08 11:17:34
1538,20191658,,,,,38,2022-06-16 11:49:02
1539,20191052,,,,4.0,38,2022-06-16 11:49:15
1540,20190888,,,,4.0,38,2022-06-16 11:49:28
1541,20192291,,,,,38,2022-06-16 11:49:31
1542,20190722,,,,4.0,9,2022-06-23 12:08:12
1543,20182915,,,,4.0,9,2022-06-23 12:08:26
1544,20192791,,,,4.0,9,2022-06-23 12:08:35
1545,20190757,,,,4.0,38,2022-07-02 02:28:36
1546,20192357,,,,4.0,38,2022-07-02 02:28:53
1547,20190506,,,,,9,2022-07-13 11:14:51
1548,20190424,,,,,9,2022-07-13 11:15:13
1549,20190560,,,,,9,2022-07-21 08:32:51
1550,20192039,,,,4.0,38,2022-07-27 11:54:46
1551,20200138,,,,,38,2022-07-27 11:54:49
1552,20200163,,,,4.0,38,2022-07-27 11:54:49
1553,20200729,,,,,38,2022-07-27 11:54:52
1554,20200198,,,,4.0,38,2022-07-27 11:54:52
1555,20190464,,,,4.0,38,2022-07-27 11:54:54
1556,20191714,,,,4.0,38,2022-07-27 11:54:56
1557,20193132,,,,4.0,38,2022-07-27 11:54:57
1558,20200587,,,,,38,2022-07-27 11:54:58
1559,20190808,,,,,38,2022-07-27 11:55:05
1560,20202001,,,,,38,2022-07-27 11:55:17
1561,20201579,,,,4.0,38,2022-07-27 11:55:17
1562,20202687,,,,2.0,38,2022-07-27 11:55:18
1563,20190191,,,,4.0,38,2022-07-27 11:55:21
1564,20192211,,,,4.0,38,2022-07-27 11:55:22
1565,20192064,,,,,38,2022-07-27 11:55:31
1566,20190439,,,,,38,2022-07-27 11:55:35
1567,20192115,,,,4.0,38,2022-07-27 11:55:37
1568,20200294,,,,4.0,38,2022-07-27 11:55:38
1569,20201024,,,,4.0,38,2022-07-27 11:55:39
1570,20192584,,,,4.0,38,2022-07-27 11:55:45
1571,20192059,,,,4.0,38,2022-08-03 16:04:22
1572,20190035,,,,4.0,38,2022-08-10 11:32:44
1573,20192726,,,,,38,2022-08-18 10:04:50
1574,20192019,,,,4.0,38,2022-08-24 16:11:35
1575,20192175,,,,,38,2022-08-24 16:11:46
1576,20201468,,,,4.0,38,2022-08-24 16:11:48
1577,20191941,,,,4.0,38,2022-09-01 03:44:42
1578,20191845,,,,4.0,38,2022-09-01 03:45:24
1579,20202298,,,,4.0,38,2022-09-08 08:37:31
1580,20190555,,,,4.0,38,2022-09-14 11:47:00
1581,20191183,,,,,38,2022-09-14 11:47:01
1582,20202647,,,,,38,2022-09-14 11:47:01
1583,20200845,,,,4.0,38,2022-09-14 11:47:25
1584,20201428,,,,4.0,38,2022-09-14 11:47:26
1585,20192408,,,,4.0,38,2022-09-14 11:47:30
1586,20192084,,,,,38,2022-09-14 11:47:35
1587,20201488,,,,,38,2022-09-14 11:47:43
1588,20191547,,,,4.0,38,2022-09-14 11:48:01
1589,20200603,,,,,38,2022-09-21 12:00:40
1590,20200118,,,,,38,2022-09-21 12:00:49
1591,20192746,,,,,38,2022-09-21 12:01:44
1592,20203033,,,,,38,2022-09-29 10:59:45
1593,20202985,,,,,38,2022-09-29 11:00:39
1594,20200714,,,,,38,2022-10-12 12:47:13
1595,20202703,,,,,38,2022-10-12 12:47:17
1596,20200623,,,,4.0,38,2022-10-12 12:47:23
1597,20202243,,,,4.0,38,2022-10-12 12:47:24
1598,20200310,,,,,38,2022-10-12 12:47:24
1599,20200027,,,,4.0,38,2022-10-12 12:47:24
1600,20200683,,,,,38,2022-10-12 12:47:33
1601,20202258,,,,,38,2022-10-12 12:47:53
1602,20202930,,,,4.0,38,2022-10-12 12:47:53
1603,20201140,,,,,38,2022-10-12 12:47:56
1604,20201897,,,,,38,2022-10-12 12:48:15
1605,20200209,,,,4.0,38,2022-10-12 12:48:21
1606,20190717,,,,,38,2022-10-13 10:35:45
1607,20192099,,,,2.0,38,2022-10-13 10:36:01
1608,20200350,,,,,38,2022-10-20 05:38:28
1609,20201731,,,,4.0,38,2022-10-26 11:55:45
1610,20200143,,,,4.0,38,2022-10-26 11:55:58
1611,20190944,,,,,38,2022-10-26 11:56:04
1612,20190924,,,,4.0,38,2022-10-26 11:56:06
1613,20200885,,,,4.0,38,2022-10-26 11:56:08
1614,20201382,,,,,38,2022-10-26 11:56:08
1615,20191769,,,,4.0,38,2022-10-26 11:56:34
1616,20200754,,,,4.0,38,2022-10-26 11:56:34
1617,20201766,,,,,38,2022-10-26 11:56:52
1618,20200269,,,,,38,2022-11-02 11:59:54
1619,20202334,,,,,38,2022-11-09 10:02:09
1620,20200996,,,,,38,2022-11-16 09:48:57
1621,20192453,,,,,38,2022-11-16 09:48:57
1622,20200052,,,,,38,2022-11-16 09:49:06
1623,20203295,,,,,38,2022-11-16 09:49:08
1624,20191810,,,,,38,2022-11-16 09:49:16
1625,20190020,,,,4.0,38,2022-11-23 11:17:28
1626,20190040,,,,,38,2022-11-23 11:17:29
1627,20192342,,,,4.0,38,2022-11-23 11:17:32
1628,20200158,,,,,38,2022-12-01 04:42:42
1629,20203311,,,,,38,2022-12-01 04:42:57
1630,20203028,,,,,38,2022-12-01 04:42:59
1631,20201751,,,,4.0,38,2022-12-01 04:43:06
1632,20201695,,,,,38,2022-12-01 04:43:33
1633,20203088,,,,4.0,38,2022-12-01 04:43:51
1634,20201680,,,,4.0,38,2022-12-08 07:29:41
1635,20202541,,,,4.0,38,2022-12-08 07:29:41
1636,20201206,,,,,38,2022-12-08 07:29:41
1637,20190868,,,,4.0,38,2022-12-08 07:29:41
1638,20192206,,,,,38,2022-12-08 07:29:41
1639,20201584,,,,,38,2022-12-08 07:29:56
1640,20200825,,,,4.0,38,2022-12-08 07:29:57
1641,20200183,,,,,38,2022-12-08 07:30:01
1642,20201473,,,,4.0,38,2022-12-08 07:30:07
1643,20200567,,,,,38,2022-12-08 07:30:08
1644,20202607,,,,,38,2022-12-08 07:30:30
1645,20202389,,,,,38,2022-12-08 07:30:34
1646,20201706,,,,,38,2022-12-08 07:30:37
1647,20190282,,,,,38,2022-12-08 07:30:54
1648,20201084,,,,,38,2022-12-08 07:31:08
1649,20203068,,,,,38,2022-12-16 05:07:42
1650,20202889,,,,,38,2022-12-21 08:40:40
1651,20180855,,,,4.0,38,2022-12-21 08:41:03
1652,20201337,,,,,38,2022-12-21 08:41:07
1653,20200698,,,,4.0,38,2022-12-30 03:16:53
1654,20203331,,,,4.0,38,2022-12-30 03:16:53
1655,20203371,,,,4.0,38,2022-12-30 03:16:54
1656,20201115,,,,,38,2022-12-30 03:17:43
1657,20203144,,,,,38,2022-12-30 03:17:50
1658,20181938,,,,,38,2023-01-11 09:19:55
1659,20202349,,,,,38,2023-01-11 09:20:02
1660,20201599,,,,,38,2023-01-11 09:20:05
1661,20202263,,,,4.0,38,2023-01-11 09:20:05
1662,20200865,,,,,38,2023-01-11 09:20:09
1663,20201519,,,,4.0,38,2023-01-19 05:40:42
1664,20202718,,,,4.0,38,2023-01-19 05:41:10
1665,20201120,,,,4.0,38,2023-01-19 05:41:15
1666,20200214,,,,2.0,38,2023-01-26 05:44:24
1667,20200441,,,,,38,2023-01-26 05:44:24
1668,20192620,,,,2.0,38,2023-01-26 05:44:53
1669,20193152,,,,,38,2023-02-01 04:39:45
1670,20202223,,,,,38,2023-02-01 04:39:57
1671,20203417,,,,,38,2023-02-01 04:40:04
1672,20201064,,,,4.0,38,2023-02-01 04:40:05
1673,20200961,,,,,38,2023-02-01 04:40:05
1674,20203391,,,,,38,2023-02-01 04:40:18
1675,20201620,,,,4.0,38,2023-02-01 04:40:31
1676,20203124,,,,,38,2023-02-01 04:40:42
1677,20201433,,,,,9,2023-02-05 04:21:40
1678,20201039,,,,,9,2023-02-05 04:21:51
1679,20200512,,,,,9,2023-02-05 04:22:05
1680,20202814,,,,4.0,9,2023-02-08 08:50:12
1681,20201408,,,,4.0,9,2023-02-08 08:50:45
1682,20200087,,,,4.0,9,2023-02-08 08:51:02
1683,20202834,,,,,38,2023-02-16 09:16:06
1684,20202627,,,,,38,2023-02-16 09:16:07
1685,20202516,,,,4.0,38,2023-02-16 09:16:10
1686,20200916,,,,,38,2023-02-16 09:16:12
1687,20201640,,,,2.0,38,2023-02-16 09:16:17
1688,20203048,,,,4.0,38,2023-02-16 09:16:29
1689,20203351,,,,,38,2023-02-16 09:16:29
1690,20191572,,,,,38,2023-02-16 09:16:31
1691,20202283,,,,4.0,38,2023-02-16 09:16:36
1692,20202869,,,,4.0,38,2023-02-16 09:16:49
1693,20202763,,,,4.0,38,2023-02-16 09:17:10
1694,20202405,,,,,38,2023-02-16 09:17:14
1695,20200330,,,,4.0,38,2023-02-22 03:22:18
1696,20201660,,,,,38,2023-02-24 10:06:46
1697,20201342,,,,4.0,38,2023-02-24 10:07:19
1698,20200289,,,,2.0,38,2023-02-24 10:07:22
1699,20202798,,,,,38,2023-03-02 09:47:39
1700,20201377,,,,,38,2023-03-02 09:47:42
1701,20200092,,,,,38,2023-03-02 09:47:49
1702,20201271,,,,,38,2023-03-02 09:48:03
1703,20201771,,,,4.0,38,2023-03-02 09:48:15
1704,20201655,,,,,38,2023-03-02 09:48:15
1705,20203104,,,,4.0,38,2023-03-02 09:48:16
1706,20203184,,,,,38,2023-03-02 09:48:23
1707,20200941,,,,4.0,38,2023-03-02 09:48:26
1708,20202596,,,,,38,2023-03-02 09:48:28
1709,20200305,,,,,38,2023-03-02 09:48:46
1710,20202829,,,,,38,2023-03-02 09:48:54
1711,20203139,,,,,38,2023-03-02 09:48:55
1712,20201362,,,,4.0,38,2023-03-09 10:56:03
1713,20202612,,,,,38,2023-03-09 10:56:07
1714,20201231,,,,4.0,38,2023-03-09 10:56:31
1715,20200234,,,,,38,2023-03-09 10:56:34
1716,20200249,,,,4.0,38,2023-03-09 10:56:35
1717,20202470,,,,,38,2023-03-09 10:56:37
1718,20201180,,,,,38,2023-03-17 10:56:08
1719,20200032,,,,4.0,38,2023-03-17 10:56:09
1720,20200870,,,,,38,2023-03-17 10:56:14
1721,20201746,,,,4.0,38,2023-03-17 10:56:24
1722,20202278,,,,,38,2023-03-17 10:56:28
1723,20202329,,,,,38,2023-03-17 10:56:45
1724,20200890,,,,,38,2023-03-17 10:56:48
1725,20181610,,,,,38,2023-03-17 10:57:03
1726,20202369,,,,,38,2023-03-17 10:57:04
1727,20191067,,,,3.0,38,2023-03-17 10:57:05
1728,20200325,,,,4.0,38,2023-03-17 10:57:06
1729,20202783,,,,4.0,38,2023-03-17 10:57:08
1730,20203179,,,,4.0,38,2023-03-17 10:57:11
1731,20200658,,,,,38,2023-03-17 10:57:12
1732,20200921,,,,4.0,38,2023-03-22 08:23:22
1733,201925,,,,,38,2023-03-29 09:40:47
1734,20202667,,,,2.0,38,2023-04-05 10:53:17
1735,20202778,,,,,38,2023-04-05 10:53:17
1736,20200572,,,,,38,2023-04-05 10:53:32
1737,20200749,,,,,38,2023-04-05 10:53:48
1738,20202490,,,,4.0,38,2023-04-05 10:53:49
1739,20201195,,,,,38,2023-04-05 10:53:57
1740,20201711,,,,,38,2023-04-05 10:54:08
1741,20200774,,,,4.0,38,2023-04-05 10:54:22
1742,20201100,,,,4.0,38,2023-04-05 10:54:41
1743,20202894,,,,,38,2023-04-14 03:45:46
1744,20201059,,,,4.0,38,2023-04-14 03:46:16
1745,20201453,,,,4.0,38,2023-04-14 03:46:37
1746,20201317,,,,4.0,38,2023-04-20 06:22:17
1747,20202056,,,,,38,2023-04-20 06:22:18
1748,20192226,,,,4.0,38,2023-04-20 06:22:18
1749,20201600,,,,4.0,38,2023-04-20 06:22:19
1750,20200496,,,,,38,2023-04-20 06:22:21
1751,20202849,,,,,38,2023-04-20 06:22:47
1752,20200547,,,,4.0,38,2023-04-20 06:23:00
1753,20202581,,,,2.0,38,2023-04-20 06:23:25
1754,20202536,,,,,38,2023-04-20 06:23:28
1755,20142802,,,,2.0,38,2023-04-23 07:42:13
1756,20191754,,,,2.0,38,2023-05-03 11:02:19
1757,20191734,,,,,38,2023-05-03 11:02:19
1758,20201539,,,,4.0,38,2023-05-03 11:02:41
1759,20201524,,,,,38,2023-05-03 11:02:43
1760,20200805,,,,4.0,38,2023-05-03 11:02:44
1761,20201913,,,,4.0,38,2023-05-03 11:02:50
1762,20200850,,,,,38,2023-05-03 11:03:16
1763,20201564,,,,4.0,38,2023-05-03 11:03:17
1764,20202152,,,,,38,2023-05-03 11:03:43
1765,20201988,,,,4.0,38,2023-05-03 11:03:53
1766,20200678,,,,4.0,38,2023-05-11 06:26:21
1767,20202132,,,,,38,2023-05-11 06:26:34
1768,20202945,,,,,38,2023-05-11 06:26:44
1769,20202127,,,,4.0,38,2023-05-11 06:26:49
1770,20201357,,,,,38,2023-05-11 06:27:11
1771,20201155,,,,4.0,38,2023-05-11 06:27:24
1772,20202576,,,,,38,2023-05-11 06:27:25
1773,20192317,,,,4.0,38,2023-05-18 06:50:04
1774,20200734,,,,,38,2023-05-18 06:50:51
1775,20200638,,,,,38,2023-05-18 06:50:58
1776,20201413,,,,,38,2023-05-18 06:51:08
1777,20200274,,,,,38,2023-05-22 02:23:36
1778,20200012,,,,,38,2023-05-22 02:24:53
1779,20190313,,,,,38,2023-05-26 09:37:53
1780,20200789,,,,,38,2023-06-02 03:59:15
1781,20201822,,,,4.0,38,2023-06-02 03:59:40
1782,20201786,,,,4.0,38,2023-06-02 03:59:52
1783,20201802,,,,4.0,38,2023-06-02 03:59:52
1784,20201246,,,,4.0,38,2023-06-02 04:00:11
1785,20202501,,,,4.0,38,2023-06-02 04:00:11
1786,20202394,,,,,38,2023-06-02 04:00:12
1787,20203240,,,,,38,2023-06-02 04:00:43
1788,20200123,,,,,38,2023-06-07 11:53:09
1789,20200592,,,,4.0,38,2023-06-16 05:16:48
1790,20201099,,,,,38,2023-06-16 05:17:12
1791,20202970,,,,2.0,38,2023-06-16 05:17:32
1792,20202354,,,,4.0,38,2023-06-16 05:17:32
1793,20192706,,,,4.0,38,2023-07-05 12:53:13
1794,20203119,,,,,38,2023-07-05 12:53:27
1795,20203260,,,,,38,2023-07-05 12:54:18
1796,20202758,,,,,38,2023-07-05 12:54:28
1797,20202556,,,,4.0,38,2023-07-05 12:54:50
1798,20202652,,,,,38,2023-07-05 12:54:53
1799,20191638,,,,,38,2023-07-27 23:37:38
1800,20211724,,,,4.0,38,2023-07-27 23:37:39
1801,20201397,,,,4.0,38,2023-07-27 23:37:41
1802,20210525,,,,,38,2023-07-27 23:37:47
1803,20210489,,,,,38,2023-07-27 23:37:49
1804,20210025,,,,,38,2023-07-27 23:37:50
1805,20200254,,,,4.0,38,2023-07-27 23:37:51
1806,20202172,,,,4.0,38,2023-07-27 23:37:57
1807,20200416,,,,,38,2023-07-27 23:38:05
1808,20203457,,,,,38,2023-07-27 23:38:12
1809,20201211,,,,,38,2023-07-27 23:38:36
1810,20211880,,,,4.0,38,2023-07-27 23:38:36
1811,20202925,,,,,38,2023-08-04 10:56:48
1812,20202192,,,,,38,2023-08-04 10:56:50
1813,20202854,,,,,38,2023-08-04 10:57:11
1814,20201493,,,,2.0,38,2023-08-04 10:57:14
1815,20203093,,,,,38,2023-08-04 10:57:54
1816,20203053,,,,4.0,38,2023-08-12 04:15:23
1817,20202203,,,,,38,2023-08-12 04:16:05
1818,20202167,,,,,38,2023-08-24 10:01:16
1819,20203280,,,,4.0,38,2023-08-24 10:01:18
1820,20200229,,,,,38,2023-08-24 10:01:18
1821,20201928,,,,4.0,38,2023-08-24 10:01:19
1822,20212190,,,,4.0,38,2023-08-24 10:01:23
1823,20200794,,,,,38,2023-08-24 10:01:24
1824,20202910,,,,,38,2023-08-24 10:01:25
1825,20200370,,,,4.0,38,2023-08-24 10:01:47
1826,20210156,,,,4.0,38,2023-08-24 10:01:49
1827,20202374,,,,4.0,38,2023-08-24 10:01:52
1828,20191012,,,,4.0,38,2023-08-24 10:02:03
1829,20202874,,,,,38,2023-08-24 10:02:33
1830,20202723,,,,,38,2023-08-24 10:02:39
1831,20192802,,,,4.0,38,2023-09-21 12:37:32
1832,20211002,,,,,38,2023-09-29 06:12:52
1833,20210989,,,,,38,2023-09-29 06:12:58
1834,20211082,,,,4.0,38,2023-09-29 06:12:58
1835,20210121,,,,,38,2023-09-29 06:13:19
1836,20211108,,,,4.0,38,2023-09-29 06:13:25
1837,20200507,,,,,38,2023-09-29 06:14:11
1838,20210207,,,,,38,2023-10-05 10:41:24
1839,20212529,,,,,38,2023-10-05 10:41:24
1840,20212281,,,,,38,2023-10-05 10:42:50
1841,20210641,,,,,38,2023-10-13 09:21:42
1842,20203200,,,,,38,2023-10-13 09:22:28
1843,20211264,,,,4.0,38,2023-10-13 09:22:34
1844,20200709,,,,,38,2023-10-13 09:22:36
1845,20210969,,,,,38,2023-10-13 09:22:37
1846,20202218,,,,4.0,38,2023-10-13 09:22:58
1847,20202485,,,,,38,2023-10-13 09:23:01
1848,20210858,,,,4.0,38,2023-10-13 09:23:07
1849,20202430,,,,,38,2023-10-13 09:23:18
1850,20201615,,,,,38,2023-10-21 05:27:31
1851,20201226,,,,4.0,38,2023-10-21 05:27:58
1852,20203073,,,,,38,2023-10-26 10:56:14
1853,20210565,,,,,38,2023-10-26 10:56:28
1854,20212054,,,,,38,2023-10-26 10:56:42
1855,20173101,,,,,38,2023-10-26 10:56:59
1856,20203497,,,,4.0,38,2023-10-26 10:57:23
1857,20202632,,,,,38,2023-11-01 13:24:17
1858,20210414,,,,,38,2023-11-08 10:48:22
1859,20211799,,,,,38,2023-11-08 10:48:49
1860,20201004,,,,,38,2023-11-19 04:23:13
1861,20211951,,,,,38,2023-11-19 04:24:18
1862,20211946,,,,4.0,38,2023-11-19 04:24:23
1863,20211860,,,,,38,2023-11-19 04:24:24
1864,20203159,,,,,38,2023-11-19 04:24:34
1865,20210954,,,,,38,2023-11-30 09:30:52
1866,20211193,,,,,38,2023-11-30 09:30:59
1867,20201019,,,,4.0,38,2023-11-30 09:31:02
1868,20203255,,,,,38,2023-11-30 09:31:07
1869,20210176,,,,,38,2023-11-30 09:31:17
1870,20211188,,,,,38,2023-11-30 09:31:26
1871,20210065,,,,,38,2023-11-30 09:31:36
1872,20211840,,,,4.0,38,2023-11-30 09:31:39
1873,20212761,,,,,38,2023-11-30 09:32:14
1874,20212261,,,,4.0,38,2023-11-30 09:32:34
1875,20212307,,,,,38,2023-11-30 09:32:45
1876,20171814,,,,,38,2023-12-01 16:21:07
1877,20203306,,,,,38,2023-12-07 10:24:53
1878,20212483,,,,,38,2023-12-07 10:24:53
1879,20210085,,,,,38,2023-12-07 10:25:13
1880,20210434,,,,,38,2023-12-07 10:25:17
1881,20210747,,,,,38,2023-12-07 10:25:33
1882,20212185,,,,,38,2023-12-07 10:25:57
1883,20210636,,,,,38,2023-12-07 10:25:58
1884,20210585,,,,,38,2023-12-07 10:26:00
1885,20210101,,,,,38,2023-12-07 10:26:09
1886,20211744,,,,,38,2023-12-07 10:26:14
1887,20200663,,,,,38,2023-12-07 10:26:22
1888,20210383,,,,,38,2023-12-07 10:26:58
1889,20210343,,,,,38,2023-12-07 10:26:58
1890,20211204,,,,,38,2023-12-07 10:26:59
1891,20170160,,,,4.0,38,2023-12-16 08:10:12
1892,20200047,,,,,38,2023-12-16 08:10:26
1893,20211875,,,,,38,2023-12-16 08:10:36
1894,20202096,,,,,38,2023-12-16 08:10:45
1895,20202561,,,,,38,2023-12-16 08:11:01
1896,20210318,,,,4.0,38,2023-12-16 08:11:23
1897,20211688,,,,,38,2023-12-16 08:12:05
1898,20210030,,,,4.0,38,2023-12-23 02:38:48
1899,20201448,,,,,38,2023-12-23 02:39:18
1900,20212312,,,,,38,2023-12-23 02:39:33
1901,20191552,,,,,38,2023-12-23 02:39:44
1902,20201791,,,,,38,2023-12-23 02:40:18
1903,20211577,,,,4.0,38,2023-12-23 02:40:38
1904,20191592,,,,,38,2023-12-23 02:40:43
1905,20212625,,,,,38,2023-12-29 01:22:29
1906,20211911,,,,,38,2023-12-29 01:22:32
1907,20210898,,,,,38,2023-12-29 01:23:45
1908,20210732,,,,,38,2024-01-12 10:14:54
1909,20210550,,,,,38,2024-01-12 10:15:57
1910,20210823,,,,,38,2024-01-18 10:39:26
1911,20212574,,,,,38,2024-01-18 10:39:37
1912,20211128,,,,,38,2024-01-18 10:39:47
1913,20212514,,,,,38,2024-01-18 10:39:49
1914,20212645,,,,,38,2024-01-18 10:39:50
1915,20210287,,,,4.0,38,2024-01-18 10:39:59
1916,20210530,,,,,38,2024-01-18 10:40:10
1917,20210474,,,,,38,2024-01-18 10:40:11
1918,20200976,,,,,38,2024-01-18 10:40:12
1919,20211835,,,,,38,2024-01-18 10:40:15
1920,20201302,,,,,38,2024-01-18 10:41:03
1921,20203346,,,,,38,2024-01-26 08:49:07
1922,20192822,,,,4.0,38,2024-01-26 08:49:07
1923,20203008,,,,,38,2024-01-26 08:49:14
1924,20211633,,,,,38,2024-01-26 08:49:43
1925,20211855,,,,,38,2024-01-26 08:49:57
1926,20212014,,,,,38,2024-01-26 08:50:12
1927,20211244,,,,,38,2024-02-02 08:18:30
1928,20211986,,,,4.0,38,2024-02-02 08:19:03
1929,20211966,,,,,38,2024-02-02 08:19:04
1930,20210787,,,,,38,2024-02-02 08:19:06
1931,20212847,,,,4.0,38,2024-02-02 08:20:05
1932,20211113,,,,4.0,38,2024-02-09 08:28:07
1933,20210292,,,,4.0,38,2024-02-09 08:28:12
1934,20201857,,,,,38,2024-02-09 08:29:13
1935,20212296,,,,4.0,38,2024-02-09 08:29:13
1936,20210232,,,,,38,2024-02-09 08:29:28
1937,20210212,,,,,38,2024-02-16 09:01:52
1938,20210227,,,,,38,2024-02-16 09:01:52
1939,20210656,,,,,38,2024-02-16 09:02:11
1940,20212221,,,,,38,2024-02-22 06:39:08
1941,20210545,,,,,38,2024-02-22 06:39:21
1942,20211340,,,,,38,2024-02-22 06:39:34
1943,20211784,,,,,38,2024-02-22 06:39:42
1944,20193238,,,,,38,2024-02-22 06:40:03
1945,20210878,,,,,38,2024-02-22 06:40:11
1946,20211542,,,,,38,2024-02-22 06:40:25
1947,20201322,,,,,38,2024-02-22 06:40:30
1948,20200552,,,,,38,2024-02-22 06:40:34
1949,20211148,,,,,38,2024-02-22 06:40:38
1950,20212741,,,,4.0,38,2024-02-22 06:40:46
1951,20212721,,,,4.0,38,2024-02-22 06:40:46
1952,20212867,,,,,38,2024-02-22 06:40:47
1953,20212903,,,,,38,2024-02-22 06:40:49
1954,20210409,,,,,38,2024-02-22 06:40:53
1955,20201953,,,,,38,2024-02-22 06:40:54
1956,20210792,,,,,38,2024-02-29 10:25:09
1957,20211608,,,,2.0,38,2024-03-08 06:27:04
1958,20210590,,,,,38,2024-03-08 06:27:14
1959,20211315,,,,,38,2024-03-08 06:28:01
1960,20211906,,,,,38,2024-03-08 06:28:03
1961,20210601,,,,,38,2024-03-08 06:28:05
1962,20212458,,,,4.0,38,2024-03-08 06:28:18
1963,20212216,,,,,38,2024-03-08 06:28:28
1964,20203366,,,,4.0,38,2024-03-08 06:28:37
1965,20210247,,,,4.0,38,2024-03-08 06:28:47
1966,20190308,,,,4.0,38,2024-03-15 07:24:17
1967,20210676,,,,,38,2024-03-15 07:24:57
1968,20210252,,,,2.0,38,2024-03-15 07:25:32
1969,20211022,,,,,38,2024-03-21 10:11:41
1970,20211446,,,,,38,2024-03-21 10:11:52
1971,20212094,,,,4.0,38,2024-03-21 10:11:53
1972,20212554,,,,,38,2024-03-21 10:11:57
1973,20210181,,,,,38,2024-03-21 10:11:57
1974,20211168,,,,,38,2024-03-21 10:12:22
1975,20210696,,,,,38,2024-03-21 10:12:49
1976,20212029,,,,,38,2024-03-21 10:12:59
1977,20212403,,,,,38,2024-03-21 10:13:07
1978,20211284,,,,,38,2024-03-21 10:13:13
1979,20210843,,,,,38,2024-03-21 10:13:23
1980,20211971,,,,4.0,38,2024-04-01 10:55:48
1981,20210363,,,,,38,2024-04-01 10:55:52
1982,20210712,,,,,38,2024-04-01 10:56:07
1983,20211133,,,,,38,2024-04-01 10:56:17
1984,20211537,,,,,38,2024-04-01 10:56:43
1985,20211173,,,,,38,2024-04-05 11:17:11
1986,20211355,,,,,38,2024-04-05 11:17:24
1987,20211739,,,,,38,2024-04-05 11:17:41
1988,20210272,,,,,38,2024-04-05 11:18:08
1989,20210510,,,,,38,2024-04-05 11:18:39
1990,20203199,,,,,38,2024-04-13 04:19:26
1991,20212630,,,,,38,2024-04-13 04:19:40
1992,20212685,,,,,38,2024-04-13 04:20:01
1993,20212534,,,,,38,2024-04-13 04:20:02
1994,20212589,,,,4.0,38,2024-04-13 04:20:03
1995,20212498,,,,4.0,38,2024-04-13 04:20:04
1996,20212276,,,,,38,2024-04-13 04:20:42
1997,20211062,,,,,38,2024-04-13 04:20:47
1998,20212069,,,,,38,2024-04-13 04:20:56
1999,20211582,,,,,38,2024-04-13 04:20:56
2000,20201877,,,,,38,2024-04-13 04:20:58
2001,20201837,,,,4.0,38,2024-04-13 04:20:58
2002,20201817,,,,4.0,38,2024-04-13 04:21:02
2003,20211779,,,,,38,2024-04-18 12:38:49
2004,20203477,,,,,38,2024-04-18 12:39:34
2005,20210974,,,,,38,2024-04-18 12:39:41
2006,20211300,,,,,38,2024-04-26 04:19:24
2007,20211719,,,,,38,2024-04-26 04:19:24
2008,20211931,,,,,38,2024-04-26 04:19:25
2009,20210136,,,,,38,2024-04-26 04:19:39
2010,20211219,,,,,38,2024-04-26 04:19:40
2011,20210338,,,,,38,2024-04-26 04:20:38
2012,20211759,,,,,38,2024-04-26 04:20:39
2013,20210934,,,,,38,2024-04-26 04:20:42
2014,20210439,,,,,38,2024-04-26 04:21:17
2015,20210929,,,,,38,2024-04-26 04:21:19
2016,20211153,,,,,38,2024-05-02 10:56:35
2017,20202965,,,,,38,2024-05-02 10:56:53
2018,20210616,,,,,38,2024-05-02 10:57:17
2019,20211299,,,,,38,2024-05-02 10:57:20
2020,20210570,,,,,38,2024-05-02 10:57:38
2021,20211360,,,,,38,2024-05-02 10:57:39
2022,20212201,,,,4.0,38,2024-05-02 10:57:44
2023,20211815,,,,4.0,38,2024-05-02 10:58:14
2024,20210018,,,,4.0,38,2024-05-02 10:58:14
2025,20210469,,,,,38,2024-05-02 10:58:20
2026,20211057,,,,,38,2024-05-08 10:45:16
2027,20210621,,,,,38,2024-05-08 10:45:31
2028,20210116,,,,,38,2024-05-08 10:45:34
2029,20212701,,,,,38,2024-05-08 10:46:14
2030,20212605,,,,,38,2024-05-08 10:46:16
2031,20212438,,,,,38,2024-05-17 11:36:42
2032,20211380,,,,,38,2024-05-17 11:37:52
2033,20212670,,,,4.0,38,2024-05-17 11:37:52
2034,20210378,,,,,38,2024-05-17 11:37:58
2035,20211037,,,,4.0,38,2024-05-17 11:38:05
2036,20212807,,,,,38,2024-05-22 12:03:20
2037,20210494,,,,,38,2024-05-22 12:04:16
2038,20212049,,,,,38,2024-05-22 12:04:31
2039,20212034,,,,,38,2024-05-30 10:41:36
2040,20212105,,,,,38,2024-05-30 10:41:37
2041,20203215,,,,,38,2024-06-06 12:00:46
2042,20211653,,,,,38,2024-06-06 12:01:27
2043,20200421,,,,,38,2024-06-06 12:02:15
2044,20202521,,,,,38,2024-06-06 12:02:59
2045,20210323,,,,,38,2024-06-20 10:22:06
2046,20212509,,,,,38,2024-06-20 10:22:32
2047,20202314,,,,,38,2024-06-20 10:22:50
2048,20202081,,,,,38,2024-06-20 10:23:10
2049,20212165,,,,,38,2024-06-20 10:24:06
2050,20212610,,,,,38,2024-06-28 07:33:09
2051,20212594,,,,4.0,38,2024-06-28 07:35:06
2052,20211466,,,,,38,2024-07-16 07:10:51
2053,20211320,,,,,38,2024-07-16 07:11:07
2054,20212665,,,,,38,2024-07-26 10:01:48
2055,20212923,,,,,38,2024-07-26 10:01:50
2056,20200456,,,,,38,2024-07-26 10:03:02
2057,20220927,,,,,38,2024-07-31 12:21:59
2058,20222507,,,,,38,2024-07-31 12:22:06
2059,20222305,,,,,38,2024-07-31 12:22:06
2060,20201291,,,,,38,2024-07-31 12:22:13
2061,20210303,,,,,38,2024-07-31 12:22:25
2062,20221262,,,,4.0,38,2024-07-31 12:22:28
2063,20210949,,,,,38,2024-07-31 12:22:33
2064,20211597,,,,4.0,38,2024-07-31 12:22:46
2065,20221126,,,,,38,2024-07-31 12:23:28
2066,20212827,,,,,38,2024-07-31 12:23:33
2067,20211693,,,,,38,2024-07-31 12:23:54
2068,20202309,,,,,38,2024-08-10 02:09:44
2069,20212256,,,,,38,2024-08-10 02:10:07
2070,20203220,,,,,38,2024-08-10 02:11:33
2071,20222421,,,,,38,2024-09-05 10:41:01
2072,20212650,,,,,38,2024-09-05 10:41:45
2073,20212347,,,,,38,2024-09-05 10:42:19
2074,20203462,,,,,38,2024-09-05 10:42:27
2075,20221040,,,,,38,2024-09-05 10:42:35
2076,20212352,,,,,38,2024-09-05 10:42:55
2077,20202692,,,,,38,2024-09-05 10:43:21
2078,20221484,,,,,38,2024-09-13 08:05:47
2079,20172937,,,,,38,2024-09-13 08:06:06
2080,20220245,,,,,38,2024-09-13 08:06:08
2081,20220230,,,,,38,2024-09-13 08:06:11
2082,20220841,,,,,38,2024-09-13 08:06:44
2083,20212690,,,,,38,2024-09-13 08:07:02
2084,20222805,,,,,38,2024-09-13 08:07:35
2085,20210161,,,,,38,2024-09-26 10:28:00
2086,20222623,,,,,38,2024-09-26 10:28:24
2087,20212569,,,,,38,2024-09-26 10:28:35
2088,20222769,,,,,38,2024-09-26 10:29:25
2089,20222663,,,,,38,2024-09-26 10:29:25
2090,20222416,,,,,38,2024-09-26 10:29:30
2091,20211926,,,,,38,2024-09-26 10:29:48
2092,20212241,,,,,38,2024-09-26 10:29:59
2093,20211991,,,,,38,2024-09-26 10:30:30
2094,20211673,,,,,38,2024-10-18 11:00:28
2095,20212367,,,,,38,2024-10-18 11:00:29
2096,20210070,,,,,38,2024-10-18 11:00:29
2097,20220947,,,,,38,2024-10-18 11:00:37
2098,20221499,,,,,38,2024-10-18 11:00:51
2099,20212716,,,,,38,2024-10-18 11:01:32
2100,20203437,,,,,38,2024-10-18 11:01:55
2101,20201286,,,,,38,2024-10-18 11:02:26
2102,20221328,,,,,38,2024-10-30 06:58:58
2103,20220023,,,,,38,2024-10-30 06:59:20
2104,20221646,,,,,38,2024-10-30 06:59:28
2105,20220301,,,,,38,2024-10-30 06:59:29
2106,20210196,,,,,38,2024-10-30 06:59:51
2107,20220452,,,,,38,2024-10-30 07:00:10
2108,20220785,,,,,38,2024-10-30 07:00:15
2109,20221282,,,,,38,2024-10-30 07:00:36
2110,20211491,,,,,38,2024-10-30 07:00:39
2111,20221257,,,,,38,2024-10-30 07:00:55
2112,20211097,,,,,38,2024-10-30 07:01:23
2113,20220543,,,,,38,2024-11-09 11:12:12
2114,20220154,,,,,38,2024-11-09 11:12:34
2115,20221020,,,,,38,2024-11-09 11:13:22
2116,20222436,,,,,38,2024-11-09 11:14:04
2117,20221535,,,,,38,2024-11-21 06:01:33
2118,20211764,,,,,38,2024-11-21 06:01:44
2119,20220649,,,,,38,2024-11-21 06:02:15
2120,20220765,,,,,38,2024-11-21 06:02:45
2121,20212736,,,,,38,2024-11-21 06:03:06
2122,20220523,,,,,38,2024-11-21 06:03:07
2123,20220407,,,,,38,2024-11-21 06:04:06
2124,20192862,,,,,38,2024-11-21 06:04:07
2125,20210454,,,,,38,2024-11-28 05:35:06
2126,20222698,,,,,38,2024-11-28 05:35:29
2127,20220770,,,,,38,2024-11-28 05:36:46
2128,20222754,,,,,38,2024-12-05 09:35:06
2129,20222678,,,,,38,2024-12-05 09:35:10
2130,20203573,,,,,38,2024-12-05 09:35:19
2131,20203593,,,,,38,2024-12-05 09:35:19
2132,20222618,,,,,38,2024-12-05 09:35:22
2133,20222774,,,,,38,2024-12-05 09:35:24
2134,20222901,,,,,38,2024-12-05 09:35:24
2135,20222885,,,,,38,2024-12-05 09:35:40
2136,20222941,,,,,38,2024-12-05 09:35:43
2137,20203513,,,,,38,2024-12-05 09:36:06
2138,20203533,,,,,38,2024-12-05 09:36:18
2139,20222401,,,,,38,2024-12-05 09:36:24
2140,20222749,,,,,38,2024-12-05 09:36:37
2141,20222658,,,,,38,2024-12-05 09:36:42
2142,20212463,,,,,38,2024-12-13 07:24:03
2143,20220801,,,,,38,2024-12-13 07:24:12
2144,20222067,,,,,38,2024-12-13 07:25:05
2145,20222274,,,,,38,2024-12-13 07:25:20
2146,20220518,,,,,38,2024-12-13 07:25:48
2147,20221151,,,,,38,2024-12-13 07:25:54
2148,20221606,,,,,38,2024-12-13 07:26:01
2149,20210681,,,,,38,2024-12-13 07:26:07
2150,20221313,,,,,38,2024-12-13 07:26:29
2151,20221222,,,,,38,2024-12-13 07:26:37
