HorseEquipmentId,WorkoutDetailId
2,87502
9,87505
3,87526
3,87530
5,87530
2,87536
2,87538
9,87542
2,87543
2,87544
9,87551
5,87563
2,87567
5,87573
5,87574
2,87579
8,87585
8,87592
8,87596
8,87604
8,87605
2,87608
2,87625
5,87625
3,87629
2,87663
2,87669
3,87670
3,87677
3,87678
9,87685
2,87695
5,87695
9,87706
2,87730
2,87744
2,87747
2,87758
3,87762
5,87762
2,87764
2,87771
2,87772
8,87775
3,87777
9,87786
2,87790
5,87791
9,87799
3,87827
2,87987
2,88018
2,88020
2,88026
2,88037
3,88046
3,88051
2,88053
2,88054
3,88057
2,88058
2,88064
2,88065
9,88089
3,88092
5,88101
2,88105
2,88119
2,88126
5,88126
5,88131
9,88138
2,88158
2,88169
3,88177
2,88188
2,88192
5,88194
9,88200
9,88204
5,88207
3,88208
2,88216
5,88216
3,88229
2,88264
2,88265
2,88267
2,88269
3,88271
2,88298
2,88319
2,88326
2,88327
2,88347
2,88359
5,88359
2,88368
5,88372
9,88381
2,88395
2,88409
2,88434
2,88457
2,88459
2,88470
2,88471
9,88475
2,88486
5,88491
2,88499
5,88499
2,88506
5,88510
3,88517
2,88523
5,88531
2,88535
2,88543
8,88544
5,88551
9,88557
2,88565
9,88566
2,88579
9,88582
2,88586
5,88609
2,88610
2,88628
5,88629
5,88635
2,88637
2,88657
8,88659
8,88660
2,88665
2,88670
2,88671
5,88672
2,88683
5,88683
9,88688
2,88690
3,88693
5,88693
2,88697
5,88697
5,88711
2,88727
2,88728
2,88734
5,88734
2,88737
9,88739
5,88739
2,88753
5,88753
8,88754
9,88756
3,88758
2,88760
2,88771
2,88777
3,88778
5,88778
9,88780
5,88781
9,88792
2,88822
5,88822
2,88825
2,88826
2,88845
2,88846
2,88855
9,88869
9,88872
2,88886
3,88889
2,88896
2,88898
5,88898
9,88913
3,88924
5,88924
2,88942
2,88950
2,88953
2,88955
2,88959
3,88964
5,88964
2,88968
5,88968
2,88972
3,88991
2,88999
3,89009
2,89014
2,89016
2,89056
2,89060
2,89062
2,89064
5,89067
2,89081
2,89084
2,89096
9,89103
5,89107
9,89108
2,89114
5,89114
2,89116
5,89124
2,89125
5,89137
2,89148
3,89152
2,89155
2,89160
3,89164
9,89165
2,89170
5,89174
9,89180
3,89184
2,89201
2,89205
2,89208
2,89215
2,89219
2,89226
5,89260
2,89264
2,89275
2,89276
2,89278
2,89279
9,89285
9,89292
5,89292
2,89293
2,89298
2,89307
9,89309
3,89312
2,89313
9,89316
2,89320
9,89327
3,89343
2,89353
3,89375
2,89376
2,89377
2,89400
3,89402
2,89413
2,89423
2,89438
3,89449
2,89452
2,89455
2,89456
5,89456
5,89457
5,89458
2,89468
9,89476
2,89480
9,89493
9,89495
5,89498
5,89504
2,89507
2,89508
2,89509
2,89515
5,89524
2,89537
3,89539
2,89543
5,89543
2,89546
2,89549
5,89557
2,89559
9,89561
8,89561
2,89566
2,89572
2,89579
2,89582
3,89589
2,89597
5,89597
2,89605
2,89609
8,89613
2,89616
2,89617
2,89622
2,89624
9,89625
9,89630
5,89630
8,89633
9,89635
5,89638
5,89640
2,89648
2,89655
2,89662
2,89663
8,89671
2,89674
2,89687
9,89697
2,89704
9,89712
5,89713
5,89717
2,89719
5,89720
9,89726
8,89726
8,89733
9,89738
3,89739
5,89752
3,89757
3,89759
2,89765
2,89767
5,89767
9,89770
3,89781
3,89806
3,89807
9,89821
2,89823
3,89832
2,89834
5,89834
2,89848
9,89868
2,89882
3,89884
2,89885
8,89888
2,89895
3,89896
3,89910
5,89912
2,89923
2,89934
2,89951
2,89955
5,89955
3,89935
9,89961
2,89989
2,89990
5,90000
5,90007
9,90008
9,90014
9,90021
9,90023
5,90054
2,90058
2,90059
3,90070
2,90081
2,90082
3,90083
3,90090
2,90091
2,90093
3,90097
2,90101
2,90103
2,90146
2,90152
5,90154
2,90158
2,90159
5,90162
2,90167
3,90182
3,90183
2,90209
5,90209
2,90212
2,90216
2,90226
2,90229
2,90230
2,90267
3,90279
9,90280
5,90288
5,90290
2,90294
8,90298
2,90306
2,90307
3,90310
5,90310
9,90316
5,90316
5,90321
3,90323
2,90331
3,90339
3,90340
5,90340
2,90342
5,90342
2,90364
2,90373
2,90377
2,90379
8,90392
8,90400
5,90400
2,90403
5,90406
3,90408
2,90410
2,90418
2,90424
9,90432
9,90436
9,90437
2,90441
9,90448
5,90449
2,90462
5,90462
5,90466
9,90472
3,90479
5,90479
2,90481
2,90487
9,90490
3,90491
5,90497
8,90500
2,90514
2,90519
2,90525
9,90538
2,90543
3,90555
2,90558
8,90577
2,90597
9,90598
2,90600
9,90602
2,90614
2,90622
5,90622
2,90625
8,90631
2,90645
5,90650
9,90652
3,90655
5,90655
2,90659
2,90661
3,90669
9,90674
2,90680
5,90680
5,90694
2,90716
2,90721
2,90747
9,90765
9,90775
9,90783
2,90792
5,90793
9,90799
9,90800
9,90810
9,90813
9,90820
2,90831
2,90834
3,90867
5,90879
2,90881
2,90888
2,90901
9,90911
9,90917
3,90919
3,90964
3,90973
3,90979
2,90980
9,90984
2,90987
5,90987
2,90988
5,90988
2,91013
8,91017
3,91023
5,91024
3,91036
9,91041
9,91048
2,91063
5,91089
5,91090
8,91090
5,91106
5,91116
3,91126
2,91127
2,91143
9,91156
2,91158
5,91158
2,91168
8,91174
2,91178
2,91179
3,91187
2,91189
9,91193
9,91199
2,91221
2,91248
2,91249
2,91252
2,91261
5,91280
3,91281
2,91294
5,91304
3,91313
2,91323
5,91323
2,91332
2,91343
5,91348
9,91354
9,91363
2,91366
2,91396
5,91415
2,91416
2,91417
2,91430
2,91453
2,91456
9,91470
2,91481
2,91491
5,91491
3,91493
5,91497
3,91501
2,91502
2,91509
9,91518
8,91521
5,91521
3,91533
2,91535
3,91541
5,91541
2,91550
5,91553
5,91558
2,91569
3,91570
2,91571
2,91573
8,91573
8,91574
9,91574
8,91577
2,91586
2,91598
2,91600
2,91609
2,91615
5,91638
2,91646
9,91647
5,91665
2,91669
2,91681
2,91700
2,91712
9,91732
2,91750
2,91757
3,91776
8,91779
5,91781
2,91805
5,91812
2,91845
9,91856
5,91878
2,91888
2,91889
2,91891
5,91891
2,91898
3,91900
9,91901
5,91908
5,91917
3,91920
2,91925
2,91931
2,91933
2,91937
2,91955
2,91985
5,91986
5,92009
5,92023
2,92045
5,92045
3,92064
2,92073
5,92075
5,92084
2,92097
2,92098
2,92111
5,92114
2,92115
5,92133
5,92149
2,92158
3,92160
2,92176
2,92181
5,92186
2,92204
5,92205
5,92207
2,92209
5,92209
3,92213
2,92241
2,92250
2,92260
5,92268
2,92278
2,92291
9,92305
5,92319
5,92322
2,92327
5,92362
5,92366
2,92371
8,92371
2,92384
5,92384
5,92387
2,92389
2,92390
2,92393
2,92396
2,92397
2,92399
8,92399
2,92400
2,92407
2,92412
3,92421
5,92421
9,92420
8,92420
2,92427
2,92428
3,92429
9,92430
8,92430
8,92431
3,92432
5,92452
8,92466
5,92467
2,92475
5,92475
9,92480
5,92497
5,92502
8,92510
2,92515
9,92517
8,92517
8,92522
8,92524
2,92531
2,92537
5,92542
5,92546
5,92556
3,92576
2,92584
2,92603
5,92609
8,92610
9,92617
9,92640
2,92662
5,92675
2,92679
8,92679
2,92689
2,92699
8,92703
3,92713
5,92714
2,92718
2,92732
2,92770
5,92770
3,92771
5,92776
5,92778
8,92781
5,92782
5,92783
2,92784
2,92787
3,92788
5,92788
2,92798
2,92802
5,92811
2,92814
2,92830
2,92854
5,92856
2,92893
5,92897
5,92908
2,92914
2,92917
2,92918
5,92927
3,92932
2,92935
2,92936
5,92936
2,92938
3,92944
8,92950
5,92952
2,92955
9,92962
2,92969
9,92975
2,92980
2,92988
2,92991
2,92994
3,92999
2,93008
2,93027
2,93037
2,93076
2,93077
3,93084
2,93089
9,93091
2,93093
2,93098
5,93108
9,93113
2,93123
9,93126
2,93136
2,93137
5,93158
2,93171
2,93182
2,93184
2,93213
3,93214
2,93221
5,93231
2,93236
5,93236
2,93238
2,93243
5,93244
3,93253
2,93262
2,93270
5,93273
5,93275
9,93276
2,93324
5,93329
2,93336
2,93338
5,93339
9,93359
5,93365
5,93366
2,93374
9,93375
2,93376
9,93377
9,93390
8,93390
2,93393
2,93404
3,93413
3,93414
5,93414
8,93415
5,93420
8,93431
8,93432
5,93432
2,93435
2,93437
2,93453
2,93469
3,93474
5,93475
5,93481
2,93495
8,93507
5,93510
8,93515
5,93515
2,93521
5,93521
2,93530
9,93531
8,93531
8,93538
2,93550
3,93554
2,93557
5,93570
2,93575
3,93583
5,93599
2,93615
9,93625
5,93631
5,93642
5,93643
2,93655
2,93656
2,93674
2,93697
5,93697
2,93704
2,93710
5,93724
2,93793
2,93805
2,93823
2,93825
9,93830
5,93845
2,93848
3,93849
9,93871
9,93872
2,93880
5,93880
9,93904
5,93906
2,93907
2,93926
5,93927
2,93969
2,93971
2,93976
2,93984
3,94016
2,94025
5,94025
2,94038
2,94040
9,94041
9,94063
2,94064
5,94067
2,94079
2,94084
5,94108
3,94114
2,94115
2,94116
2,94120
2,94124
2,94140
2,94161
2,94203
5,94203
9,94206
2,94217
2,94219
9,94220
5,94227
3,94234
2,94243
2,94246
5,94254
5,94272
3,94291
2,94296
3,94297
2,94325
9,94326
2,94334
5,94337
5,94339
2,94346
2,94355
2,94372
2,94388
9,94418
2,94419
5,94425
2,94428
9,94432
8,94435
5,94435
8,94436
8,94437
3,94456
2,94457
9,94459
3,94462
2,94488
9,94496
2,94499
2,94501
2,94514
2,94516
2,94517
2,94520
2,94521
2,94526
3,94530
2,94533
9,94541
9,94550
2,94551
2,94585
2,94592
3,94603
2,94620
2,94637
5,94644
5,94650
2,94655
9,94659
5,94659
2,94679
8,94685
3,94685
5,94695
2,94702
2,94704
5,94704
5,94710
2,94718
2,94724
2,94730
5,94730
2,94732
3,94733
5,94747
2,94749
5,94765
2,94914
3,94923
2,94926
5,94927
5,94937
2,94953
2,94974
9,94979
2,95032
3,95041
3,95044
2,95048
3,95038
2,95055
2,95064
3,95071
2,95088
3,95137
2,95148
2,95157
3,95172
5,95194
2,95216
2,95220
5,95233
3,95235
8,95242
9,95241
8,95241
9,95256
9,95262
2,95268
5,95269
3,95271
9,95281
3,95283
2,95286
5,95286
2,95289
2,95290
3,95291
5,95304
2,95311
3,95335
2,95340
5,95340
2,95364
8,95369
8,95370
2,95372
3,95378
2,95379
8,95380
5,95386
2,95387
5,95392
9,95393
9,95397
3,95405
5,95406
9,95410
5,95410
2,95418
2,95422
5,95422
5,95429
2,95435
2,95443
2,95451
9,95461
2,95464
5,95465
2,95478
9,95484
8,95493
2,95503
2,95508
3,95540
8,95541
9,95544
2,95545
2,95546
2,95550
8,95559
5,95559
5,95560
8,95560
3,95562
2,95563
9,95565
3,95568
2,95578
9,95580
2,95584
2,95593
5,95595
3,95596
5,95681
3,95718
9,95727
2,95748
5,95765
9,95778
2,95781
2,95783
2,95792
5,95793
3,95795
5,95796
3,95796
5,95799
2,95800
2,95804
5,95804
3,95806
2,95812
3,95844
9,95846
3,95873
2,95891
9,95900
3,95906
2,95907
2,95914
9,95924
5,95926
2,95928
9,95938
2,95946
3,95947
2,95948
9,95949
5,96065
2,96067
5,96081
2,96087
2,96088
5,96088
9,96091
2,96101
2,96107
3,96110
3,96113
3,96116
8,96123
3,96130
2,96142
2,96158
2,96168
2,96197
2,96200
3,96205
5,96205
2,96207
2,96211
3,96212
5,96213
2,96216
3,96231
5,96232
2,96233
2,96236
5,96236
3,96244
2,96255
8,96256
3,96261
2,96269
2,96285
5,96295
2,96309
3,96314
8,96316
2,96319
8,96319
3,96322
2,96323
5,96323
9,96332
2,96337
5,96337
3,96338
2,96339
2,96345
9,96350
2,96354
2,96369
3,96371
8,96382
3,96383
8,96383
8,96384
8,96385
5,96387
2,96388
2,96401
2,96404
2,96405
8,96414
5,96414
5,96418
9,96419
8,96419
2,96421
2,96443
8,96450
5,96453
2,96475
2,96493
2,96497
2,96499
2,96501
3,96511
9,96512
9,96513
2,96515
3,96518
2,96520
3,96521
5,96524
9,96527
3,96531
2,96534
2,96537
2,96541
2,96546
2,96599
2,96603
2,96622
2,96631
2,96634
2,96635
2,96643
3,96645
3,96648
2,96663
2,96664
2,96673
2,96701
5,96705
2,96715
2,96745
9,96747
3,96750
2,96801
2,96802
2,96804
2,96805
3,96811
2,96817
2,96824
2,96826
2,96827
2,96831
2,96836
2,96837
2,96845
3,96869
9,96878
3,96879
2,96886
2,96910
3,96913
3,96914
3,96927
5,96929
9,96931
2,96937
2,96941
5,96941
9,96943
2,96951
2,96953
2,96957
2,96996
3,97005
2,97007
5,97010
5,97011
9,97017
5,97032
2,97038
2,97079
3,97083
9,97107
5,97111
2,97113
2,97123
5,97128
9,97058
2,97138
3,97149
9,97150
2,97158
3,97167
5,97168
5,97170
2,97171
2,97176
5,97176
2,97184
2,97186
2,97194
3,97200
2,97202
2,97206
2,97207
3,97209
3,97217
8,97218
2,97236
5,97236
8,97245
3,97246
8,97246
9,97254
8,97254
2,97258
2,97262
2,97264
3,97266
5,97270
2,97272
9,97276
2,97278
2,97280
2,97292
2,97293
2,97295
2,97312
9,97314
2,97315
9,97319
8,97319
2,97324
2,97330
2,97339
2,97348
5,97357
2,97358
5,97374
3,97375
3,97379
5,97395
2,97413
8,97413
2,97424
2,97428
3,97441
2,97450
9,97452
2,97454
2,97477
5,97480
5,97484
3,97511
2,97531
2,97533
2,97555
2,97559
2,97562
2,97583
9,97586
2,97592
2,97607
5,97607
3,97612
3,97633
3,97639
9,97647
2,97664
5,97618
2,97683
5,97700
5,97710
2,97711
2,97715
2,97718
5,97719
2,97738
3,97739
3,97760
2,97803
2,97804
2,97818
2,97820
2,97823
5,97829
2,97837
5,97860
5,97861
5,97871
9,97874
2,97875
9,97885
3,97890
9,97891
2,97893
2,97896
2,97913
5,97913
3,97916
2,97932
2,97933
2,97940
5,97944
2,97951
3,97966
2,97978
2,98019
2,98032
3,98034
3,98035
2,98036
2,98039
8,98049
3,98050
8,98050
2,98051
5,98051
5,98054
2,98059
9,98061
8,98061
3,98069
9,98072
2,98093
2,98094
2,98095
3,98101
5,98105
8,98111
9,98116
2,98125
5,98130
2,98133
3,98137
2,98150
3,98151
2,98160
2,98161
5,98161
2,98168
9,98169
2,98173
2,98174
2,98178
2,98182
5,98182
2,98189
5,98192
2,98193
2,98201
5,98202
9,98211
8,98211
2,98212
2,98215
2,98221
2,98223
2,98243
8,98244
3,98249
2,98254
9,98273
2,98274
5,98282
9,98286
2,98293
2,98299
3,98304
2,98306
2,98314
5,98314
2,98343
2,98344
3,98346
2,98348
2,98349
2,98362
5,98367
2,98380
9,98396
2,98406
2,98418
5,98418
2,98421
5,98437
3,98451
2,98460
5,98461
2,98471
5,98471
2,98472
2,98479
2,98488
2,98506
2,98507
2,98513
2,98524
3,98537
9,98541
2,98544
2,98548
2,98566
3,98568
2,98575
2,98578
9,98580
3,98593
2,98594
3,98598
9,98610
3,98614
3,98620
3,98642
2,98646
5,98656
2,98657
2,98706
3,98708
5,98712
5,98724
3,98727
2,98729
2,98731
2,98732
2,98738
2,98764
3,98770
8,98770
2,98775
3,98777
2,98788
2,98797
2,98818
2,98821
2,98834
2,98841
9,98855
2,98859
5,98859
9,98872
2,98874
3,98889
2,98896
2,98904
9,98905
2,98915
2,98923
5,98924
9,98928
5,98928
2,98953
2,98963
3,98990
2,98996
9,98998
3,99000
2,99001
3,99001
8,99005
3,99015
3,99026
2,99028
5,99034
2,99045
2,99051
2,99071
2,99084
3,99085
3,99091
5,99096
8,99105
2,99112
3,99117
9,99121
2,99131
2,99133
2,99140
2,99141
9,99142
9,99146
8,99152
2,99158
2,99164
8,99167
5,99168
5,99177
5,99194
2,99195
2,99196
5,99202
3,99204
2,99213
2,99215
9,99216
8,99216
3,99227
3,99229
2,99230
2,99232
2,99244
2,99247
2,99248
5,99259
2,99268
5,99268
3,99276
3,99282
2,99283
2,99311
2,99313
5,99317
9,99327
2,99328
9,99344
2,99365
2,99397
2,99411
2,99420
2,99522
2,99525
2,99528
2,99532
2,99547
9,99575
2,99585
5,99587
2,99592
2,99602
3,99604
9,99605
2,99607
2,99617
5,99622
2,99625
2,99628
2,99630
3,99638
9,99666
2,99669
2,99690
2,99709
2,99716
2,99719
2,99730
2,99735
2,99738
3,99750
2,99766
3,99787
2,99809
2,99810
2,99826
9,99834
2,99842
2,99857
2,99858
5,99858
2,99868
2,99875
2,99876
3,99878
9,99895
3,99902
3,99905
5,99908
2,99914
9,99916
2,99918
5,99944
2,99953
2,99959
9,99962
5,99969
8,99976
8,99990
2,99991
3,99996
2,99997
2,100003
8,100004
9,100014
8,100014
8,100018
2,100022
2,100025
3,100026
5,100026
2,100027
8,100027
3,100028
8,100032
9,100044
2,100049
2,100051
9,100054
5,100069
5,100074
3,100079
9,100086
8,100089
5,100120
2,100134
3,100151
5,100156
9,100167
3,100171
2,100180
2,100204
5,100214
3,100216
9,100219
9,100224
8,100224
3,100241
3,100266
2,100274
5,100285
5,100286
3,100291
2,100293
5,100293
2,100295
2,100318
5,100322
2,100324
5,100325
5,100347
5,100349
2,100398
3,100403
3,100407
2,100413
2,100421
5,100421
2,100423
3,100436
3,100437
3,100439
9,100453
5,100458
2,100470
5,100476
2,100477
5,100482
2,100484
5,100490
2,100505
2,100506
2,100507
2,100509
5,100514
2,100578
3,100582
2,100599
2,100601
2,100611
2,100620
2,100622
2,100641
2,100649
2,100650
5,100662
2,100687
2,100706
3,100708
9,100709
5,100712
2,100720
2,100736
2,100741
2,100742
5,100742
9,100750
9,100754
2,100762
5,100762
5,100769
3,100772
3,100776
5,100781
5,100783
2,100793
9,100801
2,100808
2,100810
2,100851
5,100878
9,100879
5,100882
2,100892
8,100899
8,100907
9,100908
8,100908
9,100910
3,100913
3,100922
5,100922
2,100928
5,100928
2,100941
5,100944
2,100945
2,100949
3,100955
2,100956
9,100957
9,100959
5,100960
5,100961
2,100962
2,100964
3,100967
2,100970
2,100993
9,100997
3,100998
2,100999
8,101002
9,101002
8,101003
5,101177
2,101179
5,101193
5,101197
3,101206
9,101207
3,101208
5,101212
2,101214
2,101216
3,101218
8,101220
8,101223
8,101224
2,101227
2,101236
8,101242
3,101252
2,101254
2,101257
2,101259
9,101260
2,101263
2,101272
2,101292
2,101293
2,101294
5,101294
2,101302
3,101303
3,101289
2,101307
2,101308
2,101314
2,101317
2,101326
5,101331
2,101334
2,101340
5,101346
2,101354
2,101363
2,101372
5,101396
2,101406
2,101408
2,101435
2,101444
2,101466
2,101468
2,101484
5,101484
2,101487
3,101495
2,101503
5,101504
2,101507
9,101524
2,101527
8,101527
2,101548
2,101549
2,101560
2,101563
2,101576
2,101580
2,101587
2,101590
2,101595
9,101600
3,101606
2,101609
5,101625
2,101632
9,101633
5,101641
2,101642
3,101644
2,101648
5,101654
5,101656
2,101659
5,101665
2,101669
2,101670
2,101674
2,101675
3,101711
2,101728
2,101730
2,101739
2,101743
2,101757
2,101758
2,101761
2,101768
2,101786
2,101787
2,101788
3,101790
2,101793
5,101793
2,101795
3,101808
2,101821
9,101847
2,101860
2,101865
2,101896
8,101900
9,101900
2,101907
9,101908
2,101913
2,101917
2,101919
3,101924
2,101931
5,101931
3,101937
2,101941
2,101967
2,101972
5,101990
2,101995
2,101996
2,102000
2,102008
5,102014
2,102038
8,102038
2,102044
2,102057
8,102057
3,102058
2,102059
2,102061
2,102067
9,102082
5,102082
3,102084
2,102109
2,102113
3,102118
3,102128
5,102132
8,102132
8,102154
9,102155
8,102155
2,102159
2,102167
5,102184
2,102187
5,102187
2,102192
3,102195
8,102202
5,102202
8,102210
2,102211
2,102213
9,102244
2,102246
2,102260
2,102275
2,102277
2,102278
5,102283
5,102291
2,102323
3,102332
2,102352
2,102358
2,102360
9,102377
2,102382
3,102389
2,102399
2,102408
2,102409
2,102413
2,102415
5,102423
3,102439
5,102440
5,102441
2,102451
2,102457
2,102494
2,102501
2,102503
2,102504
2,102507
2,102527
2,102554
2,102555
9,102559
2,102561
2,102564
5,102564
5,102566
9,102569
2,102571
3,102583
3,102586
2,102587
8,102587
2,102588
5,102605
9,102617
2,102657
2,102662
3,102663
2,102665
2,102668
2,102672
5,102687
2,102691
2,102693
2,102701
2,102709
5,102713
2,102714
2,102718
2,102726
3,102740
3,102759
2,102761
5,102770
2,102779
3,102800
2,102802
2,102817
2,102820
2,102835
2,102843
3,102844
2,102868
9,102870
3,102874
5,102878
5,102882
3,102887
3,102888
5,102896
9,102901
9,102909
2,102914
5,102920
3,102923
5,102932
2,102949
2,102952
2,102983
3,102984
8,102988
8,102989
8,102994
3,102995
5,102997
9,102999
8,103002
2,103003
9,103012
8,103012
9,103013
8,103013
2,103015
9,103016
5,103020
3,103022
9,103024
5,103029
9,103040
2,103054
2,103057
5,103065
9,103066
5,103077
5,103081
8,103087
2,103088
3,103105
9,103108
2,103110
9,103115
2,103116
2,103129
2,103137
2,103150
3,103151
9,103191
5,103195
3,103196
9,103201
9,103208
2,103244
2,103278
2,103286
9,103293
5,103326
2,103327
3,103329
2,103340
5,103343
5,103360
9,103368
3,103370
2,103375
2,103380
5,103380
2,103384
2,103386
5,103394
3,103398
8,103403
2,103407
9,103414
2,103433
3,103450
3,103469
2,103476
2,103490
2,103509
8,103510
2,103526
2,103542
2,103544
2,103715
9,103717
5,103718
3,103719
5,103762
3,103764
9,103772
9,103785
2,103786
2,103788
2,103790
2,103791
9,103798
5,103804
2,103820
5,103820
9,103823
9,103825
2,103829
2,103830
3,103840
5,103847
2,103883
5,103897
2,103911
3,103914
2,103920
2,103926
9,103946
8,103946
3,103952
3,103953
9,103955
8,103974
5,103982
3,103984
9,103988
8,103991
5,104002
2,104003
2,104014
2,104020
5,104020
2,104024
2,104027
9,104029
5,104033
8,104034
9,104035
8,104035
9,104036
8,104392
5,104394
9,104401
5,104401
2,104402
8,104402
8,104406
8,104409
2,104410
2,104414
2,104417
8,104420
8,104427
8,104428
2,104433
5,104433
9,104434
9,104435
9,104437
9,104463
9,104465
9,104476
2,104482
2,104486
3,104498
8,104517
5,104517
8,104521
9,104526
2,104528
2,104543
2,104544
3,104545
5,104546
9,104552
2,104563
9,104571
5,104574
2,104601
2,104614
2,104621
2,104624
5,104646
3,104652
2,104660
2,104681
9,104697
3,104698
8,104700
5,104700
8,104701
2,104711
2,104714
2,104717
3,104718
9,104726
2,104731
9,104736
2,104739
2,104740
2,104755
9,104756
9,104758
9,104761
2,104762
3,104795
9,104799
5,104809
2,104812
2,104814
2,104815
5,104815
5,104818
9,104819
3,104826
2,104837
8,104838
8,104839
9,104839
9,104861
9,104875
9,104878
2,104888
2,104890
2,104895
3,104901
9,104913
2,104924
3,104935
2,104947
2,104953
2,104971
2,104976
3,104979
3,104983
2,104987
2,104994
2,104999
2,105000
3,105015
2,105016
2,105022
2,105028
5,105047
2,105050
3,105072
9,105079
5,105081
2,105089
2,105091
9,105098
2,105103
5,105103
9,105106
2,105128
3,105133
9,105141
2,105143
9,105146
9,105149
5,105150
2,105162
5,105168
3,105170
2,105187
2,105195
9,105200
3,105227
2,105247
2,105248
3,105250
2,105252
9,105260
8,105260
2,105261
5,105261
5,105264
2,105269
9,105273
2,105288
8,105288
2,105289
2,105293
2,105302
9,105304
8,105304
3,105306
9,105307
2,105335
9,105375
2,105380
2,105387
8,105391
2,105392
2,105399
2,105401
2,105410
3,105416
2,105422
2,105431
2,105445
2,105456
3,105466
2,105483
9,105491
2,105495
2,105501
2,105523
2,105529
2,105531
2,105543
2,105558
5,105565
9,105579
2,105593
3,105594
2,105597
5,105597
2,105598
2,105611
2,105612
2,105639
2,105649
3,105666
3,105676
9,105714
9,105719
2,105721
9,105730
2,105733
9,105736
2,105741
2,105745
2,105755
2,105764
2,105769
3,105770
9,105773
2,105797
2,105799
2,105800
2,105801
2,105823
2,105825
2,105827
3,105845
2,105859
2,105864
5,105866
2,105866
2,105882
5,105882
3,105887
3,105897
2,105900
2,105903
2,105926
2,106058
2,106060
2,106066
2,106084
2,106092
5,106092
5,106093
2,106112
9,106132
2,106135
9,106136
3,106146
3,106152
9,106154
2,106156
2,106160
2,106161
3,106163
2,106167
5,106167
2,106174
9,106179
5,106188
9,106193
2,106210
2,106220
2,106221
2,106233
2,106239
2,106251
2,106256
5,106256
2,106260
3,106271
3,106289
3,106292
2,106298
5,106302
2,106304
9,106320
9,106329
2,106332
9,106340
2,106350
5,106350
9,106358
2,106367
5,106367
2,106375
9,106380
3,106382
2,106384
9,106385
2,106387
3,106391
3,106404
9,106411
2,106413
5,106415
2,106418
9,106423
2,106444
9,106453
5,106453
9,106468
2,106469
8,106470
9,106471
8,106471
2,106477
5,106477
5,106478
2,106478
2,106486
5,106486
3,106493
2,106502
3,106506
9,106508
2,106509
9,106510
3,106512
5,106514
3,106520
2,106529
2,106543
9,106551
8,106551
2,106566
2,106586
9,106603
3,106604
5,106611
9,106621
9,106623
9,106625
2,106629
9,106640
9,106645
2,106650
5,106650
8,106657
2,106664
2,106671
2,106691
2,106694
2,106709
2,106736
9,106744
3,106745
9,106760
3,106764
2,106765
3,106782
9,106795
2,106800
2,106801
2,106826
2,106827
2,106870
5,106880
5,106881
2,106888
2,106897
2,106941
9,106952
2,106955
3,106965
9,106969
3,106982
9,106985
3,106986
9,106987
2,106994
3,107023
9,107027
9,107032
2,107082
2,107092
9,107102
5,107112
8,107115
8,107122
2,107125
5,107125
3,107137
3,107143
9,107160
2,107162
9,107169
3,107190
8,107194
9,107198
2,107201
2,107203
5,107205
5,107208
2,107211
3,107212
3,107213
3,107256
2,107274
2,107279
2,107292
5,107298
2,107322
3,107337
2,107341
9,107353
9,107365
3,107369
2,107379
3,107391
2,107421
2,107427
2,107428
5,107429
5,107433
3,107439
3,107464
9,107466
2,107491
3,107495
9,107499
9,107503
9,107506
5,107510
2,107542
9,107548
2,107552
2,107554
2,107561
5,107561
2,107562
3,107563
5,107563
2,107577
5,107577
3,107580
3,107583
2,107613
2,107614
2,107624
2,107631
3,107668
3,107677
2,107695
2,107706
2,107743
2,107750
2,107759
3,107779
2,107782
3,107787
9,107795
9,107801
3,107804
2,107814
2,107824
2,107833
5,107846
9,107861
2,107880
2,107893
2,107904
3,107930
3,107943
2,107946
5,107946
5,107953
3,107964
3,107965
9,107969
2,107974
9,107980
2,107982
2,107985
3,107989
9,108000
5,108000
2,108006
8,108006
5,108008
9,108018
9,108022
2,108027
2,108033
3,108037
9,108041
9,108042
3,108046
8,108057
8,108058
9,108059
2,108063
2,108074
5,108074
3,108076
2,108105
9,108115
3,108117
2,108119
9,108128
3,108140
9,108160
3,108162
3,108167
9,108168
2,108176
2,108189
5,108189
8,108194
9,108194
2,108196
9,108424
3,108429
5,108430
8,108438
2,108438
2,108439
9,108446
5,108446
5,108453
3,108455
2,108463
8,108465
9,108466
5,108473
2,108479
2,108517
3,108541
9,108549
2,108555
2,108556
9,108566
9,108636
3,108637
5,108651
3,108612
2,108653
8,108653
3,108656
2,108657
5,108657
3,108670
9,108673
9,108676
5,108697
2,108707
2,108756
5,108757
2,108769
3,108771
2,108772
5,108773
3,108779
2,108786
2,108796
2,108800
2,108802
2,108808
8,108812
2,108818
2,108820
2,108830
3,108844
2,108876
2,108896
3,108910
5,108919
2,108947
9,108957
9,108958
2,108966
3,108976
2,108980
2,108991
2,108993
2,108995
2,109018
3,109021
2,109038
3,109039
3,109042
9,109054
3,109055
3,109072
2,109076
9,109104
2,109117
2,109121
8,109121
2,109125
2,109138
2,109142
9,109147
8,109147
2,109352
2,109355
2,109358
9,109365
9,109374
8,109374
8,109375
2,109381
9,109385
8,109388
5,109397
8,109397
9,109399
2,109400
2,109405
9,109408
5,109409
3,109410
2,109413
8,109413
2,109414
2,109437
5,109453
2,109454
2,109471
8,109471
2,109481
8,109481
9,109483
9,109486
2,109497
8,109497
2,109539
3,109540
3,109545
9,109552
2,109567
9,109572
9,109579
3,109587
9,109599
9,109608
5,109612
2,109626
2,109642
3,109659
2,109676
2,109683
2,109693
2,109709
2,109714
3,109726
5,109728
9,109736
3,109739
2,109740
9,109743
5,109757
2,109759
5,109760
2,109765
9,109766
8,109766
2,109775
2,109842
2,109855
2,109873
2,109891
3,109952
2,109960
5,109982
9,109985
3,109989
2,109995
3,109999
2,110038
2,110042
9,110045
5,110063
3,110066
3,110079
2,110092
5,110098
2,110120
2,110121
3,110126
2,110127
2,110145
2,110159
9,110162
2,110169
9,110175
2,110177
5,110177
8,110178
3,110184
3,110206
2,110220
5,110220
2,110223
2,110224
5,110226
3,110238
5,110248
8,110248
5,110253
2,110254
3,110266
5,110270
5,110273
3,110275
3,110283
2,110285
3,110287
9,110308
9,110312
3,110322
9,110333
8,110335
2,110338
9,110339
2,110352
2,110373
5,110373
5,110374
3,110379
3,110381
2,110382
9,110390
5,110391
3,110408
3,110414
3,110430
3,110447
2,110449
2,110452
2,110457
5,110458
3,110463
2,110472
5,110472
2,110481
2,110482
3,110484
2,110499
9,110500
9,110501
5,110504
5,110512
9,110537
8,110537
9,110541
8,110541
2,110547
2,110630
2,110634
3,110635
2,110638
2,110663
2,110665
2,110684
2,110698
3,110708
3,110746
2,110761
3,110765
2,110771
3,110772
3,110781
2,110796
9,110822
5,110822
9,110829
5,110839
2,110842
3,110849
5,110853
2,110853
2,110886
2,110909
2,110911
2,110914
2,110916
2,110918
2,110923
2,110926
3,110945
2,110949
8,110965
2,110970
9,110981
9,110984
8,111000
8,111001
5,111001
9,111005
2,111012
2,111013
2,111023
2,111032
5,111041
2,111042
2,111048
3,111049
8,111059
2,111062
2,111075
8,111076
2,111089
9,111095
3,111106
9,111118
8,111118
2,111122
2,111123
2,111130
3,111134
3,111150
9,111153
2,111157
9,111165
9,111166
9,111172
9,111188
9,111211
2,111221
8,111221
2,111222
8,111222
2,111231
5,111245
2,111279
2,111303
8,111315
5,111315
2,111335
2,111336
9,111339
9,111340
2,111341
2,111371
2,111377
3,111383
2,111386
2,111400
3,111411
2,111417
9,111421
2,111431
9,111436
9,111439
2,111464
9,111467
2,111474
2,111479
8,111479
5,111479
2,111486
5,111510
3,111532
3,111534
2,111545
2,111547
2,111550
3,111559
3,111573
9,111584
2,111593
9,111599
2,111602
5,111627
9,111629
3,111657
3,111691
3,111692
2,111702
2,111709
2,111715
2,111726
2,111743
2,111756
2,111757
9,111768
5,111770
2,111809
2,111811
3,111812
3,111821
2,111838
2,111841
9,111845
3,111848
9,111855
5,111858
3,111861
2,111865
2,111869
9,111870
3,111874
5,111874
2,111887
9,111889
9,111902
2,111929
2,111934
9,111937
2,111941
3,111942
2,111953
5,111953
2,111963
9,111967
3,111969
3,111980
8,111989
8,111990
9,111991
5,112007
3,112016
2,112021
2,112023
2,112025
2,112026
2,112029
3,112030
3,112031
2,112037
9,112046
8,112046
3,112050
9,112051
9,112057
2,112065
9,112069
2,112076
9,112094
2,112103
2,112129
2,112130
2,112131
3,112145
3,112155
2,112156
3,112161
3,112170
9,112173
2,112174
2,112179
9,112186
2,112196
2,112199
3,112222
2,112230
2,112231
2,112235
3,112242
2,112243
2,112246
2,112250
2,112252
2,112261
3,112269
9,112270
3,112284
3,112285
3,112291
2,112294
9,112464
2,112483
2,112489
2,112498
2,112518
2,112520
2,112528
2,112531
2,112568
2,112576
2,112581
2,112585
3,112586
2,112588
2,112604
3,112646
3,112669
5,112681
9,112684
2,112697
2,112698
2,112731
3,112732
2,112738
2,112747
2,112765
3,112788
5,112788
9,112816
5,112816
2,112819
2,112822
2,112836
9,112838
9,112846
2,112853
3,112871
2,112874
2,112883
2,112884
2,112885
2,112887
2,112896
3,112898
2,112902
8,112925
3,112938
2,112942
3,112956
9,112970
2,112981
9,112992
9,113026
9,113029
2,113034
9,113045
9,113046
8,113051
2,113053
2,113056
2,113069
2,113073
9,113088
3,113096
2,113100
9,113101
9,113103
3,113111
2,113123
3,113127
9,113131
8,113131
2,113140
9,113146
5,113146
3,113147
5,113147
2,113148
2,113152
9,113160
2,113164
9,113166
8,113166
3,113192
2,113211
2,113218
3,113236
2,113247
2,113250
2,113254
2,113268
3,113271
2,113275
2,113280
2,113284
2,113310
2,113362
2,113364
2,113391
2,113393
2,113397
3,113399
2,113406
3,113423
2,113455
2,113495
9,113509
2,113510
2,113512
3,113522
3,113523
9,113531
9,113540
9,113547
2,113554
2,113570
3,113571
2,113572
2,113575
3,113584
2,113590
9,113591
2,113592
2,113599
2,113610
3,113635
2,113630
2,113650
2,113651
3,113656
2,113699
8,113699
2,113722
2,113729
2,113731
8,113731
9,113757
2,113763
2,113767
2,113791
2,113792
3,113809
9,113819
9,113820
3,113822
3,113824
9,113832
5,113832
2,113833
2,113836
2,113857
2,113865
2,113867
2,113880
8,113892
5,113892
2,113916
2,113917
2,113920
8,113921
2,113934
2,113937
2,113940
2,113947
3,113951
2,113953
2,113973
2,113980
2,113997
2,114020
2,114023
2,114026
3,114027
2,114032
2,114037
2,114041
2,114046
2,114050
9,114059
9,114066
9,114068
8,114068
5,114068
9,114070
5,114070
9,114081
8,114081
3,114118
2,114120
2,114124
2,114126
2,114128
2,114133
3,114134
2,114138
2,114140
3,114145
2,114154
3,114158
2,114163
2,114164
3,114172
2,114174
2,114176
9,114177
9,114178
9,114182
2,114216
2,114218
2,114219
2,114280
2,114284
2,114286
3,114289
2,114303
2,114305
2,114313
2,114315
3,114321
9,114326
5,114326
5,114327
2,114330
9,114339
2,114341
2,114355
9,114359
2,114362
9,114367
9,114380
2,114394
2,114415
2,114427
2,114428
3,114431
2,114435
2,114436
2,114441
3,114447
3,114462
3,114463
2,114470
9,114476
2,114483
3,114487
2,114488
9,114503
2,114522
2,114524
2,114565
2,114569
2,114570
3,114573
3,114577
2,114592
2,114599
5,114605
9,114608
2,114639
2,114641
9,114643
2,114656
2,114660
2,114678
2,114686
2,114699
2,114705
3,114714
2,114724
9,114734
3,114737
2,114740
8,114753
5,114753
2,114756
3,114758
2,114800
2,114811
9,114816
9,114828
2,114846
8,114866
2,114872
3,114876
2,114877
9,114881
5,114881
2,114888
3,114912
2,114917
2,114926
2,114931
3,114933
2,114942
2,114965
9,114970
2,114980
5,114985
2,114993
2,114994
2,114997
2,115023
2,115026
2,115031
2,115035
3,115038
9,115043
2,115046
2,115050
2,115055
2,115058
2,115060
2,115064
2,115065
2,115079
9,115084
2,115089
2,115095
9,115114
2,115118
2,115124
3,115147
2,115153
2,115168
9,115175
5,115175
9,115176
5,115176
2,115179
3,115180
2,115185
3,115197
2,115204
2,115206
3,115207
2,115208
3,115228
2,115233
2,115236
2,115249
2,115253
9,115270
2,115271
2,115273
2,115280
3,115298
2,115304
2,115307
3,115311
2,115324
2,115328
9,115340
5,115340
2,115341
3,115343
2,115344
2,115345
3,115346
2,115351
3,115356
5,115356
2,115368
2,115370
9,115371
3,115379
2,115381
2,115384
2,115399
2,115437
9,115438
2,115463
2,115472
2,115475
3,115481
9,115486
5,115486
9,115492
3,115495
3,115497
2,115499
2,115506
9,115508
2,115526
9,115530
2,115531
2,115538
2,115545
2,115547
2,115554
2,115556
9,115563
2,115575
2,115585
3,115591
9,115592
2,115604
3,115609
2,115619
2,115629
9,115635
3,115643
9,115649
5,115649
9,115659
8,115659
8,115660
2,115661
3,115667
9,115679
5,115679
3,115694
2,115701
2,115704
2,115709
2,115712
2,115716
2,115723
3,115729
2,115735
9,115746
9,115750
2,115754
2,115776
2,115785
9,115809
5,115809
8,115829
9,115832
2,115837
2,115839
2,115841
2,115858
5,115880
9,115882
9,115889
5,115889
9,115892
8,115892
8,115893
9,115893
2,115895
5,115895
2,115909
2,115913
2,115919
2,115921
9,115922
5,115924
3,115927
8,115949
9,115949
2,115955
2,115966
9,115980
5,115980
2,115983
5,115990
2,115991
2,115997
9,116006
3,116056
3,116060
5,116065
9,116065
2,116076
2,116077
2,116095
9,116107
3,116136
2,116154
2,116160
2,116173
3,116175
2,116180
2,116184
2,116201
2,116211
9,116225
2,116237
2,116247
2,116252
2,116254
2,116266
2,116273
2,116275
2,116285
3,116297
2,116302
3,116315
2,116321
2,116333
2,116336
2,116337
2,116359
2,116360
2,116388
2,116410
5,116431
3,116437
2,116456
2,116467
9,116472
3,116473
2,116480
3,116486
3,116489
2,116492
2,116495
2,116499
2,116511
2,116517
9,116524
8,116526
2,116540
2,116542
2,116555
2,116558
2,116560
9,116566
2,116570
3,116576
2,116578
2,116579
9,116585
9,116599
2,116618
5,116618
8,116628
2,116629
2,116636
2,116641
2,116645
2,116662
2,116685
2,116694
2,116696
2,116704
8,116705
2,116707
2,116720
2,116724
2,116732
2,116740
2,116753
5,116791
2,116795
2,116799
2,116803
2,116804
8,116818
2,116821
2,116829
2,116830
2,116834
2,116835
2,116859
9,116864
8,116864
2,116874
3,116897
3,116904
2,116916
3,116924
2,116927
9,116928
8,116928
3,116931
2,116932
2,116944
2,116946
2,116954
9,116965
2,116969
2,116973
2,116993
2,116996
2,116999
8,116999
2,117009
5,117018
2,117031
2,117038
2,117045
2,117054
2,117065
3,117073
2,117082
2,117087
2,117093
2,117097
3,117100
3,117105
3,117112
2,117129
2,117153
2,117154
5,117165
2,117169
2,117173
2,117181
2,117182
2,117211
2,117227
2,117233
3,117234
2,117235
2,117252
2,117258
2,117270
2,117275
2,117290
2,117298
2,117311
2,117337
2,117341
2,117344
2,117354
2,117383
2,117384
2,117389
3,117393
9,117397
2,117400
2,117425
2,117433
2,117441
2,117442
2,117448
2,117451
2,117466
9,117467
8,117467
2,117474
2,117495
2,117497
2,117501
2,117516
8,117520
2,117521
3,117565
3,117568
2,117575
2,117580
2,117596
3,117600
3,117601
3,117618
3,117619
2,117627
2,117634
2,117654
2,117656
2,117657
3,117702
2,117704
2,117707
2,117716
2,117728
8,117734
2,117737
3,117740
2,117743
9,117747
2,117748
2,117750
2,117753
2,117757
2,117761
5,117772
5,117777
9,117787
2,117788
2,117790
9,117798
5,117807
3,117838
2,117854
5,117865
3,117866
2,117878
3,117880
2,117883
2,117885
3,117897
2,117903
2,117906
2,117921
9,117922
9,117930
2,117932
2,117941
2,117959
2,117987
3,117998
2,118000
2,118004
3,118013
2,118024
2,118041
2,118045
2,118047
2,118055
9,118061
2,118072
2,118079
2,118089
2,118122
3,118127
2,118137
2,118138
2,118139
2,118156
2,118180
2,118188
9,118192
2,118201
3,118202
5,118210
2,118214
9,118217
2,118223
2,118235
2,118245
2,118255
2,118267
2,118268
9,118278
3,118280
2,118281
3,118282
9,118288
2,118294
3,118301
9,118306
8,118307
9,118310
9,118315
5,118317
2,118329
2,118344
8,118347
2,118351
3,118365
9,118376
2,118380
3,118382
2,118383
2,118385
5,118388
2,118395
2,118418
2,118428
2,118438
3,118457
3,118456
3,118459
2,118462
2,118466
2,118471
2,118496
2,118500
2,118509
2,118514
2,118518
2,118521
3,118546
2,118564
3,118569
2,118573
3,118576
2,118579
2,118580
2,118586
2,118601
2,118606
2,118608
9,118611
9,118582
2,118623
2,118631
3,118632
5,118636
2,118646
3,118667
2,118681
3,118684
3,118693
2,118698
2,118712
2,118720
5,118720
2,118726
5,118734
2,118735
2,118741
2,118753
2,118759
2,118773
2,118774
2,118786
2,118790
2,118818
3,118827
5,118848
3,118863
2,118870
3,118872
2,118877
2,118903
2,118905
5,118922
2,118927
8,118927
2,118932
2,118934
2,118961
2,118980
2,118985
2,118987
2,119001
3,119005
3,119008
2,119015
2,119018
9,119019
3,119042
3,119043
3,119047
2,119066
2,119067
2,119085
2,119093
2,119109
5,119113
2,119138
5,119147
2,119149
5,119152
3,119169
2,119172
2,119189
2,119200
9,119202
5,119204
2,119220
2,119246
2,119249
2,119256
8,119256
2,119263
2,119265
8,119265
8,119270
2,119280
8,119280
5,119280
3,119285
2,119304
2,119307
8,119311
5,119342
2,119352
2,119366
2,119367
5,119373
2,119383
2,119391
2,119396
2,119400
8,119429
2,119430
2,119432
2,119434
2,119437
2,119441
2,119444
2,119450
2,119469
3,119480
2,119495
5,119504
3,119515
2,119521
2,119534
2,119542
2,119557
2,119572
2,119581
2,119582
5,119582
5,119584
2,119606
2,119612
2,119627
2,119636
2,119639
2,119640
2,119644
5,119648
2,119665
5,119665
2,119666
2,119682
2,119683
2,119689
2,119691
2,119697
3,119709
2,119719
3,119730
2,119738
2,119742
2,119747
2,119756
2,119760
2,119780
2,119798
3,119812
2,119848
2,119854
2,119866
2,119871
2,119878
2,119905
2,119911
8,119920
2,119922
5,119930
3,119943
3,119956
2,119980
2,119981
2,119983
2,119984
5,119984
2,119994
2,120002
2,120011
2,120018
2,120024
8,120024
2,120031
5,120035
3,120041
5,120048
2,120050
8,120050
2,120057
2,120064
3,120075
2,120081
3,120099
2,120102
3,120123
5,120125
2,120132
2,120153
2,120156
2,120183
3,120185
2,120211
2,120215
2,120229
3,120246
3,120259
5,120262
2,120283
2,120291
2,120308
2,120314
3,120336
5,120336
2,120353
3,120368
2,120375
2,120378
3,120396
2,120401
2,120416
3,120420
3,120422
2,120427
2,120436
3,120443
2,120458
3,120463
2,120468
2,120482
2,120496
2,120515
3,120545
2,120548
2,120557
2,120572
3,120575
5,120587
8,120587
2,120591
2,120605
3,120625
8,120631
3,120634
2,120640
5,120641
5,120647
2,120655
2,120674
8,120674
5,120680
8,120680
2,120695
5,120697
2,120698
2,120731
2,120737
3,120743
2,120754
2,120757
2,120771
3,120784
5,120800
2,120805
2,120810
5,120810
5,120811
2,120814
8,120814
3,120819
2,120820
2,120824
3,120832
2,120838
2,120846
2,120850
2,120854
8,120861
2,120862
2,120867
2,120870
2,120900
3,120901
3,120903
2,120909
3,120912
5,120912
2,120928
2,120938
8,120956
2,120986
2,121013
8,121013
2,121015
3,121017
2,121020
2,121037
3,121045
3,121056
2,121076
2,121086
2,121092
5,121101
5,121102
2,121103
2,121107
2,121121
2,121122
2,121131
5,121173
5,121179
3,121198
5,121206
3,121208
5,121218
2,121234
3,121237
5,121237
2,121248
2,121252
2,121256
2,121275
2,121288
2,121291
2,121306
2,121324
2,121340
2,121358
3,121360
2,121361
2,121372
2,121381
3,121393
2,121410
5,121416
2,121418
8,121418
2,121444
2,121449
2,121454
3,121485
5,121490
2,121514
5,121532
3,121543
5,121543
3,121544
8,121544
2,121553
3,121554
2,121571
2,121589
2,121614
5,121615
2,121616
3,121632
5,121651
5,121664
2,121667
2,121675
3,121676
5,121677
2,121691
3,121699
2,121705
2,121707
8,121707
2,121708
2,121713
2,121715
2,121727
5,121738
2,121759
8,121764
3,121773
5,121781
2,121781
2,121788
5,121803
3,121824
5,121824
2,121825
8,121826
2,121828
3,121830
3,121836
2,121837
2,121838
3,121851
2,121875
2,121881
3,121882
2,121896
2,121909
2,121920
2,121925
2,121928
2,121939
2,121963
2,121996
5,121996
2,122000
3,122005
2,122032
2,122036
2,122048
2,122052
8,122058
2,122059
5,122059
2,122062
2,122063
2,122093
2,122112
3,122142
2,122160
8,122171
2,122175
2,122187
2,122188
2,122189
2,122192
2,122194
2,122198
2,122205
2,122231
8,122244
2,122250
2,122255
3,122259
2,122325
2,122332
2,122337
2,122342
2,122343
5,122345
3,122346
5,122346
2,122361
2,122365
2,122381
3,122382
2,122383
2,122385
5,122457
3,122461
2,122464
2,122487
2,122506
2,122527
2,122533
2,122551
2,122552
2,122559
2,122577
5,122577
8,122586
5,122593
2,122594
2,122601
3,122603
5,122604
2,122605
2,122644
2,122646
2,122648
5,122657
2,122671
5,122684
2,122694
8,122698
2,122706
2,122707
2,122709
2,122710
5,122710
2,122715
2,122719
3,122721
3,122751
2,122757
2,122758
5,122763
5,122767
3,122794
3,122801
2,122808
2,122810
2,122819
2,122825
3,122826
3,122831
3,122839
3,122867
2,122868
3,122871
2,122880
2,122909
2,122918
2,122920
2,122928
2,122933
5,122937
5,122938
5,122967
2,122980
5,122980
2,122992
2,123045
3,123051
2,123059
2,123061
8,123061
2,123065
2,123098
2,123100
3,123105
2,123106
2,123107
5,123108
2,123116
3,123141
2,123143
2,123155
2,123170
2,123197
3,123207
2,123216
2,123217
2,123240
2,123255
3,123258
2,123269
2,123276
2,123278
2,123302
5,123302
3,123303
3,123325
2,123327
2,123333
3,123337
2,123351
8,123357
2,123379
5,123379
3,123380
2,123386
5,123394
2,123410
2,123423
5,123426
2,123515
3,123519
2,123523
2,123525
2,123538
2,123539
2,123541
2,123549
3,123584
2,123593
3,123633
2,123637
2,123638
8,123638
2,123639
2,123671
2,123686
5,123689
3,123695
3,123710
2,123711
2,123716
5,123741
5,123774
2,123787
3,123824
3,123829
2,123838
2,123840
2,123849
2,123879
2,123884
2,123858
5,123891
2,123930
3,123938
3,123942
3,123945
2,123956
2,123961
5,123982
2,124002
2,124012
2,124015
5,124025
2,124035
3,124049
2,124081
2,124082
2,124083
3,124085
3,124087
3,124094
3,124097
2,124100
2,124102
2,124145
2,124159
2,124195
3,124220
2,124236
8,124237
2,124244
2,124247
3,124251
3,124255
2,124264
2,124271
2,124276
2,124277
2,124285
2,124290
2,124291
2,124340
3,124343
2,124360
2,124371
3,124377
2,124378
5,124392
5,124394
2,124404
3,124413
2,124419
5,124419
5,124426
5,124427
2,124456
2,124478
2,124487
2,124488
2,124492
2,124497
2,124505
5,124505
2,124511
3,124514
2,124520
2,124533
2,124534
2,124550
3,124554
2,124558
5,124590
8,124591
5,124606
2,124620
5,124620
2,124623
8,124623
8,124628
2,124633
3,124649
2,124653
2,124661
2,124665
2,124669
8,124670
2,124680
2,124691
2,124724
3,124729
2,124739
2,124743
2,124747
2,124750
2,124751
3,124753
2,124760
2,124763
2,124759
8,124767
5,124774
2,124791
5,124802
8,124824
5,124824
2,124828
2,124836
2,124837
2,124845
2,124848
2,124866
2,124870
2,124871
2,124873
8,124890
2,124894
2,124938
2,124949
3,124963
2,124980
2,124992
3,125003
2,125007
2,125008
2,125016
2,125031
3,125042
2,125048
2,125055
3,125058
2,125083
3,125115
2,125126
5,125140
2,125141
2,125152
2,125168
3,125174
5,125178
2,125219
2,125280
5,125300
2,125311
5,125321
2,125325
2,125338
2,125339
2,125349
2,125360
2,125372
2,125374
2,125375
2,125382
2,125394
3,125407
2,125427
2,125431
2,125447
2,125460
3,125473
3,125480
2,125481
2,125482
2,125502
2,125522
2,125524
8,125524
2,125525
2,125530
2,125533
2,125536
3,125545
5,125558
8,125567
3,125575
3,125579
5,125590
2,125591
3,125600
5,125603
2,125609
3,125626
2,125630
3,125653
2,125683
3,125685
2,125696
2,125707
2,125712
5,125712
2,125727
2,125739
2,125741
2,125742
5,125753
2,125768
2,125808
2,125814
2,125815
2,125821
2,125830
2,125840
2,125846
3,125877
2,125879
2,125890
2,125895
8,125897
3,125899
5,125913
2,125921
2,125933
2,125948
2,125966
3,125969
2,125971
2,125972
2,125977
2,125987
2,125988
3,125992
2,125997
2,126001
2,126004
2,126021
3,126031
2,126040
3,126054
3,126065
2,126082
2,126084
2,126087
2,126094
3,126105
2,126106
3,126111
2,126112
2,126122
3,126136
8,126138
2,126140
2,126141
2,126151
5,126167
2,126178
2,126190
2,126194
2,126209
3,126210
2,126212
2,126214
2,126227
3,126238
2,126254
3,126257
3,126258
2,126267
2,126280
2,126281
3,126286
2,126306
2,126315
2,126327
2,126338
2,126339
3,126363
2,126375
2,126377
2,126400
2,126430
2,126439
5,126439
8,126444
5,126481
2,126482
2,126486
2,126492
2,126508
3,126511
8,126519
2,126522
2,126526
2,126536
2,126540
2,126541
2,126544
2,126545
2,126553
2,126558
2,126562
3,126580
5,126581
3,126588
2,126597
2,126598
2,126602
2,126616
3,126619
3,126625
2,126630
2,126638
2,126644
3,126655
2,126667
2,126670
2,126671
5,126671
3,126677
5,126678
2,126687
3,126690
2,126692
3,126693
5,126694
5,126696
2,126697
5,126698
2,126698
8,126700
5,126700
2,126701
8,126702
5,126703
3,126704
3,126711
8,126719
2,126722
2,126723
8,126726
2,126729
2,126733
5,126736
5,126741
5,126747
3,126754
3,126761
2,126771
5,126771
5,126772
2,126773
8,126773
3,126791
2,126829
2,126831
2,126847
3,126850
2,126881
3,126891
2,126907
2,126912
3,126941
2,126949
2,126969
5,126981
2,126997
2,127007
2,127014
2,127017
2,127019
3,127027
2,127035
2,127043
2,127061
2,127070
3,127073
2,127111
2,127117
3,127123
3,127124
2,127129
2,127147
2,127149
2,127152
3,127162
3,127163
2,127180
2,127258
2,127260
2,127278
5,127278
2,127282
3,127284
2,127285
2,127287
3,127295
2,127300
2,127318
2,127333
3,127339
2,127340
3,127351
2,127391
5,127391
2,127398
5,127421
8,127432
2,127453
2,127488
5,127488
3,127495
2,127500
2,127513
2,127517
8,127517
3,127540
2,127552
2,127558
2,127559
3,127569
3,127574
2,127624
2,127636
2,127650
2,127653
2,127717
2,127733
2,127735
3,127745
3,127754
2,127756
2,127760
2,127761
2,127762
3,127777
2,127779
2,127784
5,127806
2,127808
2,127863
2,127876
2,127878
2,127879
2,127882
2,127898
2,127911
3,127913
2,127919
2,127921
5,127936
2,128030
3,128051
2,128057
2,128059
2,128062
2,128067
2,128069
2,128070
3,128072
2,128081
3,128087
5,128092
3,128155
2,128160
2,128169
2,128172
2,128184
3,128196
2,128197
2,128205
2,128213
2,128222
2,128231
3,128237
8,128246
2,128248
5,128261
3,128282
8,128287
3,128315
2,128318
2,128323
2,128324
2,128331
2,128335
2,128338
3,128340
3,128365
2,128376
2,128382
5,128383
2,128385
8,128417
2,128426
2,128436
2,128437
2,128442
2,128449
3,128451
8,128456
2,128462
2,128468
8,128468
2,128471
8,128471
5,128471
5,128485
3,128504
3,128532
2,128534
2,128535
2,128539
2,128552
2,128571
2,128572
2,128573
3,128574
5,128587
2,128607
2,128619
2,128620
3,128633
2,128640
2,128647
5,128648
3,128649
2,128695
2,128706
2,128712
8,128726
2,128730
3,128738
2,128742
2,128748
2,128750
2,128761
2,128763
2,128766
2,128774
2,128791
3,128794
5,128818
2,128831
2,128879
2,128882
2,128922
5,128922
2,128956
3,128968
2,128973
2,128986
2,128989
3,128990
2,128993
2,129016
2,129020
3,129021
3,129030
5,129031
2,129053
2,129070
2,129109
2,129096
2,129117
2,129118
3,129119
2,129122
2,129145
3,129205
3,129206
2,129210
3,129211
5,129212
2,129214
2,129235
3,129236
2,129239
8,129245
2,129261
5,129261
2,129264
2,129294
2,129333
2,129334
2,129344
5,129349
2,129383
3,129385
2,129386
2,129403
3,129409
2,129422
2,129423
5,129435
8,129445
8,129450
5,129450
3,129460
5,129460
5,129479
2,129480
3,129495
2,129496
2,129497
2,129524
3,129528
2,129557
2,129558
3,129571
5,129574
8,129587
2,129589
2,129598
2,129604
2,129624
3,129630
5,129630
2,129638
5,129657
3,129660
2,129664
2,129689
3,129693
2,129694
2,129755
2,129761
2,129766
2,129800
2,129822
2,129867
5,129869
2,129903
2,129904
3,129910
2,129914
3,129928
2,129967
3,129972
2,129985
5,129985
2,129991
2,130004
2,130005
2,130011
2,130017
3,130037
2,130061
3,130074
2,130081
2,130086
2,130088
5,130105
2,130129
2,130134
2,130158
2,130166
2,130172
2,130174
2,130175
2,130199
2,130238
2,130246
2,130249
2,130277
5,130293
2,130332
2,130377
3,130394
2,130395
2,130404
2,130422
2,130428
2,130429
2,130442
2,130443
5,130473
2,130487
2,130504
2,130516
3,130533
2,130546
2,130547
2,130566
2,130571
2,130597
3,130602
2,130606
8,130611
2,130617
8,130627
3,130633
5,130634
2,130638
5,130664
2,130675
2,130723
2,130737
3,130744
2,130757
2,130793
2,130803
2,130809
2,130815
8,130830
5,130830
2,130836
2,130840
2,130845
2,130847
3,130872
5,130887
8,130918
2,130946
3,130953
2,130955
3,130973
2,130979
3,130992
3,130993
2,131025
8,131028
2,131054
2,131067
2,131073
2,131077
3,131115
3,131136
2,131151
2,131171
2,131194
2,131195
3,131213
2,131224
2,131244
2,131245
3,131258
2,131291
2,131292
2,131319
2,131359
2,131439
3,131454
3,131474
2,131475
2,131478
2,131480
5,131484
3,131525
2,131588
2,131612
2,131652
2,131654
5,131654
8,131657
3,131686
2,131692
2,131694
2,131695
2,131708
3,131709
3,131710
2,131715
5,131715
5,131716
2,131771
2,131818
2,131819
2,131844
2,131859
2,131881
2,131891
2,131899
2,131910
8,131911
2,131918
3,131919
3,131930
2,131932
2,131945
2,131956
2,131964
2,131987
3,131998
2,132012
5,132022
2,132064
2,132101
5,132125
2,132147
3,132157
2,132161
2,132174
2,132242
2,132250
2,132251
3,132257
2,132262
2,132266
3,132272
2,132306
2,132318
5,132342
3,132398
2,132412
3,132422
2,132431
2,132433
2,132434
2,132452
3,132459
2,132464
2,132465
2,132467
2,132474
5,132531
2,132565
2,132566
2,132592
2,132594
2,132611
2,132616
3,132628
3,132632
2,132652
2,132653
2,132666
2,132667
2,132670
5,132675
2,132705
2,132712
2,132725
5,132728
3,132762
2,132768
3,132794
2,132797
5,132807
2,132812
2,132821
8,132847
8,132852
5,132852
2,132859
3,132860
2,132862
4,132863
8,132865
2,132867
2,132875
2,132883
2,132896
2,132925
2,132929
2,132936
2,132977
2,132989
2,133005
2,133011
3,133015
2,133027
2,133032
3,133037
5,133045
2,133046
2,133070
8,133070
2,133077
5,133100
2,133125
2,133133
2,133172
3,133173
2,133186
2,133191
2,133194
2,133204
3,133211
2,133222
2,133240
2,133259
2,133264
3,133277
2,133313
2,133332
2,133375
2,133382
3,133390
3,133391
2,133394
2,133395
2,133397
2,133405
2,133408
2,133412
2,133448
5,133464
2,133478
2,133493
2,133509
3,133533
3,133535
2,133555
2,133563
2,133566
2,133576
5,133596
3,133627
3,133631
2,133689
2,133715
3,133717
2,133721
2,133725
3,133731
3,133741
2,133745
2,133764
2,133799
3,133809
2,133812
2,133829
5,133832
2,133844
2,133858
2,133859
2,133862
2,133870
2,133887
2,133894
2,133910
2,133924
3,133925
3,133928
2,133929
2,133932
2,133963
2,133969
5,133974
5,133986
2,133990
5,134004
2,134012
2,134019
5,134022
5,134034
3,134045
3,134048
3,134057
3,134058
2,134066
2,134074
5,134074
8,134074
9,134075
8,134075
5,134075
5,134099
2,134106
2,134118
2,134133
2,134134
2,134142
3,134152
2,134166
2,134180
8,134180
3,134195
2,134215
2,134240
2,134243
2,134256
2,134257
2,134291
3,134299
2,134300
2,134301
5,134301
5,134310
2,134316
2,134321
5,134322
3,134352
5,134358
5,134393
5,134403
5,134406
2,134434
3,134472
2,134476
2,134480
2,134486
2,134487
2,134494
2,134502
2,134509
2,134520
2,134523
2,134546
2,134557
2,134571
2,134581
2,134612
8,134619
5,134622
2,134624
8,134624
5,134627
2,134632
5,134633
2,134633
5,134637
8,134646
2,134664
2,134665
5,134674
2,134675
2,134680
8,134680
5,134681
5,134683
2,134687
2,134693
8,134693
5,134727
5,134728
2,134744
5,134746
2,134746
5,134758
8,134759
8,134760
2,134761
2,134763
2,134765
5,134765
8,134771
3,134775
2,134781
5,134793
5,134819
2,134824
8,134824
2,134841
2,134855
5,134856
2,134861
2,134863
2,134881
2,134885
2,134888
3,134894
5,134908
2,134926
5,134940
2,134950
2,134952
8,134952
2,134964
8,134965
2,134965
2,134966
3,134981
2,134995
5,134995
3,135000
2,135010
5,135011
2,135015
3,135016
2,135027
2,135034
2,135054
5,135054
2,135058
2,135078
2,135097
2,135099
2,135100
5,135105
5,135109
3,135111
5,135111
5,135115
5,135130
5,135141
5,135143
2,135145
2,135148
2,135152
3,135154
5,135202
2,135223
3,135260
2,135265
5,135265
2,135274
2,135277
2,135285
2,135296
5,135299
3,135308
3,135309
2,135325
8,135325
2,135341
2,135359
2,135360
3,135363
2,135368
2,135369
2,135384
2,135385
2,135399
2,135409
2,135412
2,135420
2,135425
8,135425
2,135437
2,135444
2,135446
2,135453
5,135463
2,135466
3,135470
2,135504
2,135506
2,135512
2,135522
2,135535
2,135548
2,135566
5,135572
2,135579
8,135580
5,135581
5,135583
2,135589
5,135600
2,135606
2,135626
5,135630
5,135631
2,135634
2,135635
2,135640
5,135654
5,135657
2,135658
5,135658
3,135663
5,135669
2,135670
5,135673
9,135681
5,135681
2,135701
5,135719
5,135720
2,135729
2,135736
2,135744
2,135746
3,135747
2,135755
2,135777
2,135804
2,135829
2,135831
2,135841
3,135857
2,135872
2,135877
2,135880
2,135881
2,135904
3,135909
5,135918
2,135956
2,135973
2,135974
2,135975
2,136004
2,136005
2,136032
2,136036
2,136038
2,136045
8,136045
2,136060
3,136064
2,136072
2,136090
3,136096
2,136101
2,136104
5,136154
2,136174
3,136182
2,136188
2,136191
2,136192
2,136195
2,136197
2,136203
2,136217
5,136217
5,136220
2,136229
2,136237
2,136242
2,136244
2,136266
2,136267
5,136273
2,136296
2,136305
2,136333
2,136343
2,136366
3,136372
2,136410
2,136411
2,136423
2,136433
2,136434
2,136436
2,136445
2,136451
2,136455
2,136471
2,136475
2,136508
2,136520
5,136520
2,136536
2,136537
2,136545
2,136558
2,136564
3,136574
3,136584
2,136591
2,136598
2,136605
2,136608
2,136626
2,136627
5,136630
2,136632
2,136638
2,136653
2,136662
2,136699
2,136713
2,136717
2,136722
2,136724
2,136735
2,136736
2,136737
9,136746
3,136751
2,136768
2,136773
8,136806
2,136808
2,136809
2,136812
5,136812
2,136828
