Id,HorseId,status,UserId,ChangedAt,CreatedAt
1,20143763,Turned Out,1,2020-09-09 12:00:57,2020-11-26 14:37:02
2,20122346,Turned Out,1,2020-09-09 12:18:11,2020-11-26 14:37:02
3,20131014,Turned Out,1,2020-09-09 12:21:52,2020-11-26 14:37:02
4,20081873,Turned Out,1,2020-09-09 12:23:32,2020-11-26 14:37:02
5,20150866,Turned Out,1,2020-09-09 12:24:50,2020-11-26 14:37:02
6,20172346,Turned Out,1,2020-09-09 12:27:14,2020-11-26 14:37:02
7,20142504,Turned Out,1,2020-09-09 12:31:36,2020-11-26 14:37:02
8,20143763,Turned Out,1,2020-09-09 00:00:00,2020-11-26 14:37:02
9,20122346,Turned Out,1,2020-09-09 00:00:00,2020-11-26 14:37:02
10,20131014,Turned Out,1,2020-09-09 00:00:00,2020-11-26 14:37:03
11,20081873,Turned Out,1,2020-09-09 00:00:00,2020-11-26 14:37:03
12,20150866,Turned Out,1,2020-09-09 00:00:00,2020-11-26 14:37:03
13,20133285,Turned Out,1,2020-09-09 00:00:00,2020-11-26 14:37:03
14,20142504,Turned Out,1,2020-09-09 00:00:00,2020-11-26 14:37:03
15,20081813,Turned Out,1,2020-09-09 00:00:00,2020-11-26 14:37:03
16,20151681,Turned Out,1,2020-09-09 00:00:00,2020-11-26 14:37:03
17,20161543,Turned Out,1,2020-09-09 00:00:00,2020-11-26 14:37:03
18,20160864,Turned Out,1,2020-09-09 00:00:00,2020-11-26 14:37:03
19,20142362,Turned Out,1,2020-09-09 00:00:00,2020-11-26 14:37:03
20,20151727,Turned Out,1,2020-09-09 00:00:00,2020-11-26 14:37:04
21,20171410,Turned Out,1,2020-09-09 00:00:00,2020-11-26 14:37:04
22,20133098,Turned Out,1,2020-09-09 00:00:00,2020-11-26 14:37:04
23,20120726,Turned Out,1,2020-09-09 00:00:00,2020-11-26 14:37:04
24,20161503,Turned Out,1,2020-09-09 00:00:00,2020-11-26 14:37:04
25,20151005,Turned Out,1,2020-09-09 00:00:00,2020-11-26 14:37:04
26,20161861,Turned Out,1,2020-09-09 00:00:00,2020-11-26 14:37:04
27,20113269,Turned Out,1,2020-09-09 00:00:00,2020-11-26 14:37:04
28,20152204,Turned Out,1,2020-09-09 00:00:00,2020-11-26 14:37:05
29,20111225,Turned Out,1,2020-09-09 00:00:00,2020-11-26 14:37:05
30,20103847,Turned Out,1,2020-09-09 00:00:00,2020-11-26 14:37:05
31,20141956,Turned Out,1,2020-09-09 00:00:00,2020-11-26 14:37:05
32,20152557,Turned Out,1,2020-09-09 00:00:00,2020-11-26 14:37:05
33,20162202,Turned Out,1,2020-09-09 00:00:00,2020-11-26 14:37:05
34,20162217,Turned Out,1,2020-09-09 00:00:00,2020-11-26 14:37:05
35,20120271,Turned Out,1,2020-09-09 00:00:00,2020-11-26 14:37:05
36,20152522,Turned Out,1,2020-09-09 00:00:00,2020-11-26 14:37:06
37,20153403,Turned Out,1,2020-09-09 00:00:00,2020-11-26 14:37:06
38,20151585,Turned Out,1,2020-09-09 00:00:00,2020-11-26 14:37:06
39,20171329,Turned Out,1,2020-09-09 00:00:00,2020-11-26 14:37:06
40,20162939,Turned Out,1,2020-09-09 00:00:00,2020-11-26 14:37:06
41,20160728,Turned Out,1,2020-09-09 00:00:00,2020-11-26 14:37:06
42,20162893,Turned Out,1,2020-09-09 00:00:00,2020-11-26 14:37:07
43,20170337,Turned Out,1,2020-09-09 00:00:00,2020-11-26 14:37:07
44,20123570,Turned Out,1,2020-09-09 00:00:00,2020-11-26 14:37:07
45,20150124,Turned Out,1,2020-09-09 00:00:00,2020-11-26 14:37:07
46,20140080,Turned Out,1,2020-09-09 00:00:00,2020-11-26 14:37:07
47,20160420,Turned Out,1,2020-09-09 00:00:00,2020-11-26 14:37:07
48,20133189,Turned Out,1,2020-09-09 00:00:00,2020-11-26 14:37:07
49,20160546,Turned Out,1,2020-09-09 00:00:00,2020-11-26 14:37:08
50,20151207,Turned Out,1,2020-09-09 00:00:00,2020-11-26 14:37:08
51,20131125,Turned Out,1,2020-09-09 00:00:00,2020-11-26 14:37:08
52,20153443,Turned Out,1,2020-09-09 00:00:00,2020-11-26 14:37:08
53,20150391,Turned Out,1,2020-09-09 00:00:00,2020-11-26 14:37:08
54,20134257,Turned Out,1,2020-09-09 00:00:00,2020-11-26 14:37:08
55,20151343,Turned Out,1,2020-09-09 00:00:00,2020-11-26 14:37:09
56,20150013,Turned Out,1,2020-09-09 00:00:00,2020-11-26 14:37:09
57,20140186,Turned Out,1,2020-09-09 00:00:00,2020-11-26 14:37:09
58,20122275,Turned Out,1,2020-09-09 00:00:00,2020-11-26 14:37:09
59,20111018,Turned Out,1,2020-09-09 00:00:00,2020-11-26 14:37:09
60,20142155,Turned Out,1,2020-09-09 00:00:00,2020-11-26 14:37:09
61,20123696,Turned Out,1,2020-09-09 00:00:00,2020-11-26 14:37:10
62,20152491,Turned Out,1,2020-09-09 00:00:00,2020-11-26 14:37:10
63,20162333,Turned Out,1,2020-09-09 00:00:00,2020-11-26 14:37:10
64,20143783,Turned Out,1,2020-09-09 00:00:00,2020-11-26 14:37:10
65,20150184,Turned Out,1,2020-09-09 00:00:00,2020-11-26 14:37:10
66,20140580,Turned Out,1,2020-09-09 00:00:00,2020-11-26 14:37:10
67,20162464,Turned Out,1,2020-09-09 00:00:00,2020-11-26 14:37:11
68,20142302,Turned Out,1,2020-09-09 00:00:00,2020-11-26 14:37:11
69,20152077,Turned Out,1,2020-09-09 00:00:00,2020-11-26 14:37:11
70,20170640,Turned Out,1,2020-09-09 00:00:00,2020-11-26 14:37:11
71,20131443,Turned Out,1,2020-09-09 00:00:00,2020-11-26 14:37:11
72,20153483,Turned Out,1,2020-09-09 00:00:00,2020-11-26 14:37:11
73,20142600,Turned Out,1,2020-09-09 00:00:00,2020-11-26 14:37:12
74,20151383,Turned Out,1,2020-09-09 00:00:00,2020-11-26 14:37:12
75,20120195,Turned Out,1,2020-09-09 00:00:00,2020-11-26 14:37:12
76,20142039,Turned Out,1,2020-09-09 00:00:00,2020-11-26 14:37:12
77,20132637,Turned Out,1,2020-09-09 00:00:00,2020-11-26 14:37:12
78,20162439,Turned Out,1,2020-09-09 00:00:00,2020-11-26 14:37:12
79,20161912,Turned Out,1,2020-09-09 00:00:00,2020-11-26 14:37:12
80,20151545,Turned Out,1,2020-09-09 00:00:00,2020-11-26 14:37:13
81,20110940,Turned Out,1,2020-09-09 00:00:00,2020-11-26 14:37:13
82,20150311,Turned Out,1,2020-09-09 00:00:00,2020-11-26 14:37:13
83,20162520,Turned Out,1,2020-09-09 00:00:00,2020-11-26 14:37:13
84,20141390,Turned Out,1,2020-09-09 00:00:00,2020-11-26 14:37:13
85,20153327,Turned Out,1,2020-09-09 00:00:00,2020-11-26 14:37:13
86,20151252,Turned Out,1,2020-09-09 00:00:00,2020-11-26 14:37:13
87,20091679,Turned Out,1,2020-09-09 00:00:00,2020-11-26 14:37:13
88,20142968,Turned Out,1,2020-09-09 00:00:00,2020-11-26 14:37:14
89,20134131,Turned Out,1,2020-09-09 00:00:00,2020-11-26 14:37:14
90,20140873,Turned Out,1,2020-09-09 00:00:00,2020-11-26 14:37:14
91,20142822,Turned Out,1,2020-09-09 00:00:00,2020-11-26 14:37:14
92,20133109,Turned Out,1,2020-09-09 00:00:00,2020-11-26 14:37:14
93,20131105,Turned Out,1,2020-09-09 00:00:00,2020-11-26 14:37:14
94,20160526,Turned Out,1,2020-09-09 00:00:00,2020-11-26 14:37:14
95,20143354,Turned Out,1,2020-09-09 00:00:00,2020-11-26 14:37:14
96,20160591,Turned Out,1,2020-09-09 00:00:00,2020-11-26 14:37:14
97,20132480,Turned Out,1,2020-09-09 00:00:00,2020-11-26 14:37:15
98,20152239,Turned Out,1,2020-09-09 00:00:00,2020-11-26 14:37:15
99,20162328,Turned Out,1,2020-09-09 00:00:00,2020-11-26 14:37:15
100,20120357,Turned Out,1,2020-09-09 00:00:00,2020-11-26 14:37:15
101,20152486,Turned Out,1,2020-09-09 00:00:00,2020-11-26 14:37:15
102,20142286,Turned Out,1,2020-09-09 00:00:00,2020-11-26 14:37:15
103,20093613,Turned Out,1,2020-09-09 00:00:00,2020-11-26 14:37:15
104,20162722,Turned Out,1,2020-09-09 00:00:00,2020-11-26 14:37:16
105,20101530,Turned Out,1,2020-09-09 00:00:00,2020-11-26 14:37:16
106,20122235,Turned Out,1,2020-09-09 00:00:00,2020-11-26 14:37:16
107,20152188,Turned Out,1,2020-09-09 00:00:00,2020-11-26 14:37:16
108,20171445,Turned Out,1,2020-09-09 00:00:00,2020-11-26 14:37:16
109,20140277,Turned Out,1,2020-09-09 00:00:00,2020-11-26 14:37:16
110,20162424,Turned Out,1,2020-09-09 00:00:00,2020-11-26 14:37:17
111,20113143,Turned Out,1,2020-09-09 00:00:00,2020-11-26 14:37:17
112,20152380,Turned Out,1,2020-09-09 00:00:00,2020-11-26 14:37:17
113,20142584,Turned Out,1,2020-09-09 00:00:00,2020-11-26 14:37:17
114,20151525,Turned Out,1,2020-09-09 00:00:00,2020-11-26 14:37:18
115,20162580,Turned Out,1,2020-09-09 00:00:00,2020-11-26 14:37:18
116,20141416,Turned Out,1,2020-09-09 00:00:00,2020-11-26 14:37:18
117,20150331,Turned Out,1,2020-09-09 00:00:00,2020-11-26 14:37:18
118,20172391,Turned Out,1,2020-09-09 00:00:00,2020-11-26 14:37:18
119,20131978,Turned Out,1,2020-09-09 00:00:00,2020-11-26 14:37:18
120,20170397,Turned Out,1,2020-09-09 00:00:00,2020-11-26 14:37:18
121,20152062,Turned Out,1,2020-09-09 00:00:00,2020-11-26 14:37:19
122,20161083,Turned Out,1,2020-09-09 00:00:00,2020-11-26 14:37:19
123,20140944,Turned Out,1,2020-09-09 00:00:00,2020-11-26 14:37:19
124,20151116,Turned Out,1,2020-09-09 00:00:00,2020-11-26 14:37:19
125,20160359,Turned Out,1,2020-09-09 00:00:00,2020-11-26 14:37:19
126,20121192,Turned Out,1,2020-09-09 00:00:00,2020-11-26 14:37:19
127,20163163,Turned Out,1,2020-09-09 00:00:00,2020-11-26 14:37:19
128,20161710,Turned Out,1,2020-09-09 00:00:00,2020-11-26 14:37:20
129,20131392,Turned Out,1,2020-09-09 00:00:00,2020-11-26 14:37:20
130,20131069,Turned Out,1,2020-09-09 00:00:00,2020-11-26 14:37:20
131,20150740,Turned Out,1,2020-09-09 00:00:00,2020-11-26 14:37:20
132,20143041,Turned Out,1,2020-09-09 00:00:00,2020-11-26 14:37:20
133,20142791,Turned Out,1,2020-09-09 00:00:00,2020-11-26 14:37:20
134,20153589,Turned Out,1,2020-09-09 00:00:00,2020-11-26 14:37:21
135,20152022,Turned Out,1,2020-09-09 00:00:00,2020-11-26 14:37:21
136,20140146,Turned Out,1,2020-09-09 00:00:00,2020-11-26 14:37:21
137,20131029,Turned Out,1,2020-09-09 00:00:00,2020-11-26 14:37:21
138,20111301,Turned Out,1,2020-09-09 00:00:00,2020-11-26 14:37:21
139,20122891,Turned Out,1,2020-09-09 00:00:00,2020-11-26 14:37:21
140,20150806,Turned Out,1,2020-09-09 00:00:00,2020-11-26 14:37:22
141,20133412,Turned Out,1,2020-09-09 00:00:00,2020-11-26 14:37:22
142,20120751,Turned Out,1,2020-09-09 00:00:00,2020-11-26 14:37:22
143,20142357,Turned Out,1,2020-09-09 00:00:00,2020-11-26 14:37:22
144,20130113,Turned Out,1,2020-09-09 00:00:00,2020-11-26 14:37:22
145,20133321,Turned Out,1,2020-09-09 00:00:00,2020-11-26 14:37:22
146,20073697,Turned Out,1,2020-09-09 00:00:00,2020-11-26 14:37:22
147,20161881,Turned Out,1,2020-09-09 00:00:00,2020-11-26 14:37:23
148,20153387,Turned Out,1,2020-09-09 00:00:00,2020-11-26 14:37:23
149,20130693,Turned Out,1,2020-09-09 00:00:00,2020-11-26 14:37:23
150,20140646,Turned Out,1,2020-09-09 00:00:00,2020-11-26 14:37:23
151,20110622,Turned Out,1,2020-09-09 00:00:00,2020-11-26 14:37:23
152,20110748,Turned Out,1,2020-09-09 00:00:00,2020-11-26 14:37:23
153,20160708,Turned Out,1,2020-09-09 00:00:00,2020-11-26 14:37:24
154,20151590,Turned Out,1,2020-09-09 00:00:00,2020-11-26 14:37:24
155,20141774,Turned Out,1,2020-09-09 00:00:00,2020-11-26 14:37:24
156,20161927,Turned Out,1,2020-09-09 00:00:00,2020-11-26 14:37:24
157,20152628,Turned Out,1,2020-09-09 00:00:00,2020-11-26 14:37:24
158,20150220,Turned Out,1,2020-09-09 00:00:00,2020-11-26 14:37:24
159,20132551,Turned Out,1,2020-09-09 00:00:00,2020-11-26 14:37:24
160,20152168,Turned Out,1,2020-09-09 00:00:00,2020-11-26 14:37:25
161,20140520,Turned Out,1,2020-09-09 00:00:00,2020-11-26 14:37:25
162,20140560,Turned Out,1,2020-09-09 00:00:00,2020-11-26 14:37:25
163,20161043,Turned Out,1,2020-09-09 00:00:00,2020-11-26 14:37:25
164,20161078,Turned Out,1,2020-09-09 00:00:00,2020-11-26 14:37:25
165,20121470,Turned Out,1,2020-09-09 00:00:00,2020-11-26 14:37:25
166,20162737,Turned Out,1,2020-09-09 00:00:00,2020-11-26 14:37:25
167,20152128,Turned Out,1,2020-09-09 00:00:00,2020-11-26 14:37:25
168,20153165,Turned Out,1,2020-09-09 00:00:00,2020-11-26 14:37:26
169,20131458,Turned Out,1,2020-09-09 00:00:00,2020-11-26 14:37:26
170,20161265,Turned Out,1,2020-09-09 00:00:00,2020-11-26 14:37:26
171,20171081,Turned Out,1,2020-09-09 00:00:00,2020-11-26 14:37:26
172,20160824,Turned Out,1,2020-09-09 00:00:00,2020-11-26 14:37:26
173,20172280,Turned Out,1,2020-09-09 00:00:00,2020-11-26 14:37:26
174,20123969,Turned Out,1,2020-09-09 00:00:00,2020-11-26 14:37:27
175,20151232,Turned Out,1,2020-09-09 00:00:00,2020-11-26 14:37:27
176,20131534,Turned Out,1,2020-09-09 00:00:00,2020-11-26 14:37:27
177,20142862,Turned Out,1,2020-09-09 00:00:00,2020-11-26 14:37:27
178,20143410,Turned Out,1,2020-09-09 00:00:00,2020-11-26 14:37:27
179,20133396,Turned Out,1,2020-09-09 00:00:00,2020-11-26 14:37:27
180,20163103,Turned Out,1,2020-09-09 00:00:00,2020-11-26 14:37:27
181,20161896,Turned Out,1,2020-09-09 00:00:00,2020-11-26 14:37:28
182,20150937,Turned Out,1,2020-09-09 00:00:00,2020-11-26 14:37:28
183,20152840,Turned Out,1,2020-09-09 00:00:00,2020-11-26 14:37:28
184,20141507,Turned Out,1,2020-09-09 00:00:00,2020-11-26 14:37:28
185,20141481,Turned Out,1,2020-09-09 00:00:00,2020-11-26 14:37:28
186,20140904,Turned Out,1,2020-09-09 00:00:00,2020-11-26 14:37:28
187,20112499,Turned Out,1,2020-09-09 00:00:00,2020-11-26 14:37:28
188,20163087,Turned Out,1,2020-09-09 00:00:00,2020-11-26 14:37:28
189,20093693,Turned Out,1,2020-09-09 00:00:00,2020-11-26 14:37:29
190,20091871,Turned Out,1,2020-09-09 00:00:00,2020-11-26 14:37:29
191,20143450,Turned Out,1,2020-09-09 00:00:00,2020-11-26 14:37:29
192,20171263,Turned Out,1,2020-09-09 00:00:00,2020-11-26 14:37:29
193,20162560,Turned Out,1,2020-09-09 00:00:00,2020-11-26 14:37:29
194,20100240,Turned Out,1,2020-09-09 00:00:00,2020-11-26 14:37:29
195,20152931,Turned Out,1,2020-09-09 00:00:00,2020-11-26 14:37:29
196,20140282,Turned Out,1,2020-09-09 00:00:00,2020-11-26 14:37:29
197,20123454,Turned Out,1,2020-09-09 00:00:00,2020-11-26 14:37:30
198,20110293,Turned Out,1,2020-09-09 00:00:00,2020-11-26 14:37:30
199,20131049,Turned Out,1,2020-09-09 00:00:00,2020-11-26 14:37:30
200,20141007,Turned Out,1,2020-09-09 00:00:00,2020-11-26 14:37:30
201,20160177,Turned Out,1,2020-09-09 00:00:00,2020-11-26 14:37:30
202,20093062,Turned Out,1,2020-09-09 00:00:00,2020-11-26 14:37:30
203,20133407,Turned Out,1,2020-09-09 00:00:00,2020-11-26 14:37:31
204,20161129,Turned Out,1,2020-09-09 00:00:00,2020-11-26 14:37:31
205,20152784,Turned Out,1,2020-09-09 00:00:00,2020-11-26 14:37:31
206,20131201,Turned Out,1,2020-09-09 00:00:00,2020-11-26 14:37:31
207,20152300,Turned Out,1,2020-09-09 00:00:00,2020-11-26 14:37:31
208,20140651,Turned Out,1,2020-09-09 00:00:00,2020-11-26 14:37:31
209,20141436,Turned Out,1,2020-09-09 00:00:00,2020-11-26 14:37:32
210,20152426,Turned Out,1,2020-09-09 00:00:00,2020-11-26 14:37:32
211,20133725,Turned Out,1,2020-09-09 00:00:00,2020-11-26 14:37:32
212,20140060,Turned Out,1,2020-09-09 00:00:00,2020-11-26 14:37:32
213,20151323,Turned Out,1,2020-09-09 00:00:00,2020-11-26 14:37:32
214,20141294,Turned Out,1,2020-09-09 00:00:00,2020-11-26 14:37:32
215,20142660,Turned Out,1,2020-09-09 00:00:00,2020-11-26 14:37:32
216,20143723,Turned Out,1,2020-09-09 00:00:00,2020-11-26 14:37:32
217,20143329,Turned Out,1,2020-09-09 00:00:00,2020-11-26 14:37:33
218,20152395,Turned Out,1,2020-09-09 00:00:00,2020-11-26 14:37:33
219,20153529,Turned Out,1,2020-09-09 00:00:00,2020-11-26 14:37:33
220,20090612,Turned Out,1,2020-09-09 00:00:00,2020-11-26 14:37:33
221,20132288,Turned Out,1,2020-09-09 00:00:00,2020-11-26 14:37:33
222,20134015,Turned Out,1,2020-09-09 00:00:00,2020-11-26 14:37:33
223,20103054,Turned Out,1,2020-09-09 00:00:00,2020-11-26 14:37:33
224,20142024,Turned Out,1,2020-09-09 00:00:00,2020-11-26 14:37:33
225,20092474,Turned Out,1,2020-09-09 00:00:00,2020-11-26 14:37:34
226,20113416,Turned Out,1,2020-09-09 00:00:00,2020-11-26 14:37:34
227,20131756,Turned Out,1,2020-09-09 00:00:00,2020-11-26 14:37:34
228,20113158,Turned Out,1,2020-09-09 00:00:00,2020-11-26 14:37:34
229,20120680,Turned Out,1,2020-09-09 00:00:00,2020-11-26 14:37:34
230,20151409,Turned Out,1,2020-09-09 00:00:00,2020-11-26 14:37:34
231,20111972,Turned Out,1,2020-09-09 00:00:00,2020-11-26 14:37:34
232,20150482,Turned Out,1,2020-09-09 00:00:00,2020-11-26 14:37:34
233,20121354,Turned Out,1,2020-09-09 00:00:00,2020-11-26 14:37:35
234,20162404,Turned Out,1,2020-09-09 00:00:00,2020-11-26 14:37:35
235,20151823,Turned Out,1,2020-09-09 00:00:00,2020-11-26 14:37:35
236,20153463,Turned Out,1,2020-09-09 00:00:00,2020-11-26 14:37:35
237,20163229,Turned Out,1,2020-09-09 00:00:00,2020-11-26 14:37:35
238,20152688,Turned Out,1,2020-09-09 00:00:00,2020-11-26 14:37:35
239,20160248,Turned Out,1,2020-09-09 00:00:00,2020-11-26 14:37:35
240,20143389,Turned Out,1,2020-09-09 00:00:00,2020-11-26 14:37:35
241,20163067,Turned Out,1,2020-09-09 00:00:00,2020-11-26 14:37:35
242,20150462,Turned Out,1,2020-09-09 00:00:00,2020-11-26 14:37:36
243,20093491,Turned Out,1,2020-09-09 00:00:00,2020-11-26 14:37:36
244,20163269,Turned Out,1,2020-09-09 00:00:00,2020-11-26 14:37:36
245,20160364,Turned Out,1,2020-09-09 00:00:00,2020-11-26 14:37:36
246,20162606,Turned Out,1,2020-09-09 00:00:00,2020-11-26 14:37:36
247,20130097,Turned Out,1,2020-09-09 00:00:00,2020-11-26 14:37:36
248,20162762,Turned Out,1,2020-09-09 00:00:00,2020-11-26 14:37:36
249,20140691,Turned Out,1,2020-09-09 00:00:00,2020-11-26 14:37:37
250,20133654,Turned Out,1,2020-09-09 00:00:00,2020-11-26 14:37:37
251,20122119,Turned Out,1,2020-09-09 00:00:00,2020-11-26 14:37:37
252,20153423,Turned Out,1,2020-09-09 00:00:00,2020-11-26 14:37:37
253,20152017,Turned Out,1,2020-09-09 00:00:00,2020-11-26 14:37:38
254,20141794,Turned Out,1,2020-09-09 00:00:00,2020-11-26 14:37:38
255,20120928,Turned Out,1,2020-09-09 00:00:00,2020-11-26 14:37:38
256,20130784,Turned Out,1,2020-09-09 00:00:00,2020-11-26 14:37:38
257,20091331,Turned Out,1,2020-09-09 00:00:00,2020-11-26 14:37:38
258,20150093,Turned Out,1,2020-09-09 00:00:00,2020-11-26 14:37:38
259,20151287,Turned Out,1,2020-09-09 00:00:00,2020-11-26 14:37:38
260,20142413,Turned Out,1,2020-09-09 00:00:00,2020-11-26 14:37:38
261,20113103,Turned Out,1,2020-09-09 00:00:00,2020-11-26 14:37:38
262,20152082,Turned Out,1,2020-09-09 00:00:00,2020-11-26 14:37:38
263,20152002,Turned Out,1,2020-09-09 00:00:00,2020-11-26 14:37:39
264,20160844,Turned Out,1,2020-09-09 00:00:00,2020-11-26 14:37:39
265,20132793,Turned Out,1,2020-09-09 00:00:00,2020-11-26 14:37:39
266,20151712,Turned Out,1,2020-09-09 00:00:00,2020-11-26 14:37:39
267,20162166,Turned Out,1,2020-09-09 00:00:00,2020-11-26 14:37:39
268,20160228,Turned Out,1,2020-09-09 00:00:00,2020-11-26 14:37:39
269,20131645,Turned Out,1,2020-09-09 00:00:00,2020-11-26 14:37:39
270,20142044,Turned Out,1,2020-09-09 00:00:00,2020-11-26 14:37:40
271,20130380,Turned Out,1,2020-09-09 00:00:00,2020-11-26 14:37:40
272,20162813,Turned Out,1,2020-09-09 00:00:00,2020-11-26 14:37:40
273,20143016,Turned Out,1,2020-09-09 00:00:00,2020-11-26 14:37:40
274,20141981,Turned Out,1,2020-09-09 00:00:00,2020-11-26 14:37:40
275,20142771,Turned Out,1,2020-09-09 00:00:00,2020-11-26 14:37:40
276,20131054,Turned Out,1,2020-09-09 00:00:00,2020-11-26 14:37:40
277,20152724,Turned Out,1,2020-09-09 00:00:00,2020-11-26 14:37:40
278,20172497,Turned Out,1,2020-09-09 00:00:00,2020-11-26 14:37:41
279,20143021,Turned Out,1,2020-09-09 00:00:00,2020-11-26 14:37:41
280,20152820,Turned Out,1,2020-09-09 00:00:00,2020-11-26 14:37:41
281,20152466,Turned Out,1,2020-09-09 00:00:00,2020-11-26 14:37:41
282,20142599,Turned Out,1,2020-09-09 00:00:00,2020-11-26 14:37:41
283,20110435,Turned Out,1,2020-11-03 13:36:49,2020-11-26 14:37:42
284,20142357,Turned In,11,2020-11-28 15:30:00,2020-11-28 10:30:21
285,20152239,Turned In,11,2020-11-29 15:30:00,2020-11-29 10:30:17
286,20131392,Turned In,11,2020-11-29 15:31:00,2020-11-29 10:31:12
287,20120357,Turned In,9,2020-10-31 04:27:00,2020-12-04 23:27:21
288,20121192,Turned In,9,2020-11-08 04:28:00,2020-12-04 23:29:05
289,20160228,Turned In,9,2020-11-06 04:30:00,2020-12-04 23:31:04
290,20172346,Turned In,9,2020-11-05 04:32:00,2020-12-04 23:33:07
291,20162737,Turned In,9,2020-10-31 04:33:00,2020-12-04 23:34:07
292,20163269,Turned In,9,2020-11-05 04:35:00,2020-12-04 23:35:56
293,20171829,Turned Out,11,2021-01-05 10:41:00,2021-01-06 05:41:29
294,20112424,Turned Out,11,2021-01-08 10:58:00,2021-01-08 05:58:34
295,20172200,Turned Out,15,2021-02-11 11:32:00,2021-02-11 06:32:05
296,20151525,Turned In,11,2021-02-28 10:10:00,2021-03-04 05:10:13
297,20162762,Turned In,11,2021-03-04 10:44:00,2021-03-04 05:44:05
298,20141390,Turned In,11,2021-03-12 10:46:00,2021-03-12 05:46:53
299,20181281,Turned Out,9,2020-12-22 23:35:52,2021-04-13 07:20:00
300,20181029,Turned Out,9,2020-12-22 23:36:11,2021-04-13 07:20:00
301,20181605,Turned Out,9,2020-12-22 23:36:25,2021-04-13 07:20:00
302,20182288,Turned Out,9,2020-12-22 23:41:49,2021-04-13 07:20:00
303,20181423,Turned Out,9,2020-12-22 23:42:01,2021-04-13 07:20:00
304,20181347,Turned Out,9,2020-12-22 23:42:12,2021-04-13 07:20:00
305,20183114,Turned Out,9,2020-12-23 17:31:23,2021-04-13 07:20:00
306,20151787,Turned Out,9,2020-12-23 17:32:42,2021-04-13 07:20:00
307,20153069,Turned Out,9,2021-01-02 15:05:56,2021-04-13 07:20:00
308,20171763,Turned Out,9,2021-01-09 16:11:48,2021-04-13 07:20:00
309,20161972,Turned Out,9,2021-01-09 17:04:26,2021-04-13 07:20:00
310,20172199,Turned Out,9,2021-01-23 16:51:01,2021-04-13 07:20:00
311,20170362,Turned Out,9,2021-01-30 11:47:54,2021-04-13 07:20:00
312,20171389,Turned Out,9,2021-01-30 15:54:16,2021-04-13 07:20:00
313,20160319,Turned Out,9,2021-01-31 17:54:29,2021-04-13 07:20:00
314,20171950,Turned Out,9,2021-02-06 14:27:28,2021-04-13 07:20:00
315,20180562,Turned Out,9,2021-02-07 17:48:45,2021-04-13 07:20:00
316,20151414,Turned Out,9,2021-02-17 17:05:23,2021-04-13 07:20:00
317,20170019,Turned Out,9,2021-02-18 11:45:01,2021-04-13 07:20:00
318,20150942,Turned Out,9,2021-02-20 12:07:33,2021-04-13 07:20:00
319,20133770,Turned Out,9,2021-02-20 14:26:29,2021-04-13 07:20:00
320,20163067,Turned Out,9,2021-02-20 14:27:33,2021-04-13 07:20:00
321,20153069,Turned Out,9,2021-02-28 17:41:23,2021-04-13 07:20:00
322,20151787,Turned Out,9,2021-02-28 17:42:13,2021-04-13 07:20:00
323,20161634,Turned Out,9,2021-02-28 17:42:40,2021-04-13 07:20:00
324,20121430,Turned Out,9,2021-02-28 17:43:13,2021-04-13 07:20:00
325,20170140,Turned Out,9,2021-03-06 16:31:24,2021-04-13 07:20:00
326,20143309,Turned Out,9,2021-03-13 15:58:02,2021-04-13 07:20:00
327,20151616,Turned Out,9,2021-03-14 16:22:41,2021-04-13 07:20:00
328,20161432,Turned Out,9,2021-03-14 16:24:29,2021-04-13 07:20:00
329,20170140,Turned Out,9,2021-03-20 11:48:11,2021-04-13 07:20:00
330,20170584,Turned Out,9,2021-03-21 17:14:47,2021-04-13 07:20:00
331,20163143,Turned Out,9,2021-03-30 13:55:53,2021-04-13 07:20:00
332,20181776,Turned Out,9,2021-04-07 14:34:07,2021-04-13 07:20:00
333,20111018,Turned In,11,2021-04-24 10:48:00,2021-04-24 06:48:06
334,20171329,Turned In,11,2021-05-01 13:21:00,2021-05-01 09:21:26
335,20163138,Turned Out,11,2021-05-05 15:38:00,2021-05-08 11:38:23
336,20151141,Turned Out,11,2021-05-11 11:52:00,2021-05-11 07:52:29
337,20153089,Turned Out,11,2021-05-11 11:52:00,2021-05-11 07:52:52
338,20170140,Turned In,11,2021-05-15 16:00:00,2021-05-15 12:00:47
339,20180148,Turned Out,27,2021-05-19 12:19:00,2021-05-19 08:20:08
340,20160319,Turned In,11,2021-05-25 15:20:00,2021-05-25 11:20:20
341,20141845,Turned Out,11,2021-06-29 14:59:00,2021-06-29 10:59:20
342,20151616,Turned In,11,2021-07-03 16:51:00,2021-07-03 12:51:25
343,20180562,Turned In,11,2021-07-05 17:29:00,2021-07-05 13:29:33
344,20180562,Turned In,11,2021-07-05 17:29:00,2021-07-05 13:29:45
345,20143309,Turned In,11,2021-07-15 11:09:00,2021-07-15 07:09:35
346,20151116,Turned In,11,2021-07-20 11:19:00,2021-07-20 07:19:03
347,20162217,Turned In,11,2021-07-21 11:23:00,2021-07-21 07:23:53
348,20181605,Turned In,11,2021-06-23 11:21:00,2021-07-23 07:22:04
349,20110622,Turned In,11,2021-07-31 17:19:00,2021-07-31 13:19:09
350,20141981,Turned In,11,2021-08-31 10:47:00,2021-09-01 06:47:33
351,20143485,Turned Out,11,2021-04-03 04:09:00,2021-10-04 08:11:21
352,20170660,Turned Out,11,2020-12-30 17:12:00,2021-10-04 08:13:32
353,20170064,Turned Out,11,2021-02-28 07:15:00,2021-10-04 08:16:03
354,20162186,Turned Out,11,2021-03-04 17:17:00,2021-10-04 08:17:48
355,20142377,Turned Out,11,2020-10-31 17:17:00,2021-10-04 08:18:24
356,20171743,Turned Out,11,2021-10-05 11:18:00,2021-10-05 07:19:00
357,20171985,Turned Out,11,2021-10-03 07:31:00,2021-10-05 07:32:02
358,20162126,Turned Out,11,2021-10-05 11:37:00,2021-10-05 07:37:29
359,20172755,Turned Out,11,2021-10-05 11:40:00,2021-10-05 07:40:50
360,20143001,Turned Out,11,2021-10-05 11:42:00,2021-10-05 07:42:30
361,20151858,Turned Out,11,2021-10-05 11:43:00,2021-10-05 07:43:39
362,20152355,Turned Out,11,2021-10-05 11:52:00,2021-10-05 07:52:30
363,20162419,Turned Out,11,2021-10-05 11:52:00,2021-10-05 07:52:46
364,20133563,Turned Out,11,2021-10-05 11:54:00,2021-10-05 07:55:03
365,20160602,Turned Out,11,2021-10-05 11:56:00,2021-10-05 07:57:13
366,20103741,Turned Out,11,2021-10-05 12:02:00,2021-10-05 08:02:46
367,99990191,Turned Out,15,2021-11-05 11:00:00,2021-11-05 07:00:29
368,20161634,Turned In,11,2021-11-18 12:20:00,2021-11-18 07:23:39
369,20110622,Turned Out,11,2021-12-29 10:46:00,2021-12-29 05:46:13
370,20111210,Turned Out,11,2021-12-29 10:46:00,2021-12-29 05:46:35
371,20131670,Turned Out,11,2021-12-29 11:08:00,2021-12-29 06:13:31
372,20152835,Turned Out,11,2021-12-29 11:10:00,2021-12-29 06:15:23
373,20162828,Turned Out,11,2021-12-29 11:11:00,2021-12-29 06:16:18
374,20142519,Turned Out,11,2021-12-29 11:17:00,2021-12-29 06:22:06
375,20143743,Turned Out,11,2021-12-29 11:19:00,2021-12-29 06:24:01
376,20171147,Turned Out,11,2021-12-29 11:25:00,2021-12-29 06:30:40
377,20160455,Turned Out,11,2021-12-29 11:26:00,2021-12-29 06:31:51
378,20150659,Turned Out,11,2021-12-29 11:28:00,2021-12-29 06:33:12
379,20172008,Turned Out,11,2021-12-29 11:32:00,2021-12-29 06:37:00
380,20172922,Turned Out,11,2021-12-29 11:32:00,2021-12-29 06:37:21
381,20171096,Turned Out,11,2021-12-29 11:33:00,2021-12-29 06:38:17
382,20151909,Turned Out,11,2021-12-29 11:34:00,2021-12-29 06:39:11
383,20161992,Turned Out,11,2021-12-29 11:35:00,2021-12-29 06:40:48
384,20162040,Turned Out,11,2021-12-29 11:36:00,2021-12-29 06:41:32
385,20150593,Turned Out,11,2021-12-29 11:37:00,2021-12-29 06:42:32
386,20151303,Turned Out,11,2021-12-29 11:37:00,2021-12-29 06:42:51
387,20171076,Turned Out,11,2021-12-29 11:40:00,2021-12-29 06:45:03
388,20171647,Turned Out,11,2021-12-29 11:41:00,2021-12-29 06:46:30
389,20151767,Turned Out,11,2021-12-29 11:42:00,2021-12-29 06:47:09
390,20104091,Turned Out,11,2021-12-29 11:42:00,2021-12-29 06:47:36
391,20162075,Turned Out,11,2021-12-29 11:43:00,2021-12-29 06:48:14
392,20150417,Turned Out,11,2021-12-29 11:45:00,2021-12-29 06:50:01
393,20140979,Turned Out,11,2021-12-29 11:46:00,2021-12-29 06:51:30
394,20160682,Turned Out,11,2021-12-29 11:47:00,2021-12-29 06:52:04
395,20142488,Turned Out,11,2021-12-29 11:49:00,2021-12-29 06:54:22
396,20162924,Turned Out,11,2021-12-29 11:52:00,2021-12-29 06:57:42
397,20151489,Turned Out,11,2021-12-29 11:55:00,2021-12-29 07:00:48
398,20163234,Turned Out,11,2021-12-29 11:59:00,2021-12-29 07:04:36
399,20181105,Turned Out,11,2021-12-29 12:00:00,2021-12-29 07:05:33
400,20172740,Turned Out,11,2021-12-29 12:00:00,2021-12-29 07:05:50
401,20182364,Turned Out,11,2021-12-29 12:02:00,2021-12-29 07:06:55
402,20162191,Turned Out,11,2021-12-29 12:02:00,2021-12-29 07:07:44
403,20172573,Turned Out,11,2021-12-29 12:04:00,2021-12-29 07:09:45
404,99990264,Turned Out,11,2022-03-05 17:17:00,2022-03-05 12:17:43
405,20142615,Turned Out,9,2021-04-23 14:47:59,2022-03-17 07:48:17
406,20180815,Turned Out,9,2021-04-24 14:48:17,2022-03-17 07:48:17
407,20182228,Turned Out,9,2021-04-30 17:02:31,2022-03-17 07:48:17
408,20152719,Turned Out,9,2021-05-01 13:16:56,2022-03-17 07:48:17
409,20160182,Turned Out,9,2021-05-01 13:17:15,2022-03-17 07:48:17
410,20181423,Turned Out,9,2021-05-15 15:28:37,2022-03-17 07:48:17
411,20172144,Turned Out,9,2021-05-29 14:55:23,2022-03-17 07:48:17
412,20181963,Turned Out,9,2021-06-01 11:12:52,2022-03-17 07:48:17
413,20171238,Turned Out,9,2021-06-07 16:11:10,2022-03-17 07:48:17
414,20170342,Turned Out,9,2021-06-19 15:30:43,2022-03-17 07:48:17
415,20182677,Turned Out,9,2021-06-26 17:09:17,2022-03-17 07:48:17
416,20181852,Turned Out,9,2021-06-26 17:09:33,2022-03-17 07:48:17
417,20172604,Turned Out,9,2021-06-28 17:03:38,2022-03-17 07:48:17
418,20181423,Turned Out,9,2021-06-28 18:12:29,2022-03-17 07:48:17
419,20180815,Turned Out,9,2021-07-03 18:03:13,2022-03-17 07:48:17
420,20162984,Turned Out,9,2021-07-12 16:45:50,2022-03-17 07:48:17
421,20141638,Turned Out,9,2021-07-31 17:13:40,2022-03-17 07:48:17
422,20150119,Turned Out,9,2021-07-31 17:14:49,2022-03-17 07:48:17
423,20182697,Turned Out,9,2021-07-31 18:24:08,2022-03-17 07:48:17
424,20150780,Turned Out,9,2021-08-03 17:02:27,2022-03-17 07:48:17
425,20180284,Turned Out,9,2021-08-07 16:59:58,2022-03-17 07:48:17
426,20181014,Turned Out,9,2021-08-21 17:28:32,2022-03-17 07:48:17
427,20190151,Turned Out,9,2021-08-28 15:00:33,2022-03-17 07:48:17
428,20192433,Turned Out,9,2021-09-11 14:57:46,2022-03-17 07:48:17
429,20161790,Turned Out,9,2021-09-15 16:05:23,2022-03-17 07:48:17
430,20160384,Turned Out,9,2021-09-15 16:05:39,2022-03-17 07:48:17
431,20181236,Turned Out,9,2021-09-15 16:06:58,2022-03-17 07:48:17
432,20134171,Turned Out,9,2021-09-15 16:07:34,2022-03-17 07:48:17
433,20140797,Turned Out,9,2021-09-25 14:59:16,2022-03-17 07:48:17
434,20182975,Turned Out,9,2021-10-04 17:43:38,2022-03-17 07:48:17
435,20150942,Turned Out,9,2021-10-23 16:17:21,2022-03-17 07:48:17
436,20171894,Turned Out,9,2021-10-23 16:18:26,2022-03-17 07:48:17
437,19810923,Turned Out,9,2021-10-25 16:45:49,2022-03-17 07:48:17
438,20172604,Turned Out,9,2021-11-06 15:46:35,2022-03-17 07:48:17
439,20161396,Turned Out,9,2021-11-07 16:10:53,2022-03-17 07:48:17
440,20171389,Turned Out,9,2021-11-07 16:12:09,2022-03-17 07:48:17
441,20172917,Turned Out,9,2021-11-07 16:13:08,2022-03-17 07:48:17
442,20180300,Turned Out,9,2021-11-15 16:24:57,2022-03-17 07:48:17
443,20151656,Turned Out,9,2021-11-15 16:26:07,2022-03-17 07:48:17
444,20151898,Turned Out,9,2021-11-20 16:58:07,2022-03-17 07:48:17
445,20191936,Turned Out,9,2021-11-21 15:53:58,2022-03-17 07:48:17
446,20190166,Turned Out,9,2021-12-11 16:21:28,2022-03-17 07:48:17
447,20180113,Turned Out,9,2021-12-17 11:14:21,2022-03-17 07:48:17
448,20172795,Turned Out,9,2021-12-17 11:16:07,2022-03-17 07:48:17
449,20180628,Turned Out,9,2021-12-17 11:17:28,2022-03-17 07:48:18
450,20161987,Turned Out,9,2021-12-19 16:48:32,2022-03-17 07:48:18
451,20170079,Turned Out,9,2021-12-23 16:46:19,2022-03-17 07:48:18
452,20180082,Turned Out,9,2021-12-26 16:03:32,2022-03-17 07:48:18
453,20172593,Turned Out,9,2021-12-26 17:19:05,2022-03-17 07:48:18
454,20160117,Turned Out,9,2021-12-27 16:49:48,2022-03-17 07:48:18
455,20181110,Turned Out,9,2021-12-27 16:50:18,2022-03-17 07:48:18
456,20180017,Turned Out,9,2021-12-27 16:55:23,2022-03-17 07:48:18
457,20182460,Turned Out,9,2021-12-27 16:56:41,2022-03-17 07:48:18
458,20142908,Turned Out,9,2022-01-30 16:36:20,2022-03-17 07:48:18
459,20191890,Turned Out,9,2022-02-06 17:05:28,2022-03-17 07:48:18
460,20183078,Turned Out,9,2022-02-06 17:06:00,2022-03-17 07:48:18
461,20172715,Turned Out,9,2022-02-06 17:07:36,2022-03-17 07:48:18
462,20161336,Turned Out,9,2022-02-13 16:58:21,2022-03-17 07:48:18
463,20131034,Turned Out,9,2022-03-02 17:21:06,2022-03-17 07:48:18
464,20181049,Turned Out,9,2022-03-02 17:21:50,2022-03-17 07:48:18
465,20180193,Turned Out,9,2022-03-02 17:23:32,2022-03-17 07:48:18
466,20190479,Turned Out,9,2022-03-05 17:21:05,2022-03-17 07:48:18
467,20191507,Turned Out,9,2022-03-05 17:21:14,2022-03-17 07:48:18
468,20190797,Turned Out,9,2022-03-12 16:20:58,2022-03-17 07:48:18
