id,HorseId,ColorId,UserId,ChangedAt,CreatedAt
1,20150053,1,1,,
2,20150104,1,1,,
3,20150159,1,1,,
4,20150179,1,1,,
5,20150199,1,1,,
6,20150306,8,1,,
7,20150326,8,1,,
8,20150386,1,1,,
9,20150422,1,1,,
10,20150548,1,1,,
11,20150573,8,1,,
12,20150604,1,1,,
13,20150639,1,1,,
14,20150644,9,1,,
15,20150735,8,1,,
16,20150775,8,1,,
17,20150795,8,1,,
18,20150811,8,1,,
19,20150871,1,1,,
20,20150891,8,1,,
21,20150917,1,1,,
22,20150962,8,1,,
23,20150997,1,1,,
24,20151030,1,1,,
25,20151070,1,1,,
26,20151085,1,1,,
27,20151101,1,1,,
28,20151121,1,1,,
29,20151196,8,1,,
30,20151247,1,1,,
31,20151363,1,1,,
32,20151474,1,1,,
33,20151550,8,1,,
34,20151661,1,1,,
35,20151772,8,1,,
36,20151803,1,1,,
37,20151878,8,1,,
38,20151914,8,1,,
39,20151954,7,1,,
40,20151974,1,1,,
41,20152037,1,1,,
42,20152097,9,1,,
43,20152193,1,1,,
44,20152320,7,1,,
45,20152446,8,1,,
46,20152502,1,1,,
47,20152577,8,1,,
48,20152613,8,1,,
49,20152633,8,1,,
50,20152648,8,1,,
51,20152739,1,1,,
52,20152800,8,1,,
53,20152855,1,1,,
54,20152895,1,1,,
55,20152911,1,1,,
56,20152966,1,1,,
57,20153009,1,1,,
58,20153029,1,1,,
59,20153105,8,1,,
60,20160026,1,1,,
61,20160051,1,1,,
62,20160208,1,1,,
63,20160253,1,1,,
64,20160435,1,1,,
65,20160475,9,1,,
66,20160495,9,1,,
67,20160506,11,1,,
68,20160511,8,1,,
69,20160531,1,1,,
70,20160551,1,1,,
71,20160566,8,1,,
72,20160571,1,1,,
73,20160586,1,1,,
74,20160617,1,1,,
75,20160642,1,1,,
76,20160657,1,1,,
77,20160677,8,1,,
78,20160733,1,1,,
79,20160748,8,1,,
80,20160753,8,1,,
81,20160793,1,1,,
82,20160804,8,1,,
83,20160884,1,1,,
84,20160900,1,1,,
85,20160920,1,1,,
86,20160940,1,1,,
87,20160980,8,1,,
88,20160995,8,1,,
89,20161018,1,1,,
90,20161063,1,1,,
91,20161149,8,1,,
92,20161154,1,1,,
93,20161285,8,1,,
94,20161301,8,1,,
95,20161321,8,1,,
96,20161376,8,1,,
97,20161427,8,1,,
98,20161487,1,1,,
99,20161492,1,1,,
100,20161609,8,1,,
101,20161649,8,1,,
102,20161669,1,1,,
103,20161694,8,1,,
104,20161725,1,1,,
105,20161765,8,1,,
106,20161770,8,1,,
107,20161856,1,1,,
108,20161876,11,1,,
109,20161952,8,1,,
110,20162000,8,1,,
111,20162020,8,1,,
112,20162035,1,1,,
113,20162040,1,1,,
114,20162055,8,1,,
115,20162095,8,1,,
116,20162106,8,1,,
117,20162126,1,1,,
118,20162131,1,1,,
119,20162191,8,1,,
120,20162222,8,1,,
121,20162237,1,1,,
122,20162262,1,1,,
123,20162297,1,1,,
124,20162348,7,1,,
125,20162419,8,1,,
126,20162459,9,1,,
127,20162479,11,1,,
128,20162500,1,1,,
129,20162535,1,1,,
130,20162646,8,1,,
131,20162666,8,1,,
132,20162691,1,1,,
133,20162717,1,1,,
134,20162757,1,1,,
135,20162797,1,1,,
136,20162808,9,1,,
137,20162848,8,1,,
138,20162888,12,1,,
139,20170019,8,1,,
140,20170024,1,1,,
141,20170039,8,1,,
142,20170064,1,1,,
143,20170140,8,1,,
144,20170160,1,1,,
145,20170180,1,1,,
146,20170251,1,1,,
147,20170357,9,1,,
148,20170382,1,1,,
149,20170448,1,1,,
150,20170473,8,1,,
151,20170488,1,1,,
152,20170493,1,1,,
153,20170519,1,1,,
154,20170524,1,1,,
155,20170544,1,1,,
156,20170579,1,1,,
157,20170600,8,1,,
158,20170620,8,1,,
159,20170635,1,1,,
160,20170655,7,1,,
161,20170680,1,1,,
162,20170695,1,1,,
163,20170706,1,1,,
164,20170731,12,1,,
165,20170746,1,1,,
166,20170751,1,1,,
167,20170786,1,1,,
168,20170791,8,1,,
169,20170802,1,1,,
170,20170817,1,1,,
171,20170837,1,1,,
172,20170842,1,1,,
173,20170857,1,1,,
174,20170913,8,1,,
175,20170928,1,1,,
176,20170933,1,1,,
177,20170948,1,1,,
178,20170993,8,1,,
179,20171001,1,1,,
180,20171021,1,1,,
181,20171041,1,1,,
182,20171056,1,1,,
183,20171061,1,1,,
184,20171076,8,1,,
185,20171096,8,1,,
186,20171107,8,1,,
187,20171132,1,1,,
188,20171147,9,1,,
189,20171172,9,1,,
190,20171187,12,1,,
191,20171192,1,1,,
192,20171203,1,1,,
193,20171258,8,1,,
194,20171278,12,1,,
195,20171298,1,1,,
196,20171309,1,1,,
197,20171314,1,1,,
198,20171349,1,1,,
199,20171354,8,1,,
200,20171374,8,1,,
201,20171389,1,1,,
202,20171394,8,1,,
203,20171405,1,1,,
204,20171465,8,1,,
205,20171490,1,1,,
206,20171501,1,1,,
207,20171516,1,1,,
208,20171536,1,1,,
209,20171541,8,1,,
210,20171576,1,1,,
211,20171596,11,1,,
212,20171607,1,1,,
213,20171612,1,1,,
214,20171627,1,1,,
215,20171632,1,1,,
216,20171652,8,1,,
217,20171667,8,1,,
218,20171687,8,1,,
219,20171692,1,1,,
220,20171738,8,1,,
221,20171743,1,1,,
222,20171758,1,1,,
223,20171778,1,1,,
224,20171783,1,1,,
225,20171814,1,1,,
226,20171849,7,1,,
227,20171874,1,1,,
228,20171889,9,1,,
229,20171930,8,1,,
230,20171945,8,1,,
231,20171950,8,1,,
232,20171965,1,1,,
233,20171990,8,1,,
234,20172008,8,1,,
235,20172028,1,1,,
236,20172033,8,1,,
237,20172048,8,1,,
238,20172053,8,1,,
239,20172068,8,1,,
240,20172073,1,1,,
241,20172088,8,1,,
242,20172119,1,1,,
243,20172179,8,1,,
244,20172184,1,1,,
245,20172200,9,1,,
246,20172215,1,1,,
247,20172220,1,1,,
248,20172255,9,1,,
249,20172260,8,1,,
250,20172295,9,1,,
251,20172306,9,1,,
252,20172331,8,1,,
253,20172351,7,1,,
254,20172371,1,1,,
255,20172386,8,1,,
256,20172402,8,1,,
257,20172422,1,1,,
258,20172437,1,1,,
259,20172442,8,1,,
260,20172457,1,1,,
261,20172462,7,1,,
262,20172482,1,1,,
263,20172508,1,1,,
264,20172533,1,1,,
265,20172548,1,1,,
266,20172568,1,1,,
267,20172573,8,1,,
268,20172588,1,1,,
269,20172604,1,1,,
270,20172639,1,1,,
271,20170271,1,1,,
272,20170317,1,1,,
273,20170291,8,1,,
274,20170266,8,1,,
275,20170286,1,1,,
276,20180017,8,1,,
277,20180037,1,1,,
278,20180042,8,1,,
279,20180057,1,1,,
280,20180062,8,1,,
281,20180077,1,1,,
282,20180082,1,1,,
283,20180097,11,1,,
284,20180108,1,1,,
285,20180113,1,1,,
286,20180128,8,1,,
287,20180133,1,1,,
288,20180148,1,1,,
289,20180153,1,1,,
290,20180168,1,1,,
291,20180173,8,1,,
292,20180188,1,1,,
293,20180193,1,1,,
294,20180204,1,1,,
295,20180219,1,1,,
296,20180224,8,1,,
297,20180239,1,1,,
298,20180244,1,1,,
299,20180259,1,1,,
300,20180264,1,1,,
301,20180284,1,1,,
302,20180299,1,1,,
303,20180300,8,1,,
304,20180315,8,1,,
305,20180320,1,1,,
306,20180335,1,1,,
307,20180340,1,1,,
308,20180355,1,1,,
309,20180375,1,1,,
310,20180380,8,1,,
311,20180395,8,1,,
312,20180406,8,1,,
313,20180411,8,1,,
314,20180426,8,1,,
315,20180431,1,1,,
316,20180446,8,1,,
317,20180451,1,1,,
318,20180466,8,1,,
319,20180471,9,1,,
320,20180486,1,1,,
321,20180491,8,1,,
322,20180502,8,1,,
323,20180517,9,1,,
324,20180522,8,1,,
325,20180537,1,1,,
326,20180542,1,1,,
327,20180557,8,1,,
328,20180562,9,1,,
329,20180577,8,1,,
330,20180582,9,1,,
331,20180597,9,1,,
332,20180608,8,1,,
333,20180613,9,1,,
334,20180628,1,1,,
335,20180633,1,1,,
336,20180648,8,1,,
337,20180653,8,1,,
338,20180668,8,1,,
339,20180673,1,1,,
340,20180688,8,1,,
341,20180693,8,1,,
342,20180704,8,1,,
343,20180719,1,1,,
344,20180724,9,1,,
345,20180739,9,1,,
346,20180744,1,1,,
347,20180759,9,1,,
348,20180764,1,1,,
349,20180779,1,1,,
350,20180784,8,1,,
351,20180799,1,1,,
352,20180800,8,1,,
353,20180815,8,1,,
354,20180820,8,1,,
355,20180835,8,1,,
356,20180840,9,1,,
357,20180855,1,1,,
358,20180860,1,1,,
359,20180875,1,1,,
360,20180880,1,1,,
361,20180895,1,1,,
362,20180906,1,1,,
363,20180911,1,1,,
364,20180926,8,1,,
365,20180931,8,1,,
366,20180946,1,1,,
367,20180951,1,1,,
368,20180966,1,1,,
369,20180971,8,1,,
370,20180986,1,1,,
371,20180991,8,1,,
372,20181009,8,1,,
373,20181029,1,1,,
374,20181034,8,1,,
375,20181054,8,1,,
376,20181069,8,1,,
377,20181074,8,1,,
378,20181094,8,1,,
379,20181105,1,1,,
380,20181110,1,1,,
381,20181125,8,1,,
382,20181130,1,1,,
383,20181145,8,1,,
384,20181150,1,1,,
385,20181165,8,1,,
386,20181170,1,1,,
387,20181185,8,1,,
388,20181190,1,1,,
389,20181201,8,1,,
390,20181221,1,1,,
391,20181236,1,1,,
392,20181241,11,1,,
393,20181256,1,1,,
394,20181261,8,1,,
395,20181276,11,1,,
396,20181281,1,1,,
397,20181296,1,1,,
398,20181307,1,1,,
399,20181327,11,1,,
400,20181347,11,1,,
401,20181352,8,1,,
402,20181367,1,1,,
403,20181372,8,1,,
404,20181387,8,1,,
405,20181392,1,1,,
406,20181403,1,1,,
407,20181423,1,1,,
408,20181438,1,1,,
409,20181443,1,1,,
410,20181458,1,1,,
411,20181463,1,1,,
412,20181478,8,1,,
413,20181483,1,1,,
414,20181498,8,1,,
415,20181514,1,1,,
416,20181529,1,1,,
417,20181534,1,1,,
418,20181549,1,1,,
419,20181554,1,1,,
420,20181569,1,1,,
421,20181574,8,1,,
422,20181589,7,1,,
423,20181594,1,1,,
424,20181605,9,1,,
425,20181610,1,1,,
426,20181625,11,1,,
427,20181630,8,1,,
428,20181645,8,1,,
429,20181650,8,1,,
430,20181665,1,1,,
431,20181670,8,1,,
432,20181685,1,1,,
433,20181690,1,1,,
434,20181701,1,1,,
435,20181716,1,1,,
436,20181721,1,1,,
437,20181736,1,1,,
438,20181756,11,1,,
439,20181761,1,1,,
440,20181776,1,1,,
441,20181781,8,1,,
442,20181796,7,1,,
443,20181807,8,1,,
444,20181812,8,1,,
445,20181827,9,1,,
446,20181832,1,1,,
447,20181847,1,1,,
448,20181852,1,1,,
449,20181867,1,1,,
450,20181872,8,1,,
451,20181887,1,1,,
452,20181903,1,1,,
453,20181918,1,1,,
454,20181923,1,1,,
455,20181938,1,1,,
456,20181943,1,1,,
457,20181958,8,1,,
458,20181963,8,1,,
459,20181978,1,1,,
460,20181983,8,1,,
461,20181998,1,1,,
462,20182006,8,1,,
463,20182011,8,1,,
464,20182026,1,1,,
465,20182046,1,1,,
466,20182051,1,1,,
467,20182066,1,1,,
468,20182086,8,1,,
469,20182091,1,1,,
470,20182102,8,1,,
471,20182117,1,1,,
472,20182122,8,1,,
473,20182137,1,1,,
474,20182142,7,1,,
475,20182157,8,1,,
476,20182162,1,1,,
477,20182177,1,1,,
478,20182182,1,1,,
479,20182197,1,1,,
480,20182213,8,1,,
481,20182228,8,1,,
482,20182248,1,1,,
483,20182253,8,1,,
484,20182273,8,1,,
485,20182293,1,1,,
486,20182319,8,1,,
487,20182339,8,1,,
488,20182344,8,1,,
489,20182359,11,1,,
490,20182364,11,1,,
491,20182379,8,1,,
492,20182415,8,1,,
493,20182435,8,1,,
494,20182440,1,1,,
495,20182460,1,1,,
496,20182475,8,1,,
497,20182495,1,1,,
498,20182637,1,1,,
499,20182677,8,1,,
500,20182733,8,1,,
501,20182753,1,1,,
502,20182773,1,1,,
503,20182859,1,1,,
504,20182879,1,1,,
505,20172886,1,1,,
506,20153201,7,1,,
507,20051455,5,1,,
508,20073697,8,1,,
509,20080841,1,1,,
510,20081813,1,1,,
511,20081873,1,1,,
512,20081893,1,1,,
513,20090278,1,1,,
514,20090612,8,1,,
515,20090718,8,1,,
516,20090834,8,1,,
517,20090990,5,1,,
518,20091260,1,1,,
519,20091331,1,1,,
520,20091679,7,1,,
521,20091851,8,1,,
522,20091871,1,1,,
523,20092196,5,1,,
524,20092474,1,1,,
525,20093062,5,1,,
526,20093128,1,1,,
527,20092792,1,1,,
528,20094009,1,1,,
529,20093491,1,1,,
530,20093613,8,1,,
531,20093693,8,1,,
532,20094110,7,1,,
533,20084374,8,1,,
534,20094438,1,1,,
535,20094670,1,1,,
536,20103034,1,1,,
537,20100139,9,1,,
538,20100215,5,1,,
539,20100240,5,1,,
540,20100255,5,1,,
541,20100280,5,1,,
542,20100553,1,1,,
543,20100679,1,1,,
544,20100780,7,1,,
545,20100795,1,1,,
546,20100831,8,1,,
547,20101030,9,1,,
548,20101292,1,1,,
549,20101530,8,1,,
550,20101676,1,1,,
551,20101696,8,1,,
552,20101803,1,1,,
553,20101898,8,1,,
554,20101954,8,1,,
555,20102375,8,1,,
556,20102431,1,1,,
557,20102471,1,1,,
558,20102668,1,1,,
559,20102906,1,1,,
560,20103049,1,1,,
561,20103054,5,1,,
562,20103276,1,1,,
563,20103372,1,1,,
564,20103438,1,1,,
565,20103569,1,1,,
566,20103630,1,1,,
567,20103741,1,1,,
568,20103847,8,1,,
569,20103867,8,1,,
570,20110293,8,1,,
571,20110384,9,1,,
572,20110435,5,1,,
573,20110460,8,1,,
574,20110602,1,1,,
575,20110622,8,1,,
576,20110677,1,1,,
577,20110748,9,1,,
578,20110753,1,1,,
579,20110899,1,1,,
580,20110940,1,1,,
581,20111018,7,1,,
582,20110960,5,1,,
583,20111023,1,1,,
584,20111210,9,1,,
585,20111225,1,1,,
586,20111301,8,1,,
587,20111432,1,1,,
588,20111583,1,1,,
589,20111876,1,1,,
590,20111730,1,1,,
591,20112035,1,1,,
592,20112095,8,1,,
593,20112131,5,1,,
594,20113032,1,1,,
595,20111518,8,1,,
596,20111972,1,1,,
597,20112060,1,1,,
598,20112313,1,1,,
599,20112333,1,1,,
600,20112424,1,1,,
601,20112439,8,1,,
602,20112499,8,1,,
603,20112500,1,1,,
604,20112611,1,1,,
605,20112722,1,1,,
606,20112742,1,1,,
607,20112873,12,1,,
608,20112979,8,1,,
609,20113027,1,1,,
610,20113158,7,1,,
611,20103918,8,1,,
612,20113143,8,1,,
613,20113103,8,1,,
614,20113178,1,1,,
615,20113294,8,1,,
616,20113183,9,1,,
617,20120019,1,1,,
618,20113269,8,1,,
619,20113289,11,1,,
620,20120059,1,1,,
621,20120084,1,1,,
622,20120135,1,1,,
623,20120155,1,1,,
624,20120175,1,1,,
625,20120271,5,1,,
626,20120448,1,1,,
627,20120195,9,1,,
628,20120317,1,1,,
629,20120357,1,1,,
630,20120433,8,1,,
631,20120640,1,1,,
632,20120655,1,1,,
633,20120660,8,1,,
634,20120680,8,1,,
635,20120726,8,1,,
636,20120882,7,1,,
637,20120751,9,1,,
638,20120771,5,1,,
639,20120857,1,1,,
640,20120928,1,1,,
641,20120953,8,1,,
642,20120993,8,1,,
643,20121016,5,1,,
644,20121021,1,1,,
645,20121041,8,1,,
646,20121081,8,1,,
647,20121243,1,1,,
648,20121314,1,1,,
649,20121329,8,1,,
650,20121354,1,1,,
651,20121389,8,1,,
652,20121410,8,1,,
653,20121470,5,1,,
654,20121561,1,1,,
655,20121612,1,1,,
656,20121758,1,1,,
657,20121814,1,1,,
658,20121834,1,1,,
659,20121849,1,1,,
660,20121854,1,1,,
661,20121930,9,1,,
662,20121985,9,1,,
663,20122008,1,1,,
664,20122028,5,1,,
665,20122073,8,1,,
666,20122104,8,1,,
667,20122119,8,1,,
668,20122215,1,1,,
669,20122235,1,1,,
670,20122255,8,1,,
671,20122260,1,1,,
672,20122275,8,1,,
673,20122306,1,1,,
674,20122326,8,1,,
675,20122346,1,1,,
676,20122417,8,1,,
677,20122437,1,1,,
678,20122462,8,1,,
679,20122477,9,1,,
680,20122573,8,1,,
681,20122593,8,1,,
682,20122664,1,1,,
683,20122715,1,1,,
684,20122735,8,1,,
685,20122775,5,1,,
686,20122851,8,1,,
687,20122891,8,1,,
688,20123232,1,1,,
689,20123267,8,1,,
690,20121172,1,1,,
691,20121187,1,1,,
692,20121192,1,1,,
693,20123292,1,1,,
694,20123318,8,1,,
695,20123454,1,1,,
696,20113345,8,1,,
697,20123494,1,1,,
698,20123469,8,1,,
699,20123489,1,1,,
700,20123570,8,1,,
701,20113390,8,1,,
702,20130077,1,1,,
703,20130097,1,1,,
704,20130113,8,1,,
705,20113416,8,1,,
706,20130284,5,1,,
707,20130300,1,1,,
708,20130360,1,1,,
709,20130375,8,1,,
710,20130411,8,1,,
711,20123545,8,1,,
712,20130380,1,1,,
713,20130431,1,1,,
714,20130582,8,1,,
715,20130613,1,1,,
716,20130673,1,1,,
717,20130693,5,1,,
718,20130739,5,1,,
719,20130779,11,1,,
720,20123636,1,1,,
721,20130688,1,1,,
722,20130704,1,1,,
723,20130744,1,1,,
724,20130784,5,1,,
725,20130880,1,1,,
726,20130895,8,1,,
727,20130931,1,1,,
728,20130951,9,1,,
729,20131014,5,1,,
730,20131029,1,1,,
731,20131034,1,1,,
732,20131049,1,1,,
733,20131054,8,1,,
734,20131069,1,1,,
735,20131094,1,1,,
736,20131105,1,1,,
737,20131110,8,1,,
738,20131125,8,1,,
739,20131130,8,1,,
740,20131165,9,1,,
741,20131190,8,1,,
742,20131201,1,1,,
743,20131236,1,1,,
744,20131256,1,1,,
745,20131261,1,1,,
746,20131276,1,1,,
747,20131296,1,1,,
748,20131307,1,1,,
749,20131327,1,1,,
750,20131332,9,1,,
751,20131372,8,1,,
752,20131392,9,1,,
753,20131403,9,1,,
754,20131438,1,1,,
755,20131443,1,1,,
756,20131458,8,1,,
757,20131478,1,1,,
758,20131483,1,1,,
759,20131534,5,1,,
760,20131549,1,1,,
761,20131554,8,1,,
762,20131569,9,1,,
763,20131574,8,1,,
764,20131594,8,1,,
765,20131605,1,1,,
766,20131630,8,1,,
767,20131645,1,1,,
768,20131650,8,1,,
769,20131665,1,1,,
770,20131670,8,1,,
771,20131690,8,1,,
772,20131756,1,1,,
773,20131781,1,1,,
774,20131827,1,1,,
775,20131832,1,1,,
776,20131903,8,1,,
777,20131958,5,1,,
778,20131978,1,1,,
779,20131983,1,1,,
780,20131998,5,1,,
781,20132011,1,1,,
782,20132051,8,1,,
783,20132066,8,1,,
784,20132122,8,1,,
785,20132162,8,1,,
786,20132177,8,1,,
787,20132197,5,1,,
788,20132253,1,1,,
789,20132268,9,1,,
790,20132273,8,1,,
791,20132288,1,1,,
792,20132359,1,1,,
793,20132379,1,1,,
794,20132399,1,1,,
795,20132415,5,1,,
796,20132420,8,1,,
797,20132455,1,1,,
798,20132480,5,1,,
799,20132546,5,1,,
800,20132551,1,1,,
801,20132571,1,1,,
802,20132586,1,1,,
803,20132591,8,1,,
804,20132622,1,1,,
805,20132637,9,1,,
806,20132642,5,1,,
807,20132662,1,1,,
808,20132677,1,1,,
809,20132682,8,1,,
810,20132728,1,1,,
811,20132788,5,1,,
812,20132793,11,1,,
813,20132804,8,1,,
814,20132864,1,1,,
815,20132879,1,1,,
816,20132884,1,1,,
817,20132899,8,1,,
818,20132900,1,1,,
819,20132935,1,1,,
820,20132940,1,1,,
821,20132955,5,1,,
822,20133038,1,1,,
823,20133078,1,1,,
824,20133098,8,1,,
825,20133109,8,1,,
826,20133169,8,1,,
827,20133189,1,1,,
828,20133194,5,1,,
829,20133250,12,1,,
830,20133285,8,1,,
831,20133290,8,1,,
832,20133321,1,1,,
833,20133376,1,1,,
834,20133396,8,1,,
835,20133407,8,1,,
836,20133412,1,1,,
837,20133432,8,1,,
838,20133518,1,1,,
839,20133543,1,1,,
840,20133563,9,1,,
841,20133634,11,1,,
842,20133654,7,1,,
843,20133674,1,1,,
844,20133694,8,1,,
845,20123676,8,1,,
846,20123696,1,1,,
847,20133609,8,1,,
848,20133730,8,1,,
849,20133770,8,1,,
850,20133790,7,1,,
851,20133856,1,1,,
852,20123656,11,1,,
853,20104091,9,1,,
854,20123641,1,1,,
855,20123772,1,1,,
856,20123898,8,1,,
857,20140035,1,1,,
858,20140040,1,1,,
859,20140060,5,1,,
860,20140075,5,1,,
861,20140080,1,1,,
862,20140106,5,1,,
863,20140131,1,1,,
864,20140146,1,1,,
865,20140186,1,1,,
866,20140222,11,1,,
867,20140237,8,1,,
868,20140277,1,1,,
869,20140282,5,1,,
870,20140297,1,1,,
871,20140313,9,1,,
872,20140333,8,1,,
873,20140368,1,1,,
874,20140393,8,1,,
875,20140424,1,1,,
876,20140459,5,1,,
877,20140479,8,1,,
878,20140484,8,1,,
879,20140520,1,1,,
880,20140555,1,1,,
881,20140560,8,1,,
882,20140580,1,1,,
883,20140646,1,1,,
884,20140651,8,1,,
885,20140691,1,1,,
886,20140737,8,1,,
887,20140762,8,1,,
888,20140777,1,1,,
889,20140782,12,1,,
890,20140797,1,1,,
891,20140808,9,1,,
892,20140828,9,1,,
893,20140853,11,1,,
894,20140873,8,1,,
895,20140888,9,1,,
896,20140893,1,1,,
897,20140904,8,1,,
898,20140919,8,1,,
899,20140924,8,1,,
900,20140944,8,1,,
901,20140964,9,1,,
902,20140979,1,1,,
903,20141007,1,1,,
904,20141012,9,1,,
905,20141027,11,1,,
906,20141047,11,1,,
907,20141052,5,1,,
908,20141067,8,1,,
909,20141087,1,1,,
910,20141143,1,1,,
911,20141158,5,1,,
912,20141163,1,1,,
913,20141198,1,1,,
914,20141209,1,1,,
915,20141234,8,1,,
916,20141254,1,1,,
917,20141274,5,1,,
918,20141294,8,1,,
919,20141305,8,1,,
920,20141310,5,1,,
921,20141370,8,1,,
922,20141390,8,1,,
923,20141416,1,1,,
924,20141436,8,1,,
925,20141441,1,1,,
926,20141456,8,1,,
927,20141481,1,1,,
928,20141507,8,1,,
929,20141532,8,1,,
930,20141547,1,1,,
931,20141552,5,1,,
932,20141572,1,1,,
933,20141587,1,1,,
934,20141623,1,1,,
935,20141638,7,1,,
936,20141643,8,1,,
937,20141714,1,1,,
938,20141729,8,1,,
939,20141769,5,1,,
940,20141774,8,1,,
941,20141789,8,1,,
942,20141794,1,1,,
943,20141810,8,1,,
944,20141845,8,1,,
945,20141870,1,1,,
946,20141885,1,1,,
947,20141890,1,1,,
948,20141901,1,1,,
949,20141921,5,1,,
950,20141936,5,1,,
951,20141956,5,1,,
952,20141961,1,1,,
953,20141976,1,1,,
954,20141981,8,1,,
955,20141996,1,1,,
956,20142024,8,1,,
957,20142039,5,1,,
958,20142044,1,1,,
959,20142059,1,1,,
960,20142064,8,1,,
961,20142079,8,1,,
962,20142099,8,1,,
963,20142100,8,1,,
964,20142155,5,1,,
965,20142175,1,1,,
966,20142195,8,1,,
967,20142206,5,1,,
968,20142211,8,1,,
969,20142231,8,1,,
970,20142246,8,1,,
971,20142251,8,1,,
972,20142271,9,1,,
973,20142286,8,1,,
974,20142291,8,1,,
975,20142302,1,1,,
976,20142317,1,1,,
977,20142357,1,1,,
978,20142362,8,1,,
979,20142377,1,1,,
980,20142408,11,1,,
981,20142413,8,1,,
982,20142428,1,1,,
983,20142433,1,1,,
984,20142448,11,1,,
985,20142453,7,1,,
986,20142468,5,1,,
987,20142473,5,1,,
988,20142488,5,1,,
989,20142493,1,1,,
990,20142504,8,1,,
991,20142519,7,1,,
992,20142539,5,1,,
993,20142544,1,1,,
994,20142559,7,1,,
995,20142564,1,1,,
996,20142579,5,1,,
997,20142584,1,1,,
998,20142599,8,1,,
999,20142600,1,1,,
1000,20142615,8,1,,
1001,20142620,1,1,,
1002,20142635,1,1,,
1003,20142655,5,1,,
1004,20142660,8,1,,
1005,20142675,5,1,,
1006,20142711,1,1,,
1007,20142771,1,1,,
1008,20142791,8,1,,
1009,20142802,1,1,,
1010,20142817,1,1,,
1011,20142822,1,1,,
1012,20142837,8,1,,
1013,20142842,8,1,,
1014,20142857,11,1,,
1015,20142862,1,1,,
1016,20142877,11,1,,
1017,20142882,1,1,,
1018,20142908,8,1,,
1019,20142928,5,1,,
1020,20142968,8,1,,
1021,20142973,8,1,,
1022,20143001,8,1,,
1023,20143021,8,1,,
1024,20143036,1,1,,
1025,20143041,8,1,,
1026,20143056,5,1,,
1027,20143081,8,1,,
1028,20143107,11,1,,
1029,20143147,1,1,,
1030,20143223,8,1,,
1031,20143329,8,1,,
1032,20143349,1,1,,
1033,20143369,8,1,,
1034,20143389,1,1,,
1035,20143485,1,1,,
1036,20131610,8,1,,
1037,20133821,1,1,,
1038,20123792,8,1,,
1039,20134015,5,1,,
1040,20133952,9,1,,
1041,20133861,5,1,,
1042,20134035,1,1,,
1043,20134171,1,1,,
1044,20133932,8,1,,
1045,20134237,1,1,,
1046,20123838,8,1,,
1047,20134191,8,1,,
1048,20131367,8,1,,
1049,20133896,9,1,,
1050,20133992,1,1,,
1051,20134131,1,1,,
1052,20133881,8,1,,
1053,20150013,5,1,,
1054,20150028,7,1,,
1055,20150033,11,1,,
1056,20150048,8,1,,
1057,20150068,1,1,,
1058,20150073,1,1,,
1059,20150088,1,1,,
1060,20150093,8,1,,
1061,20150119,5,1,,
1062,20150124,1,1,,
1063,20150144,1,1,,
1064,20150164,1,1,,
1065,20150184,1,1,,
1066,20150200,1,1,,
1067,20150220,1,1,,
1068,20150235,11,1,,
1069,20150240,1,1,,
1070,20150255,1,1,,
1071,20150260,5,1,,
1072,20150275,1,1,,
1073,20150280,1,1,,
1074,20150295,1,1,,
1075,20150311,1,1,,
1076,20150331,1,1,,
1077,20150346,5,1,,
1078,20150371,1,1,,
1079,20150391,1,1,,
1080,20150402,1,1,,
1081,20150417,8,1,,
1082,20150437,9,1,,
1083,20150457,1,1,,
1084,20150462,11,1,,
1085,20150477,9,1,,
1086,20150482,5,1,,
1087,20150497,9,1,,
1088,20150508,1,1,,
1089,20150513,1,1,,
1090,20150528,1,1,,
1091,20150533,9,1,,
1092,20150553,1,1,,
1093,20150568,1,1,,
1094,20150588,1,1,,
1095,20150593,9,1,,
1096,20150619,11,1,,
1097,20150659,8,1,,
1098,20150664,1,1,,
1099,20150679,1,1,,
1100,20150684,8,1,,
1101,20150699,1,1,,
1102,20150700,1,1,,
1103,20150715,1,1,,
1104,20150720,1,1,,
1105,20150740,1,1,,
1106,20150755,8,1,,
1107,20150760,1,1,,
1108,20150780,8,1,,
1109,20150806,8,1,,
1110,20150826,1,1,,
1111,20150831,1,1,,
1112,20150846,9,1,,
1113,20150851,1,1,,
1114,20150866,5,1,,
1115,20150886,9,1,,
1116,20150902,5,1,,
1117,20150922,1,1,,
1118,20150937,5,1,,
1119,20150942,1,1,,
1120,20150957,1,1,,
1121,20150977,8,1,,
1122,20150982,8,1,,
1123,20151005,8,1,,
1124,20151010,8,1,,
1125,20151025,5,1,,
1126,20151045,1,1,,
1127,20151050,9,1,,
1128,20151065,8,1,,
1129,20151090,1,1,,
1130,20151116,1,1,,
1131,20151136,8,1,,
1132,20151141,8,1,,
1133,20151156,8,1,,
1134,20151161,8,1,,
1135,20151181,1,1,,
1136,20151207,8,1,,
1137,20151212,1,1,,
1138,20151227,8,1,,
1139,20151232,1,1,,
1140,20151252,8,1,,
1141,20151267,1,1,,
1142,20151272,8,1,,
1143,20151287,1,1,,
1144,20151292,8,1,,
1145,20151303,1,1,,
1146,20151318,8,1,,
1147,20151323,8,1,,
1148,20151338,8,1,,
1149,20151343,1,1,,
1150,20151358,1,1,,
1151,20151378,9,1,,
1152,20151383,8,1,,
1153,20151409,1,1,,
1154,20151414,8,1,,
1155,20151429,8,1,,
1156,20151434,8,1,,
1157,20151449,1,1,,
1158,20151454,8,1,,
1159,20151469,1,1,,
1160,20151489,1,1,,
1161,20151494,1,1,,
1162,20151505,5,1,,
1163,20151510,1,1,,
1164,20151525,1,1,,
1165,20151545,5,1,,
1166,20151565,8,1,,
1167,20151570,1,1,,
1168,20151585,1,1,,
1169,20151590,8,1,,
1170,20151601,8,1,,
1171,20151616,8,1,,
1172,20151621,8,1,,
1173,20151636,9,1,,
1174,20151641,8,1,,
1175,20151656,1,1,,
1176,20151676,1,1,,
1177,20151681,8,1,,
1178,20151696,1,1,,
1179,20151707,5,1,,
1180,20151712,1,1,,
1181,20151727,8,1,,
1182,20151732,8,1,,
1183,20151747,1,1,,
1184,20151767,1,1,,
1185,20151787,8,1,,
1186,20151792,9,1,,
1187,20151818,1,1,,
1188,20151823,1,1,,
1189,20151838,1,1,,
1190,20151843,1,1,,
1191,20151858,7,1,,
1192,20151863,9,1,,
1193,20151883,1,1,,
1194,20151898,1,1,,
1195,20151909,8,1,,
1196,20151929,8,1,,
1197,20151934,11,1,,
1198,20151949,1,1,,
1199,20151969,8,1,,
1200,20151994,8,1,,
1201,20152002,1,1,,
1202,20152017,1,1,,
1203,20152022,1,1,,
1204,20152042,1,1,,
1205,20152057,1,1,,
1206,20152062,8,1,,
1207,20152077,5,1,,
1208,20152082,9,1,,
1209,20152108,8,1,,
1210,20152113,1,1,,
1211,20152128,8,1,,
1212,20152133,8,1,,
1213,20152148,8,1,,
1214,20152153,1,1,,
1215,20152168,1,1,,
1216,20152173,5,1,,
1217,20152188,1,1,,
1218,20152204,1,1,,
1219,20152219,1,1,,
1220,20152224,8,1,,
1221,20152239,8,1,,
1222,20152244,11,1,,
1223,20152259,8,1,,
1224,20152264,8,1,,
1225,20152279,1,1,,
1226,20152284,8,1,,
1227,20152299,8,1,,
1228,20152300,9,1,,
1229,20152315,8,1,,
1230,20152335,1,1,,
1231,20152340,8,1,,
1232,20152355,8,1,,
1233,20152360,1,1,,
1234,20152375,8,1,,
1235,20152380,1,1,,
1236,20152395,8,1,,
1237,20152406,1,1,,
1238,20152411,8,1,,
1239,20152426,8,1,,
1240,20152431,1,1,,
1241,20152451,1,1,,
1242,20152466,7,1,,
1243,20152471,1,1,,
1244,20152486,1,1,,
1245,20152491,1,1,,
1246,20152517,1,1,,
1247,20152522,1,1,,
1248,20152537,1,1,,
1249,20152542,8,1,,
1250,20152557,8,1,,
1251,20152562,8,1,,
1252,20152582,1,1,,
1253,20152597,1,1,,
1254,20152608,1,1,,
1255,20152628,1,1,,
1256,20152653,1,1,,
1257,20152668,8,1,,
1258,20152673,8,1,,
1259,20152688,9,1,,
1260,20152693,8,1,,
1261,20152704,9,1,,
1262,20152719,8,1,,
1263,20152724,9,1,,
1264,20152744,8,1,,
1265,20152764,1,1,,
1266,20152784,1,1,,
1267,20152799,8,1,,
1268,20152820,1,1,,
1269,20152835,8,1,,
1270,20152840,8,1,,
1271,20152860,8,1,,
1272,20152875,8,1,,
1273,20152880,1,1,,
1274,20152906,8,1,,
1275,20152926,8,1,,
1276,20152931,1,1,,
1277,20152946,8,1,,
1278,20152951,1,1,,
1279,20152986,1,1,,
1280,20153049,1,1,,
1281,20153069,1,1,,
1282,20153089,1,1,,
1283,20153125,1,1,,
1284,20153165,1,1,,
1285,20133907,1,1,,
1286,20143687,8,1,,
1287,20133972,7,1,,
1288,20123883,1,1,,
1289,20143298,9,1,,
1290,20143016,1,1,,
1291,20143278,8,1,,
1292,20143314,1,1,,
1293,20143703,1,1,,
1294,20133725,1,1,,
1295,20143516,9,1,,
1296,20143470,5,1,,
1297,20143743,8,1,,
1298,20143450,1,1,,
1299,20143354,8,1,,
1300,20143556,7,1,,
1301,20134257,5,1,,
1302,20143152,8,1,,
1303,20143849,1,1,,
1304,20143869,1,1,,
1305,20133785,7,1,,
1306,20143490,1,1,,
1307,20133689,1,1,,
1308,20143112,1,1,,
1309,20134075,8,1,,
1310,20143218,1,1,,
1311,20143965,14,1,,
1312,20152971,9,1,,
1313,20143607,11,1,,
1314,20153443,7,1,,
1315,20123969,1,1,,
1316,20160011,1,1,,
1317,20160031,8,1,,
1318,20160046,8,1,,
1319,20160066,8,1,,
1320,20160071,1,1,,
1321,20160086,1,1,,
1322,20160091,5,1,,
1323,20160102,1,1,,
1324,20160117,11,1,,
1325,20160122,1,1,,
1326,20160137,1,1,,
1327,20160142,1,1,,
1328,20160157,8,1,,
1329,20160162,1,1,,
1330,20160177,1,1,,
1331,20160182,1,1,,
1332,20160197,1,1,,
1333,20160213,1,1,,
1334,20160228,1,1,,
1335,20160268,1,1,,
1336,20160273,1,1,,
1337,20160288,1,1,,
1338,20160293,1,1,,
1339,20160304,1,1,,
1340,20160319,1,1,,
1341,20160324,1,1,,
1342,20160339,1,1,,
1343,20160344,5,1,,
1344,20160359,8,1,,
1345,20160364,1,1,,
1346,20160379,9,1,,
1347,20160384,1,1,,
1348,20160399,1,1,,
1349,20160400,11,1,,
1350,20160415,5,1,,
1351,20160420,8,1,,
1352,20160440,9,1,,
1353,20160455,9,1,,
1354,20160460,9,1,,
1355,20160480,9,1,,
1356,20160526,8,1,,
1357,20160546,8,1,,
1358,20160591,5,1,,
1359,20160602,1,1,,
1360,20160622,1,1,,
1361,20160637,1,1,,
1362,20160662,8,1,,
1363,20160682,1,1,,
1364,20160697,1,1,,
1365,20160708,1,1,,
1366,20160713,1,1,,
1367,20160728,1,1,,
1368,20160768,8,1,,
1369,20160773,8,1,,
1370,20160788,1,1,,
1371,20160819,9,1,,
1372,20160824,8,1,,
1373,20160839,1,1,,
1374,20160844,1,1,,
1375,20160859,1,1,,
1376,20160864,8,1,,
1377,20160879,1,1,,
1378,20160899,7,1,,
1379,20160915,1,1,,
1380,20160935,5,1,,
1381,20160955,8,1,,
1382,20160960,8,1,,
1383,20160975,5,1,,
1384,20161003,9,1,,
1385,20161023,8,1,,
1386,20161038,1,1,,
1387,20161043,8,1,,
1388,20161058,1,1,,
1389,20161078,5,1,,
1390,20161083,5,1,,
1391,20161098,9,1,,
1392,20161109,1,1,,
1393,20161114,8,1,,
1394,20161129,1,1,,
1395,20161134,12,1,,
1396,20161169,1,1,,
1397,20161174,9,1,,
1398,20161189,7,1,,
1399,20161194,1,1,,
1400,20161205,9,1,,
1401,20161210,1,1,,
1402,20161225,8,1,,
1403,20161230,8,1,,
1404,20161245,8,1,,
1405,20161250,5,1,,
1406,20161265,1,1,,
1407,20161270,8,1,,
1408,20161290,8,1,,
1409,20161316,8,1,,
1410,20161336,9,1,,
1411,20161341,8,1,,
1412,20161356,1,1,,
1413,20161361,8,1,,
1414,20161396,8,1,,
1415,20161407,1,1,,
1416,20161412,8,1,,
1417,20161432,8,1,,
1418,20161447,1,1,,
1419,20161452,8,1,,
1420,20161467,1,1,,
1421,20161472,1,1,,
1422,20161503,8,1,,
1423,20161518,5,1,,
1424,20161523,8,1,,
1425,20161538,8,1,,
1426,20161543,1,1,,
1427,20161558,8,1,,
1428,20161563,8,1,,
1429,20161578,8,1,,
1430,20161583,5,1,,
1431,20161598,1,1,,
1432,20161614,8,1,,
1433,20161629,1,1,,
1434,20161634,1,1,,
1435,20161654,8,1,,
1436,20161674,1,1,,
1437,20161689,8,1,,
1438,20161705,1,1,,
1439,20161710,1,1,,
1440,20161730,9,1,,
1441,20161745,8,1,,
1442,20161750,8,1,,
1443,20161785,1,1,,
1444,20161790,8,1,,
1445,20161801,1,1,,
1446,20161816,8,1,,
1447,20161821,5,1,,
1448,20161836,8,1,,
1449,20161841,1,1,,
1450,20161861,1,1,,
1451,20161881,8,1,,
1452,20161896,1,1,,
1453,20161907,1,1,,
1454,20161912,8,1,,
1455,20161927,5,1,,
1456,20161932,1,1,,
1457,20161947,8,1,,
1458,20161967,1,1,,
1459,20161972,8,1,,
1460,20161987,1,1,,
1461,20161992,1,1,,
1462,20162015,1,1,,
1463,20162060,1,1,,
1464,20162075,8,1,,
1465,20162080,1,1,,
1466,20162111,1,1,,
1467,20162146,8,1,,
1468,20162151,1,1,,
1469,20162166,8,1,,
1470,20162171,1,1,,
1471,20162186,1,1,,
1472,20162202,1,1,,
1473,20162217,8,1,,
1474,20162242,9,1,,
1475,20162257,1,1,,
1476,20162277,1,1,,
1477,20162282,1,1,,
1478,20162308,1,1,,
1479,20162313,1,1,,
1480,20162328,1,1,,
1481,20162333,5,1,,
1482,20162353,8,1,,
1483,20162368,1,1,,
1484,20162373,9,1,,
1485,20162388,7,1,,
1486,20162393,8,1,,
1487,20162404,8,1,,
1488,20162424,11,1,,
1489,20162439,9,1,,
1490,20162444,1,1,,
1491,20162464,9,1,,
1492,20162484,9,1,,
1493,20162499,1,1,,
1494,20162515,1,1,,
1495,20162520,1,1,,
1496,20162540,1,1,,
1497,20162555,9,1,,
1498,20162575,8,1,,
1499,20162580,1,1,,
1500,20162595,8,1,,
1501,20162606,11,1,,
1502,20162611,1,1,,
1503,20162626,1,1,,
1504,20162631,8,1,,
1505,20162651,8,1,,
1506,20162671,1,1,,
1507,20162686,1,1,,
1508,20162702,5,1,,
1509,20162722,1,1,,
1510,20162737,1,1,,
1511,20162742,8,1,,
1512,20162762,8,1,,
1513,20162777,8,1,,
1514,20162782,1,1,,
1515,20162813,1,1,,
1516,20162828,5,1,,
1517,20162833,9,1,,
1518,20162873,5,1,,
1519,20162893,8,1,,
1520,20162904,1,1,,
1521,20162924,1,1,,
1522,20162959,7,1,,
1523,20162939,1,1,,
1524,20162868,1,1,,
1525,20143596,8,1,,
1526,20143309,1,1,,
1527,20143576,1,1,,
1528,20143763,1,1,,
1529,20143561,8,1,,
1530,20143905,1,1,,
1531,20143945,1,1,,
1532,20153423,8,1,,
1533,20143501,1,1,,
1534,20153221,8,1,,
1535,20143783,1,1,,
1536,20152815,5,1,,
1537,20153403,8,1,,
1538,20153463,14,1,,
1539,20152991,5,1,,
1540,20153307,1,1,,
1541,20153549,8,1,,
1542,20153034,1,1,,
1543,20153014,5,1,,
1544,20153241,14,1,,
1545,20134146,1,1,,
1546,20153483,1,1,,
1547,20153145,8,1,,
1548,20153367,1,1,,
1549,20134106,8,1,,
1550,20153509,8,1,,
1551,20153569,1,1,,
1552,20143723,8,1,,
1553,20144048,14,1,,
1554,20143536,8,1,,
1555,20143410,1,1,,
1556,20153327,8,1,,
1557,20134333,8,1,,
1558,20163047,8,1,,
1559,20170044,1,1,,
1560,20170059,5,1,,
1561,20170079,1,1,,
1562,20170084,1,1,,
1563,20170099,1,1,,
1564,20170100,12,1,,
1565,20170115,1,1,,
1566,20170120,1,1,,
1567,20170135,1,1,,
1568,20170155,8,1,,
1569,20170175,1,1,,
1570,20170195,5,1,,
1571,20170206,1,1,,
1572,20170211,11,1,,
1573,20170226,1,1,,
1574,20170231,1,1,,
1575,20170246,8,1,,
1576,20170362,1,1,,
1577,20170377,1,1,,
1578,20170397,1,1,,
1579,20170408,1,1,,
1580,20170413,1,1,,
1581,20170428,1,1,,
1582,20170433,8,1,,
1583,20170453,1,1,,
1584,20170504,5,1,,
1585,20170539,1,1,,
1586,20170559,1,1,,
1587,20170564,8,1,,
1588,20170584,1,1,,
1589,20170599,1,1,,
1590,20170615,1,1,,
1591,20170640,1,1,,
1592,20170660,8,1,,
1593,20170675,1,1,,
1594,20170711,1,1,,
1595,20170726,1,1,,
1596,20170766,8,1,,
1597,20170771,8,1,,
1598,20170822,8,1,,
1599,20170862,1,1,,
1600,20170877,1,1,,
1601,20170882,1,1,,
1602,20170897,8,1,,
1603,20170908,1,1,,
1604,20170953,8,1,,
1605,20170968,1,1,,
1606,20170973,1,1,,
1607,20171016,1,1,,
1608,20171036,8,1,,
1609,20171081,8,1,,
1610,20171112,1,1,,
1611,20171127,9,1,,
1612,20171152,1,1,,
1613,20171167,1,1,,
1614,20171218,5,1,,
1615,20171223,1,1,,
1616,20171238,1,1,,
1617,20171263,1,1,,
1618,20171283,1,1,,
1619,20171329,1,1,,
1620,20171334,1,1,,
1621,20171369,8,1,,
1622,20171410,8,1,,
1623,20171425,1,1,,
1624,20171430,1,1,,
1625,20171445,1,1,,
1626,20171450,1,1,,
1627,20171470,1,1,,
1628,20171485,8,1,,
1629,20171521,1,1,,
1630,20171556,5,1,,
1631,20171561,8,1,,
1632,20171647,8,1,,
1633,20171672,8,1,,
1634,20171703,1,1,,
1635,20171718,1,1,,
1636,20171723,8,1,,
1637,20171763,5,1,,
1638,20171798,8,1,,
1639,20171809,1,1,,
1640,20171829,1,1,,
1641,20171834,9,1,,
1642,20171854,1,1,,
1643,20171894,8,1,,
1644,20171905,8,1,,
1645,20171910,8,1,,
1646,20171925,8,1,,
1647,20171970,5,1,,
1648,20171985,8,1,,
1649,20172013,8,1,,
1650,20172093,1,1,,
1651,20172104,8,1,,
1652,20172124,1,1,,
1653,20172139,8,1,,
1654,20172144,8,1,,
1655,20172159,8,1,,
1656,20172164,9,1,,
1657,20172199,8,1,,
1658,20172235,1,1,,
1659,20172240,9,1,,
1660,20172275,1,1,,
1661,20172280,8,1,,
1662,20172311,9,1,,
1663,20172326,8,1,,
1664,20172346,1,1,,
1665,20172366,8,1,,
1666,20172391,1,1,,
1667,20172417,1,1,,
1668,20172477,1,1,,
1669,20172497,1,1,,
1670,20172513,5,1,,
1671,20172528,8,1,,
1672,20172553,1,1,,
1673,20172593,1,1,,
1674,20172619,1,1,,
1675,20170337,1,1,,
1676,20170322,8,1,,
1677,20170302,8,1,,
1678,20163072,5,1,,
1679,20162979,5,1,,
1680,20163087,8,1,,
1681,20163012,1,1,,
1682,20162984,1,1,,
1683,20162560,1,1,,
1684,20163214,8,1,,
1685,20162919,8,1,,
1686,20153529,8,1,,
1687,20153605,1,1,,
1688,20163138,9,1,,
1689,20162999,8,1,,
1690,20163052,8,1,,
1691,20160927,5,1,,
1692,20163118,8,1,,
1693,20163103,8,1,,
1694,20163163,1,1,,
1695,20163229,1,1,,
1696,20163067,8,1,,
1697,20162964,1,1,,
1698,20153387,1,1,,
1699,20162853,1,1,,
1700,20172811,1,1,,
1701,20153589,8,1,,
1702,20160248,1,1,,
1703,20172806,5,1,,
1704,20163178,1,1,,
1705,20163269,7,1,,
1706,20163027,8,1,,
1707,20172902,1,1,,
1708,20172775,5,1,,
1709,20163143,8,1,,
1710,20172664,9,1,,
1711,20172826,7,1,,
1712,20172795,5,1,,
1713,20172891,1,1,,
1714,20172760,1,1,,
1715,20172851,12,1,,
1716,20163289,1,1,,
1717,20170342,8,1,,
1718,20172866,8,1,,
1719,20172962,1,1,,
1720,20172942,1,1,,
1721,20172871,1,1,,
1722,20163158,7,1,,
1723,20171869,1,9,2020-08-25 11:06:54,2020-08-25 07:06:54
1724,20172922,7,9,2020-08-25 11:07:46,2020-08-25 07:07:46
1725,99990001,2,11,2020-09-22 07:06:37,2020-09-22 03:06:37
1726,99990002,9,11,2020-09-22 07:08:26,2020-09-22 03:08:26
1727,99990003,9,11,2020-09-22 07:09:54,2020-09-22 03:09:54
1728,99990004,2,11,2020-09-22 07:12:07,2020-09-22 03:12:07
1729,99990005,8,11,2020-09-22 07:12:52,2020-09-22 03:12:52
1730,99990006,1,11,2020-09-22 07:14:37,2020-09-22 03:14:37
1731,99990007,8,11,2020-09-22 07:18:24,2020-09-22 03:18:24
1732,99990008,1,11,2020-09-22 07:20:13,2020-09-22 03:20:13
1733,99990009,8,11,2020-09-22 08:29:24,2020-09-22 04:29:24
1734,99990010,8,11,2020-09-22 08:32:37,2020-09-22 04:32:37
1735,99990011,1,11,2020-09-22 08:34:41,2020-09-22 04:34:41
1736,99990012,8,11,2020-09-22 08:36:56,2020-09-22 04:36:56
1737,99990013,9,11,2020-09-22 11:51:49,2020-09-22 07:51:49
1738,99990014,8,11,2020-09-22 11:59:42,2020-09-22 07:59:42
1739,99990015,8,11,2020-09-22 12:00:50,2020-09-22 08:00:50
1740,99990016,1,11,2020-09-22 12:02:28,2020-09-22 08:02:28
1741,99990017,1,11,2020-09-22 12:04:27,2020-09-22 08:04:27
1742,99990018,1,11,2020-09-22 12:06:07,2020-09-22 08:06:07
1743,99990019,8,11,2020-09-22 12:07:30,2020-09-22 08:07:30
1744,99990020,9,11,2020-09-22 12:08:45,2020-09-22 08:08:45
1745,99990021,1,11,2020-09-22 12:09:33,2020-09-22 08:09:33
1746,99990022,8,11,2020-09-22 12:10:33,2020-09-22 08:10:33
1747,99990023,9,11,2020-09-22 12:11:31,2020-09-22 08:11:31
1748,99990024,1,11,2020-09-22 12:12:18,2020-09-22 08:12:18
1749,99990025,8,11,2020-09-22 12:14:24,2020-09-22 08:14:24
1750,99990026,1,11,2020-09-22 12:15:45,2020-09-22 08:15:45
1751,99990027,1,11,2020-09-28 16:49:51,2020-09-28 12:49:51
1752,99990028,1,11,2020-09-28 16:51:04,2020-09-28 12:51:04
1753,99990029,8,11,2020-09-28 16:53:03,2020-09-28 12:53:03
1754,99990030,1,11,2020-09-28 16:54:39,2020-09-28 12:54:39
1755,99990031,1,11,2020-09-28 16:55:33,2020-09-28 12:55:33
1756,99990032,1,11,2020-09-28 16:56:53,2020-09-28 12:56:53
1757,99990033,1,11,2020-09-28 17:00:27,2020-09-28 13:00:27
1758,99990034,8,11,2020-09-28 17:04:56,2020-09-28 13:04:56
1759,99990035,8,11,2020-09-28 17:06:07,2020-09-28 13:06:07
1760,99990036,1,11,2020-09-28 17:08:43,2020-09-28 13:08:43
1761,99990037,5,11,2020-09-28 17:10:38,2020-09-28 13:10:38
1762,99990038,1,11,2020-09-28 17:13:19,2020-09-28 13:13:19
1763,99990039,1,11,2020-09-28 17:14:17,2020-09-28 13:14:17
1764,99990040,8,11,2020-09-28 17:16:05,2020-09-28 13:16:05
1765,99990041,1,11,2020-09-28 17:17:03,2020-09-28 13:17:03
1766,99990042,1,11,2020-09-28 17:18:19,2020-09-28 13:18:19
1767,99990043,8,11,2020-09-28 17:19:26,2020-09-28 13:19:26
1768,99990044,8,11,2020-09-28 17:20:35,2020-09-28 13:20:35
1769,99990045,8,11,2020-09-28 17:22:39,2020-09-28 13:22:39
1770,99990046,1,11,2020-09-28 17:23:57,2020-09-28 13:23:57
1771,99990047,1,11,2020-09-28 17:25:33,2020-09-28 13:25:33
1772,99990048,1,11,2020-09-28 17:27:01,2020-09-28 13:27:01
1773,99990049,8,11,2020-09-28 17:34:12,2020-09-28 13:34:12
1774,99990050,8,11,2020-09-28 17:36:02,2020-09-28 13:36:02
1775,99990051,1,11,2020-09-28 17:39:58,2020-09-28 13:39:58
1776,99990052,1,11,2020-09-28 17:41:11,2020-09-28 13:41:11
1777,99990053,1,11,2020-09-28 17:42:02,2020-09-28 13:42:02
1778,99990054,8,11,2020-09-28 17:43:32,2020-09-28 13:43:32
1779,99990055,8,11,2020-09-28 18:49:20,2020-09-28 14:49:20
1780,99990056,1,11,2020-09-28 18:50:17,2020-09-28 14:50:17
1781,99990057,8,11,2020-09-28 18:51:29,2020-09-28 14:51:29
1782,99990058,8,11,2020-09-28 18:52:19,2020-09-28 14:52:19
1783,99990059,9,11,2020-09-28 18:53:26,2020-09-28 14:53:26
1784,99990060,1,11,2020-09-28 18:57:43,2020-09-28 14:57:43
1785,99990061,1,11,2020-09-28 18:58:33,2020-09-28 14:58:33
1786,99990062,9,11,2020-09-28 19:01:43,2020-09-28 15:01:43
1787,99990063,8,11,2020-09-28 19:03:09,2020-09-28 15:03:09
1788,99990064,9,11,2020-09-28 19:04:27,2020-09-28 15:04:27
1789,99990065,8,15,2020-09-30 10:49:47,2020-09-30 06:49:47
1790,99990066,1,11,2020-09-30 11:05:58,2020-09-30 07:05:58
1791,99990067,8,11,2020-09-30 11:07:37,2020-09-30 07:07:37
1792,99990068,9,15,2020-09-30 13:33:51,2020-09-30 09:33:51
1793,99990069,1,11,2020-09-30 15:52:08,2020-09-30 11:52:08
1794,99990070,1,11,2020-09-30 15:53:28,2020-09-30 11:53:28
1795,99990071,1,11,2020-09-30 15:57:27,2020-09-30 11:57:27
1796,99990072,8,11,2020-09-30 15:59:30,2020-09-30 11:59:30
1797,99990073,1,11,2020-09-30 16:00:28,2020-09-30 12:00:28
1798,99990074,1,11,2020-09-30 16:02:07,2020-09-30 12:02:07
1799,99990075,1,11,2020-09-30 16:10:26,2020-09-30 12:10:26
1800,99990030,8,11,2020-09-30 16:25:08,2020-09-30 12:25:08
1801,99990076,1,11,2020-09-30 16:27:29,2020-09-30 12:27:29
1802,99990077,1,11,2020-09-30 16:30:49,2020-09-30 12:30:49
1803,99990078,1,11,2020-09-30 16:38:21,2020-09-30 12:38:21
1804,99990079,1,11,2020-09-30 16:47:13,2020-09-30 12:47:13
1805,99990080,1,11,2020-09-30 16:51:36,2020-09-30 12:51:36
1806,99990081,8,11,2020-09-30 16:54:18,2020-09-30 12:54:18
1807,99990082,1,11,2020-09-30 16:56:37,2020-09-30 12:56:37
1808,99990083,1,11,2020-09-30 16:58:11,2020-09-30 12:58:11
1809,99990084,8,11,2020-09-30 16:59:16,2020-09-30 12:59:16
1810,99990085,1,11,2020-09-30 17:00:15,2020-09-30 13:00:15
1811,99990086,1,11,2020-09-30 17:05:14,2020-09-30 13:05:14
1812,99990087,11,11,2020-09-30 17:06:27,2020-09-30 13:06:27
1813,99990088,1,11,2020-09-30 17:09:16,2020-09-30 13:09:16
1814,99990089,8,11,2020-09-30 17:12:24,2020-09-30 13:12:24
1815,99990045,5,11,2020-09-30 17:15:47,2020-09-30 13:15:47
1816,99990047,8,11,2020-09-30 17:19:05,2020-09-30 13:19:05
1817,99990090,8,11,2020-09-30 17:23:44,2020-09-30 13:23:44
1818,99990091,8,11,2020-09-30 17:26:17,2020-09-30 13:26:17
1819,99990092,1,11,2020-09-30 17:30:46,2020-09-30 13:30:46
1820,99990093,8,11,2020-09-30 17:34:11,2020-09-30 13:34:11
1821,99990059,1,11,2020-09-30 17:37:51,2020-09-30 13:37:51
1822,99990094,8,11,2020-09-30 17:46:05,2020-09-30 13:46:05
1823,99990095,8,11,2020-09-30 17:47:24,2020-09-30 13:47:24
1824,99990096,1,11,2020-09-30 17:52:36,2020-09-30 13:52:36
1825,99990097,8,11,2020-09-30 17:57:17,2020-09-30 13:57:17
1826,99990098,8,11,2020-09-30 18:00:18,2020-09-30 14:00:18
1827,99990099,1,11,2020-09-30 18:03:34,2020-09-30 14:03:34
1828,99990100,1,11,2020-09-30 18:07:31,2020-09-30 14:07:31
1829,99990101,1,11,2020-09-30 18:12:03,2020-09-30 14:12:03
1830,99990102,8,11,2020-09-30 18:16:20,2020-09-30 14:16:20
1831,99990103,1,11,2020-09-30 18:17:38,2020-09-30 14:17:38
1832,99990011,8,11,2020-09-30 18:18:55,2020-09-30 14:18:55
1833,99990001,1,11,2020-09-30 18:19:43,2020-09-30 14:19:43
1834,99990104,1,11,2020-09-30 18:24:34,2020-09-30 14:24:34
1835,99990004,1,11,2020-09-30 18:38:50,2020-09-30 14:38:50
1836,99990105,8,11,2020-09-30 18:40:49,2020-09-30 14:40:49
1837,99990006,8,11,2020-09-30 18:41:32,2020-09-30 14:41:32
1838,99990106,1,11,2020-09-30 18:44:29,2020-09-30 14:44:29
1839,99990107,1,11,2020-09-30 18:46:39,2020-09-30 14:46:39
1840,99990108,8,11,2020-09-30 18:48:45,2020-09-30 14:48:45
1841,99990109,1,11,2020-09-30 18:53:10,2020-09-30 14:53:10
1842,99990110,1,11,2020-09-30 18:54:59,2020-09-30 14:54:59
1843,99990111,1,11,2020-09-30 18:57:07,2020-09-30 14:57:07
1844,99990112,1,11,2020-09-30 19:00:54,2020-09-30 15:00:54
1845,99990113,1,11,2020-09-30 19:03:06,2020-09-30 15:03:06
1846,99990114,1,11,2020-09-30 19:06:36,2020-09-30 15:06:36
1847,99990115,8,11,2020-09-30 19:07:52,2020-09-30 15:07:52
1848,99990116,9,11,2020-09-30 19:10:00,2020-09-30 15:10:00
1849,99990117,8,11,2020-09-30 19:13:20,2020-09-30 15:13:20
1850,99990118,8,11,2020-09-30 19:15:18,2020-09-30 15:15:18
1851,99990119,2,15,2020-10-01 09:03:43,2020-10-01 05:03:43
1852,99990120,1,11,2020-10-01 19:21:32,2020-10-01 15:21:32
1853,99990121,8,11,2020-10-01 19:22:20,2020-10-01 15:22:20
1854,99990122,8,11,2020-10-01 19:23:33,2020-10-01 15:23:33
1855,99990123,8,11,2020-10-01 20:09:20,2020-10-01 16:09:20
1856,99990124,8,11,2020-10-01 20:09:59,2020-10-01 16:09:59
1857,99990125,8,11,2020-10-01 20:10:40,2020-10-01 16:10:40
1858,99990126,1,11,2020-10-01 20:14:45,2020-10-01 16:14:45
1859,99990127,1,11,2020-10-01 20:53:13,2020-10-01 16:53:13
1860,99990128,1,11,2020-10-01 20:53:57,2020-10-01 16:53:57
1861,99990129,1,11,2020-10-01 20:55:00,2020-10-01 16:55:00
1862,99990130,1,11,2020-10-01 20:56:43,2020-10-01 16:56:43
1863,99990131,1,11,2020-10-01 20:58:00,2020-10-01 16:58:00
1864,99990132,1,11,2020-10-01 20:58:57,2020-10-01 16:58:57
1865,99990133,8,11,2020-10-01 21:01:38,2020-10-01 17:01:38
1866,99990134,1,11,2020-10-01 21:02:39,2020-10-01 17:02:39
1867,99990135,1,11,2020-10-01 21:03:49,2020-10-01 17:03:49
1868,99990136,1,11,2020-10-01 21:04:43,2020-10-01 17:04:43
1869,99990137,8,11,2020-10-01 21:06:55,2020-10-01 17:06:55
1870,99990138,1,11,2020-10-01 22:03:14,2020-10-01 18:03:14
1871,99990139,11,11,2020-10-01 22:03:54,2020-10-01 18:03:54
1872,99990140,1,11,2020-10-01 22:04:45,2020-10-01 18:04:45
1873,99990141,1,11,2020-10-01 22:05:27,2020-10-01 18:05:27
1874,99990142,8,11,2020-10-02 16:01:15,2020-10-02 12:01:15
1875,99990143,8,11,2020-10-02 16:04:06,2020-10-02 12:04:06
1876,99990144,1,11,2020-10-02 16:05:51,2020-10-02 12:05:51
1877,99990145,1,11,2020-10-02 16:07:11,2020-10-02 12:07:11
1878,99990146,1,11,2020-10-02 16:10:24,2020-10-02 12:10:24
1879,99990147,1,11,2020-10-02 16:13:23,2020-10-02 12:13:23
1880,99990148,1,11,2020-10-02 16:14:18,2020-10-02 12:14:18
1881,99990149,8,11,2020-10-02 16:18:53,2020-10-02 12:18:53
1882,99990150,1,11,2020-10-02 16:20:35,2020-10-02 12:20:35
1883,99990151,1,11,2020-10-02 16:23:19,2020-10-02 12:23:19
1884,99990152,8,11,2020-10-02 16:25:37,2020-10-02 12:25:37
1885,99990153,1,11,2020-10-02 16:26:43,2020-10-02 12:26:43
1886,99990154,8,11,2020-10-02 16:29:43,2020-10-02 12:29:43
1887,99990155,1,11,2020-10-02 16:31:39,2020-10-02 12:31:39
1888,99990156,8,11,2020-10-02 16:32:31,2020-10-02 12:32:31
1889,99990157,8,11,2020-10-02 16:33:20,2020-10-02 12:33:20
1890,99990158,1,11,2020-10-02 16:33:58,2020-10-02 12:33:58
1891,99990159,8,11,2020-10-02 16:35:43,2020-10-02 12:35:43
1892,99990160,8,11,2020-10-02 16:37:10,2020-10-02 12:37:10
1893,99990161,1,11,2020-10-02 16:37:52,2020-10-02 12:37:52
1894,99990162,1,11,2020-10-02 16:42:20,2020-10-02 12:42:20
1895,99990163,1,11,2020-10-02 16:44:29,2020-10-02 12:44:29
1896,99990164,1,11,2020-10-02 16:49:52,2020-10-02 12:49:52
1897,99990165,1,11,2020-10-02 16:50:58,2020-10-02 12:50:58
1898,99990166,8,11,2020-10-02 16:53:48,2020-10-02 12:53:48
1899,99990167,8,11,2020-10-02 17:19:38,2020-10-02 13:19:38
1900,99990168,1,11,2020-10-02 17:20:14,2020-10-02 13:20:14
1901,99990169,1,11,2020-10-02 17:21:14,2020-10-02 13:21:14
1902,99990170,1,11,2020-10-07 16:08:08,2020-10-07 12:08:08
1903,99990171,8,11,2020-10-07 16:09:13,2020-10-07 12:09:13
1904,99990172,1,11,2020-10-07 16:10:33,2020-10-07 12:10:33
1905,99990173,1,11,2020-10-07 16:11:36,2020-10-07 12:11:36
1906,99990174,8,11,2020-10-07 16:12:25,2020-10-07 12:12:25
1907,99990175,1,11,2020-10-07 16:14:18,2020-10-07 12:14:18
1908,99990176,1,11,2020-10-07 16:15:39,2020-10-07 12:15:39
1909,99990177,1,11,2020-10-07 16:16:39,2020-10-07 12:16:39
1910,99990178,11,11,2020-10-07 16:17:23,2020-10-07 12:17:23
1911,99990179,8,11,2020-10-07 16:19:20,2020-10-07 12:19:20
1912,99990180,1,11,2020-10-07 16:19:59,2020-10-07 12:19:59
1913,99990181,9,11,2020-10-07 16:20:48,2020-10-07 12:20:48
1914,99990182,11,11,2020-10-07 16:21:45,2020-10-07 12:21:45
1915,99990183,8,11,2020-10-07 16:22:20,2020-10-07 12:22:20
1916,99990184,9,11,2020-10-07 16:23:05,2020-10-07 12:23:05
1917,99990185,8,11,2020-10-07 16:24:45,2020-10-07 12:24:45
1918,99990186,1,11,2020-10-07 16:26:00,2020-10-07 12:26:00
1919,99990187,9,11,2020-10-09 10:37:24,2020-10-09 06:37:24
1920,99990188,11,11,2020-10-09 10:38:00,2020-10-09 06:38:00
1921,99990189,9,11,2020-10-09 10:39:00,2020-10-09 06:39:00
1922,99990190,1,11,2020-10-09 10:39:53,2020-10-09 06:39:53
1923,99990191,8,11,2020-10-09 10:40:25,2020-10-09 06:40:25
1924,99990192,9,11,2020-10-09 10:41:29,2020-10-09 06:41:29
1925,99990193,1,11,2020-10-09 10:44:28,2020-10-09 06:44:28
1926,99990194,9,11,2020-10-09 10:45:01,2020-10-09 06:45:01
1927,20182117,1,11,2020-10-30 12:22:19,2020-10-30 08:22:19
1928,20182117,1,11,2020-10-30 12:22:57,2020-10-30 08:22:57
1929,20143374,8,11,2020-11-11 10:39:22,2020-11-11 05:39:22
1930,99990195,8,11,2020-11-18 11:02:45,2020-11-18 06:02:45
1931,99990196,1,11,2020-11-18 11:03:23,2020-11-18 06:03:23
1932,99990197,1,11,2020-11-24 11:28:37,2020-11-24 06:28:37
1933,99990198,1,11,2020-11-24 11:29:57,2020-11-24 06:29:57
1934,99990199,1,11,2020-11-24 11:37:34,2020-11-24 06:37:34
1935,99990200,1,11,2020-11-24 11:38:57,2020-11-24 06:38:57
1936,99990201,1,11,2020-11-24 11:43:10,2020-11-24 06:43:10
1937,99990202,1,11,2020-11-24 11:45:12,2020-11-24 06:45:12
1938,99990203,1,11,2020-11-24 11:45:42,2020-11-24 06:45:42
1939,99990204,1,11,2020-11-24 11:46:24,2020-11-24 06:46:24
1940,99990205,8,11,2020-11-24 11:47:07,2020-11-24 06:47:07
1941,99990206,1,11,2020-11-24 11:48:23,2020-11-24 06:48:23
1942,99990207,8,11,2020-11-24 11:48:53,2020-11-24 06:48:53
1943,99990208,1,11,2020-11-24 11:49:29,2020-11-24 06:49:29
1944,99990209,1,11,2020-11-24 11:51:15,2020-11-24 06:51:15
1945,99990210,1,11,2020-11-24 11:51:49,2020-11-24 06:51:49
1946,99990211,1,11,2020-11-24 11:52:13,2020-11-24 06:52:13
1947,99990212,9,11,2020-11-24 11:52:46,2020-11-24 06:52:46
1948,99990213,9,11,2020-11-24 11:54:23,2020-11-24 06:54:23
1949,99990214,9,11,2020-11-24 11:56:51,2020-11-24 06:56:51
1950,99990215,8,11,2020-11-24 12:07:09,2020-11-24 07:07:09
1951,99990216,8,11,2020-11-24 12:08:05,2020-11-24 07:08:05
1952,99990217,1,11,2020-11-24 12:09:22,2020-11-24 07:09:22
1953,99990218,1,11,2020-11-24 12:10:56,2020-11-24 07:10:56
1954,99990219,1,11,2020-11-24 12:11:51,2020-11-24 07:11:51
1955,99990220,1,11,2020-11-24 12:12:48,2020-11-24 07:12:48
1956,99990221,1,11,2020-11-24 12:13:21,2020-11-24 07:13:21
1957,99990222,8,11,2020-11-24 12:15:16,2020-11-24 07:15:16
1958,99990223,8,11,2020-11-24 12:16:07,2020-11-24 07:16:07
1959,99990224,1,11,2020-11-24 12:18:26,2020-11-24 07:18:26
1960,99990225,8,11,2020-11-24 12:19:06,2020-11-24 07:19:06
1961,99990226,1,11,2020-11-24 12:20:13,2020-11-24 07:20:13
1962,99990227,1,11,2020-11-24 12:21:52,2020-11-24 07:21:52
1963,99990228,1,11,2020-11-24 12:22:38,2020-11-24 07:22:38
1964,99990229,1,11,2020-11-24 12:24:06,2020-11-24 07:24:06
1965,99990230,1,11,2020-11-24 12:24:52,2020-11-24 07:24:52
1966,99990231,1,11,2020-11-24 12:25:31,2020-11-24 07:25:31
1967,99990232,9,11,2020-11-24 12:26:16,2020-11-24 07:26:16
1968,99990233,1,11,2020-11-24 12:26:46,2020-11-24 07:26:46
1969,99990234,9,11,2020-11-24 12:27:18,2020-11-24 07:27:18
1970,99990235,1,11,2020-11-25 10:48:06,2020-11-25 05:48:06
1971,99990236,8,11,2020-11-25 10:49:25,2020-11-25 05:49:25
1972,99990237,1,11,2020-11-25 10:50:10,2020-11-25 05:50:10
1973,99990238,1,11,2020-11-25 10:51:18,2020-11-25 05:51:18
1974,99990239,8,11,2020-11-25 10:52:15,2020-11-25 05:52:15
1975,99990240,1,11,2020-11-25 10:52:59,2020-11-25 05:52:59
1976,99990241,8,11,2020-11-25 10:57:33,2020-11-25 05:57:33
1977,99990242,9,11,2020-11-25 11:01:39,2020-11-25 06:01:39
1978,99990243,1,11,2020-11-25 11:02:21,2020-11-25 06:02:21
1979,99990244,1,11,2020-11-25 11:05:05,2020-11-25 06:05:05
1980,99990245,8,11,2020-11-25 11:05:36,2020-11-25 06:05:36
1981,99990246,1,11,2020-11-25 11:06:17,2020-11-25 06:06:17
1982,99990247,8,11,2020-11-25 11:06:55,2020-11-25 06:06:55
1983,99990248,8,11,2020-11-25 11:08:23,2020-11-25 06:08:23
1984,99990249,1,11,2020-11-25 11:09:02,2020-11-25 06:09:02
1985,99990250,1,11,2020-11-25 11:09:34,2020-11-25 06:09:34
1986,99990251,1,11,2020-11-25 11:10:02,2020-11-25 06:10:02
1987,99990252,8,11,2020-11-25 11:11:46,2020-11-25 06:11:46
1988,99990253,1,11,2020-11-25 11:12:16,2020-11-25 06:12:16
1989,99990254,1,11,2020-11-25 11:13:56,2020-11-25 06:13:56
1990,99990255,1,11,2020-11-25 11:16:15,2020-11-25 06:16:15
1991,99990256,5,11,2020-11-25 11:21:28,2020-11-25 06:21:28
1992,99990257,8,11,2020-11-25 11:22:57,2020-11-25 06:22:57
1993,99990258,8,11,2020-11-25 11:26:08,2020-11-25 06:26:08
1994,99990259,1,11,2020-11-25 11:33:14,2020-11-25 06:33:14
1995,99990260,1,11,2020-11-25 11:35:42,2020-11-25 06:35:42
1996,99990261,1,11,2020-11-25 11:37:18,2020-11-25 06:37:18
1997,99990262,11,11,2020-11-25 11:38:07,2020-11-25 06:38:07
1998,99990263,1,11,2020-11-25 11:38:42,2020-11-25 06:38:42
1999,99990264,1,11,2020-11-25 11:39:15,2020-11-25 06:39:15
2000,99990265,1,11,2020-11-25 11:40:06,2020-11-25 06:40:06
2001,99990266,1,11,2020-11-25 11:42:14,2020-11-25 06:42:14
2002,99990267,1,11,2020-11-25 11:43:28,2020-11-25 06:43:28
2003,99990268,8,11,2020-11-25 11:44:05,2020-11-25 06:44:05
2004,99990269,1,11,2020-11-25 11:46:15,2020-11-25 06:46:15
2005,99990270,1,11,2020-11-25 11:52:44,2020-11-25 06:52:44
2006,99990271,1,11,2021-02-26 10:31:39,2021-02-26 05:31:39
2007,99990272,8,11,2021-02-26 10:32:58,2021-02-26 05:32:58
2008,99990273,1,11,2021-02-26 10:34:03,2021-02-26 05:34:03
2009,99990274,8,11,2021-02-26 10:35:00,2021-02-26 05:35:00
2010,99990275,8,11,2021-02-26 10:35:52,2021-02-26 05:35:52
2011,99990276,8,11,2021-02-26 10:37:49,2021-02-26 05:37:49
2012,99990277,8,11,2021-02-26 10:38:44,2021-02-26 05:38:44
2013,99990278,1,11,2021-02-26 10:39:35,2021-02-26 05:39:35
2014,99990279,8,11,2021-02-26 10:40:09,2021-02-26 05:40:09
2015,99990280,1,11,2021-02-26 10:40:50,2021-02-26 05:40:50
2016,99990281,1,11,2021-02-26 10:41:47,2021-02-26 05:41:47
2017,99990282,8,11,2021-02-26 10:44:04,2021-02-26 05:44:04
2018,99990283,1,11,2021-02-26 10:45:33,2021-02-26 05:45:33
2019,99990284,9,11,2021-02-26 10:46:02,2021-02-26 05:46:02
2020,99990285,1,11,2021-02-26 10:46:41,2021-02-26 05:46:41
2021,99990286,1,11,2021-02-26 10:47:07,2021-02-26 05:47:07
2022,99990287,8,11,2021-02-26 10:47:52,2021-02-26 05:47:52
2023,99990288,8,11,2021-02-26 10:48:34,2021-02-26 05:48:34
2024,99990289,11,11,2021-02-26 10:49:17,2021-02-26 05:49:17
2025,99990290,1,11,2021-02-26 10:50:02,2021-02-26 05:50:02
2026,99990291,8,11,2021-02-26 10:50:36,2021-02-26 05:50:36
2027,99990292,9,11,2021-02-26 10:51:11,2021-02-26 05:51:11
2028,99990293,8,11,2021-02-26 10:52:27,2021-02-26 05:52:27
2029,99990294,1,11,2021-02-26 10:53:47,2021-02-26 05:53:47
2030,99990295,1,11,2021-02-26 10:54:58,2021-02-26 05:54:58
2031,99990296,1,11,2021-02-26 10:55:37,2021-02-26 05:55:37
2032,99990297,1,11,2021-02-26 10:56:17,2021-02-26 05:56:17
2033,99990298,1,11,2021-02-26 10:57:13,2021-02-26 05:57:13
2034,99990299,8,11,2021-02-26 10:58:00,2021-02-26 05:58:00
2035,99990300,8,11,2021-02-26 10:58:29,2021-02-26 05:58:29
2036,99990301,8,11,2021-02-26 10:59:00,2021-02-26 05:59:00
2037,99990302,1,11,2021-02-26 10:59:33,2021-02-26 05:59:33
2038,99990303,1,11,2021-02-26 11:00:43,2021-02-26 06:00:43
2039,99990304,1,11,2021-02-26 11:01:14,2021-02-26 06:01:14
2040,99990305,8,11,2021-02-26 11:02:10,2021-02-26 06:02:10
2041,99990306,1,11,2021-02-26 11:03:07,2021-02-26 06:03:07
2042,99990307,1,11,2021-02-26 11:03:43,2021-02-26 06:03:43
2043,99990308,9,11,2021-02-26 11:04:22,2021-02-26 06:04:22
2044,99990309,1,11,2021-02-26 11:04:55,2021-02-26 06:04:55
2045,99990310,1,11,2021-02-26 11:05:25,2021-02-26 06:05:25
2046,99990311,1,11,2021-02-26 11:06:50,2021-02-26 06:06:50
2047,99990312,8,11,2021-02-26 11:07:22,2021-02-26 06:07:22
2048,99990313,8,11,2021-02-26 11:08:53,2021-02-26 06:08:53
2049,99990314,8,11,2021-02-26 11:09:57,2021-02-26 06:09:57
2050,99990315,1,11,2021-02-26 11:10:30,2021-02-26 06:10:30
2051,99990316,1,11,2021-02-26 11:12:09,2021-02-26 06:12:09
2052,99990317,1,11,2021-02-26 11:13:32,2021-02-26 06:13:32
2053,99990318,1,11,2021-02-26 11:14:04,2021-02-26 06:14:04
2054,99990319,8,11,2021-02-26 11:14:39,2021-02-26 06:14:39
2055,99990320,1,11,2021-02-26 11:15:09,2021-02-26 06:15:09
2056,99990321,8,11,2021-02-26 11:15:35,2021-02-26 06:15:35
2057,99990322,1,11,2021-02-26 11:16:05,2021-02-26 06:16:05
2058,99990323,8,11,2021-02-26 11:16:28,2021-02-26 06:16:28
2059,99990324,8,11,2021-02-26 11:16:58,2021-02-26 06:16:58
2060,99990325,1,11,2021-02-26 11:17:53,2021-02-26 06:17:53
2061,99990326,1,11,2021-02-26 11:18:49,2021-02-26 06:18:49
2062,99990327,9,11,2021-02-26 11:19:47,2021-02-26 06:19:47
2063,99990328,1,11,2021-02-26 11:20:38,2021-02-26 06:20:38
2064,99990329,1,11,2021-02-26 11:21:01,2021-02-26 06:21:01
2065,99990330,8,11,2021-02-26 11:21:32,2021-02-26 06:21:32
2066,99990331,1,11,2021-02-26 11:22:00,2021-02-26 06:22:00
2067,99990332,1,11,2021-02-26 11:22:55,2021-02-26 06:22:55
2068,99990333,1,11,2021-02-26 11:23:25,2021-02-26 06:23:25
2069,99990334,8,11,2021-02-26 11:23:54,2021-02-26 06:23:54
2070,99990335,1,11,2021-02-26 11:24:25,2021-02-26 06:24:25
2071,99990336,1,11,2021-02-26 11:24:54,2021-02-26 06:24:54
2072,99990337,1,11,2021-02-26 11:26:06,2021-02-26 06:26:06
2073,99990338,1,11,2021-02-26 11:26:58,2021-02-26 06:26:58
2074,99990339,8,11,2021-02-26 11:28:07,2021-02-26 06:28:07
2075,99990340,5,11,2021-02-26 11:29:39,2021-02-26 06:29:39
2076,99990341,8,11,2021-02-26 11:30:53,2021-02-26 06:30:53
2077,99990342,1,11,2021-02-26 11:31:24,2021-02-26 06:31:24
2078,99990343,1,11,2021-02-26 11:32:12,2021-02-26 06:32:12
2079,99990344,8,11,2021-02-26 11:33:31,2021-02-26 06:33:31
2080,99990345,1,11,2021-02-26 11:34:09,2021-02-26 06:34:09
2081,99990346,8,11,2021-02-26 11:34:42,2021-02-26 06:34:42
2082,99990347,8,11,2021-02-26 11:35:44,2021-02-26 06:35:44
2083,99990348,8,11,2021-02-26 11:36:21,2021-02-26 06:36:21
2084,99990349,8,11,2021-02-26 11:36:51,2021-02-26 06:36:51
2085,99990350,11,11,2021-02-26 11:37:19,2021-02-26 06:37:19
2086,99990351,8,11,2021-02-26 11:41:03,2021-02-26 06:41:03
2087,99990352,8,11,2021-02-26 11:41:33,2021-02-26 06:41:33
2088,99990353,1,11,2021-02-26 11:42:28,2021-02-26 06:42:28
2089,99990354,1,11,2021-02-26 11:43:02,2021-02-26 06:43:02
2090,99990355,1,11,2021-02-26 11:43:54,2021-02-26 06:43:54
2091,99990356,8,11,2021-02-26 11:44:23,2021-02-26 06:44:23
2092,99990357,1,11,2021-02-26 11:45:00,2021-02-26 06:45:00
2093,99990358,1,11,2021-02-26 11:45:37,2021-02-26 06:45:37
2094,99990359,1,11,2021-02-26 11:46:11,2021-02-26 06:46:11
2095,99990360,8,11,2021-02-26 11:47:11,2021-02-26 06:47:11
2096,99990361,1,11,2021-02-26 11:47:46,2021-02-26 06:47:46
2097,99990362,1,11,2021-02-26 11:48:42,2021-02-26 06:48:42
2098,99990363,1,11,2021-02-26 11:49:14,2021-02-26 06:49:14
2099,99990364,1,11,2021-02-26 11:49:51,2021-02-26 06:49:51
2100,99990365,1,11,2021-02-26 11:50:25,2021-02-26 06:50:25
2101,99990366,1,11,2021-02-26 11:51:17,2021-02-26 06:51:17
2102,99990367,8,11,2021-02-26 11:51:49,2021-02-26 06:51:49
2103,99990368,8,11,2021-02-26 11:52:41,2021-02-26 06:52:41
2104,99990369,1,11,2021-02-26 11:53:22,2021-02-26 06:53:22
2105,99990370,1,11,2021-02-26 11:54:06,2021-02-26 06:54:06
2106,99990371,1,11,2021-02-26 13:06:50,2021-02-26 08:06:50
2107,99990372,8,11,2021-02-26 13:08:19,2021-02-26 08:08:19
2108,99990373,1,11,2021-02-26 13:09:35,2021-02-26 08:09:35
2109,99990374,1,11,2021-02-26 13:10:30,2021-02-26 08:10:30
2110,99990375,1,11,2021-02-26 13:11:01,2021-02-26 08:11:01
2111,99990376,1,11,2021-02-26 13:12:24,2021-02-26 08:12:24
2112,99990377,1,11,2021-02-26 13:12:52,2021-02-26 08:12:52
2113,99990378,1,11,2021-02-26 13:13:27,2021-02-26 08:13:27
2114,99990379,8,11,2021-02-26 13:14:58,2021-02-26 08:14:58
2115,99990380,1,11,2021-02-26 13:15:28,2021-02-26 08:15:28
2116,99990381,1,11,2021-02-26 13:17:48,2021-02-26 08:17:48
2117,99990382,1,11,2021-02-26 13:18:31,2021-02-26 08:18:31
2118,99990383,8,11,2021-02-26 13:26:25,2021-02-26 08:26:25
2119,99990384,8,11,2021-03-10 11:47:20,2021-03-10 06:47:20
2120,99990385,8,11,2021-04-16 10:23:43,2021-04-16 06:23:43
2121,99990386,1,11,2021-04-16 10:25:23,2021-04-16 06:25:23
2122,99990387,8,11,2021-04-16 10:32:24,2021-04-16 06:32:24
2123,99990388,8,11,2021-04-16 10:33:21,2021-04-16 06:33:21
2124,99990389,8,11,2021-04-16 10:36:25,2021-04-16 06:36:25
2125,99990390,8,11,2021-04-16 10:37:16,2021-04-16 06:37:16
2126,99990391,8,11,2021-04-16 16:39:46,2021-04-16 12:39:46
2127,99990392,1,11,2021-04-16 16:40:38,2021-04-16 12:40:38
2128,99990393,9,11,2021-04-16 16:41:39,2021-04-16 12:41:39
2129,99990394,1,11,2021-04-16 16:42:18,2021-04-16 12:42:18
2130,99990395,9,11,2021-04-16 16:42:55,2021-04-16 12:42:55
2131,99990396,1,11,2021-04-16 16:44:18,2021-04-16 12:44:18
2132,99990397,8,11,2021-04-16 16:45:28,2021-04-16 12:45:28
2133,99990398,11,11,2021-04-16 16:46:25,2021-04-16 12:46:25
2134,99990399,8,11,2021-04-16 16:47:34,2021-04-16 12:47:34
2135,99990400,1,11,2021-04-16 16:48:34,2021-04-16 12:48:34
2136,99990401,1,11,2021-04-16 16:49:23,2021-04-16 12:49:23
2137,99990402,1,11,2021-04-16 16:51:38,2021-04-16 12:51:38
2138,99990403,1,11,2021-04-16 16:54:12,2021-04-16 12:54:12
2139,99990404,1,11,2021-04-27 11:16:01,2021-04-27 07:16:01
2140,99990405,1,11,2021-04-27 11:17:57,2021-04-27 07:17:57
2141,99990406,1,11,2021-04-27 11:20:19,2021-04-27 07:20:19
2142,99990407,1,11,2021-04-27 11:23:39,2021-04-27 07:23:39
2143,99990408,8,11,2021-04-27 11:41:39,2021-04-27 07:41:39
2144,99990409,8,11,2021-04-27 12:02:14,2021-04-27 08:02:14
2145,99990410,1,11,2021-04-27 12:03:48,2021-04-27 08:03:48
2146,99990411,1,11,2021-05-03 12:01:25,2021-05-03 08:01:25
2147,99990412,1,11,2021-05-03 12:25:15,2021-05-03 08:25:15
2148,99990413,8,11,2021-05-03 12:33:54,2021-05-03 08:33:54
2149,99990414,1,11,2021-05-03 12:35:18,2021-05-03 08:35:18
2150,99990415,8,11,2021-05-03 12:35:54,2021-05-03 08:35:54
2151,99990416,1,11,2021-05-03 12:37:08,2021-05-03 08:37:08
2152,99990417,8,11,2021-05-03 12:37:45,2021-05-03 08:37:45
2153,99990418,1,11,2021-05-03 12:40:39,2021-05-03 08:40:39
2154,99990419,1,11,2021-05-03 12:43:55,2021-05-03 08:43:55
2155,99990420,1,11,2021-05-03 12:46:31,2021-05-03 08:46:31
2156,99990421,1,11,2021-05-03 12:47:52,2021-05-03 08:47:52
2157,99990422,1,11,2021-05-03 12:49:19,2021-05-03 08:49:19
2158,99990423,1,11,2021-05-03 12:50:25,2021-05-03 08:50:25
2159,99990424,1,11,2021-05-03 12:51:25,2021-05-03 08:51:25
2160,99990425,5,11,2021-05-03 12:52:13,2021-05-03 08:52:13
2161,99990426,9,11,2021-05-14 10:58:39,2021-05-14 06:58:39
2162,99990427,8,11,2021-05-14 11:02:28,2021-05-14 07:02:28
2163,99990428,1,11,2021-05-14 11:05:29,2021-05-14 07:05:29
2164,99990429,1,11,2021-10-19 13:11:25,2021-10-19 09:11:25
2165,99990430,1,11,2021-10-19 13:13:25,2021-10-19 09:13:25
2166,99990431,8,11,2021-10-19 13:14:38,2021-10-19 09:14:38
2167,99990432,8,11,2021-10-19 14:13:22,2021-10-19 10:13:22
2168,99990433,8,11,2021-10-19 14:15:13,2021-10-19 10:15:13
2169,99990434,8,11,2021-10-19 14:16:48,2021-10-19 10:16:48
2170,99990435,8,11,2021-10-19 14:18:56,2021-10-19 10:18:56
2171,99990436,1,11,2021-10-19 14:20:15,2021-10-19 10:20:15
2172,99990437,1,11,2021-10-19 14:22:17,2021-10-19 10:22:17
2173,99990438,1,11,2021-10-19 14:25:03,2021-10-19 10:25:03
2174,99990439,1,11,2021-10-19 14:55:09,2021-10-19 10:55:09
2175,99990440,8,11,2021-10-19 14:57:11,2021-10-19 10:57:11
2176,99990441,1,11,2021-10-19 15:00:33,2021-10-19 11:00:33
2177,99990442,8,11,2021-10-19 15:02:27,2021-10-19 11:02:27
2178,99990443,1,11,2021-10-19 15:31:39,2021-10-19 11:31:39
2179,99990444,1,11,2021-10-19 15:34:13,2021-10-19 11:34:13
2180,99990445,1,11,2021-10-19 15:39:45,2021-10-19 11:39:45
2181,99990446,1,11,2021-10-19 16:05:44,2021-10-19 12:05:44
2182,99990447,8,11,2021-10-19 16:06:46,2021-10-19 12:06:46
2183,99990448,5,11,2021-10-19 16:46:18,2021-10-19 12:46:18
2184,99990449,7,11,2021-10-27 11:11:38,2021-10-27 07:11:38
2185,99990450,1,11,2021-10-27 11:14:49,2021-10-27 07:14:49
2186,99990451,1,11,2021-10-27 11:17:26,2021-10-27 07:17:26
2187,99990452,1,11,2021-10-27 11:19:44,2021-10-27 07:19:44
2188,99990453,1,11,2021-10-27 11:25:30,2021-10-27 07:25:30
2189,99990454,8,11,2021-10-27 11:26:17,2021-10-27 07:26:17
2190,99990455,1,11,2021-10-27 11:28:55,2021-10-27 07:28:55
2191,99990456,1,11,2021-10-27 11:29:46,2021-10-27 07:29:46
2192,99990457,8,11,2021-10-27 11:31:22,2021-10-27 07:31:22
2193,99990458,8,11,2021-10-27 11:33:51,2021-10-27 07:33:51
2194,99990459,1,11,2021-10-27 11:42:39,2021-10-27 07:42:39
2195,99990460,1,11,2021-10-27 11:43:40,2021-10-27 07:43:40
2196,99990461,1,11,2021-10-27 11:45:23,2021-10-27 07:45:23
2197,99990462,1,11,2021-11-11 11:57:44,2021-11-11 06:57:44
2198,99990463,1,11,2021-11-12 10:24:46,2021-11-12 05:24:46
2199,99990464,1,11,2021-11-12 10:26:39,2021-11-12 05:26:39
2200,99990465,1,11,2021-11-12 10:28:57,2021-11-12 05:28:57
2201,99990466,1,11,2021-11-12 10:30:23,2021-11-12 05:30:23
2202,99990467,8,11,2021-11-12 10:31:16,2021-11-12 05:31:16
2203,99990468,1,11,2021-11-12 10:36:33,2021-11-12 05:36:33
2204,99990469,1,11,2021-11-12 10:38:27,2021-11-12 05:38:27
2205,99990470,8,11,2021-11-12 10:40:43,2021-11-12 05:40:43
2206,99990471,1,11,2021-11-12 10:42:31,2021-11-12 05:42:31
2207,99990472,1,11,2021-11-12 10:44:11,2021-11-12 05:44:11
2208,99990473,8,11,2021-11-12 10:46:14,2021-11-12 05:46:14
2209,99990474,1,11,2021-11-12 11:43:46,2021-11-12 06:43:46
2210,99990475,1,11,2021-11-12 11:46:32,2021-11-12 06:46:32
2211,99990476,1,11,2021-11-12 11:48:00,2021-11-12 06:48:00
2212,99990477,8,11,2021-11-12 11:48:51,2021-11-12 06:48:51
2213,99990478,1,11,2021-11-12 11:49:46,2021-11-12 06:49:46
2214,99990479,8,11,2021-11-12 11:50:54,2021-11-12 06:50:54
2215,99990480,1,11,2021-11-12 11:52:28,2021-11-12 06:52:28
2216,99990481,1,11,2021-11-12 11:58:09,2021-11-12 06:58:09
2217,99990482,1,11,2021-11-25 10:59:48,2021-11-25 05:59:48
2218,99990483,8,11,2021-11-25 11:01:32,2021-11-25 06:01:32
2219,99990484,8,11,2021-11-25 11:05:09,2021-11-25 06:05:09
2220,99990485,1,11,2021-11-25 11:07:44,2021-11-25 06:07:44
2221,99990486,8,11,2021-11-25 11:09:22,2021-11-25 06:09:22
2222,99990487,1,11,2021-11-25 11:14:14,2021-11-25 06:14:14
2223,99990488,1,11,2021-11-25 11:22:07,2021-11-25 06:22:07
2224,99990489,1,11,2021-11-25 11:25:54,2021-11-25 06:25:54
2225,99990490,1,11,2021-11-25 11:30:45,2021-11-25 06:30:45
2226,99990491,9,11,2021-11-25 11:39:42,2021-11-25 06:39:42
2227,99990492,8,11,2022-01-27 12:05:13,2022-01-27 07:05:13
2228,99990493,1,11,2022-01-27 12:08:28,2022-01-27 07:08:28
2229,99990494,8,11,2022-01-27 12:13:20,2022-01-27 07:13:20
2230,99990495,8,11,2022-01-27 12:16:19,2022-01-27 07:16:19
2231,99990496,8,11,2022-01-27 12:17:45,2022-01-27 07:17:45
2232,99990497,1,11,2022-01-27 12:18:57,2022-01-27 07:18:57
2233,99990498,1,11,2022-01-27 12:20:42,2022-01-27 07:20:42
2234,99990499,8,11,2022-01-27 12:22:00,2022-01-27 07:22:00
2235,99990500,1,11,2022-01-27 12:22:57,2022-01-27 07:22:57
2236,99990501,8,11,2022-01-27 12:23:52,2022-01-27 07:23:52
2237,99990502,8,11,2022-01-27 12:25:05,2022-01-27 07:25:05
2238,99990503,8,11,2022-01-27 12:26:12,2022-01-27 07:26:12
2239,99990504,8,11,2022-01-27 12:27:25,2022-01-27 07:27:25
2240,99990505,1,11,2022-01-27 12:29:44,2022-01-27 07:29:44
2241,99990506,8,11,2022-01-27 12:31:04,2022-01-27 07:31:04
2242,99990507,8,11,2022-01-27 12:32:35,2022-01-27 07:32:35
2243,99990508,1,11,2022-01-27 12:33:40,2022-01-27 07:33:40
2244,99990509,1,11,2022-01-28 11:28:21,2022-01-28 06:28:21
2245,99990510,9,11,2022-01-28 11:29:09,2022-01-28 06:29:09
2246,99990511,1,11,2022-01-28 11:30:53,2022-01-28 06:30:53
2247,99990512,9,11,2022-01-28 11:33:43,2022-01-28 06:33:43
2248,99990513,1,11,2022-01-28 11:36:31,2022-01-28 06:36:31
2249,99990514,8,11,2022-01-28 11:37:12,2022-01-28 06:37:12
2250,99990515,8,11,2022-01-28 11:37:57,2022-01-28 06:37:57
2251,99990516,1,11,2022-01-28 11:39:14,2022-01-28 06:39:14
2252,99990517,1,11,2022-01-28 11:40:32,2022-01-28 06:40:32
2253,99990518,1,11,2022-01-28 11:41:36,2022-01-28 06:41:36
2254,99990519,9,11,2022-01-28 11:43:05,2022-01-28 06:43:05
2255,99990520,8,11,2022-01-28 11:44:17,2022-01-28 06:44:17
2256,99990521,1,11,2022-01-28 11:45:43,2022-01-28 06:45:43
2257,99990522,8,11,2022-01-28 11:46:50,2022-01-28 06:46:50
2258,99990523,1,11,2022-01-28 11:48:25,2022-01-28 06:48:25
2259,99990524,1,11,2022-01-28 11:49:17,2022-01-28 06:49:17
2260,99990525,8,11,2022-01-28 11:50:25,2022-01-28 06:50:25
2261,99990526,1,11,2022-01-28 11:53:26,2022-01-28 06:53:26
2262,99990527,8,11,2022-01-28 11:55:30,2022-01-28 06:55:30
2263,99990528,9,11,2022-01-28 11:57:23,2022-01-28 06:57:23
2264,99990529,1,11,2022-01-28 11:58:34,2022-01-28 06:58:34
2265,99990530,1,11,2022-02-03 10:52:12,2022-02-03 05:52:12
2266,99990531,1,11,2022-02-03 10:53:20,2022-02-03 05:53:20
2267,99990532,1,11,2022-02-03 10:55:15,2022-02-03 05:55:15
2268,99990533,1,11,2022-02-03 10:58:17,2022-02-03 05:58:17
2269,99990534,9,11,2022-02-03 11:01:48,2022-02-03 06:01:48
2270,99990535,1,11,2022-02-03 11:03:20,2022-02-03 06:03:20
2271,99990536,8,11,2022-02-03 11:04:02,2022-02-03 06:04:02
2272,99990537,8,11,2022-02-03 11:04:48,2022-02-03 06:04:48
2273,99990538,1,11,2022-02-03 11:05:36,2022-02-03 06:05:36
2274,99990539,1,11,2022-02-03 11:06:17,2022-02-03 06:06:17
2275,99990540,8,11,2022-02-03 11:06:49,2022-02-03 06:06:49
2276,99990541,8,11,2022-02-04 10:26:11,2022-02-04 05:26:11
2277,99990542,1,11,2022-02-04 10:26:59,2022-02-04 05:26:59
2278,99990543,8,11,2022-02-04 10:29:32,2022-02-04 05:29:32
2279,99990544,9,11,2022-02-04 10:31:08,2022-02-04 05:31:08
2280,99990545,1,11,2022-02-04 10:32:39,2022-02-04 05:32:39
2281,99990546,8,11,2022-02-04 10:33:36,2022-02-04 05:33:36
2282,99990547,1,11,2022-02-04 10:34:55,2022-02-04 05:34:55
2283,99990548,1,11,2022-02-04 10:36:00,2022-02-04 05:36:00
2284,99990549,8,11,2022-02-04 10:36:51,2022-02-04 05:36:51
2285,99990550,8,11,2022-02-04 10:37:26,2022-02-04 05:37:26
2286,99990551,1,11,2022-02-04 10:38:30,2022-02-04 05:38:30
2287,99990552,1,11,2022-02-04 10:39:16,2022-02-04 05:39:16
2288,99990553,9,11,2022-02-04 10:39:53,2022-02-04 05:39:53
2289,99990554,1,11,2022-02-04 10:41:39,2022-02-04 05:41:39
2290,99990555,1,11,2022-02-04 10:42:55,2022-02-04 05:42:55
2291,99990556,1,11,2022-02-04 10:47:06,2022-02-04 05:47:06
2292,99990557,1,11,2022-02-04 10:48:45,2022-02-04 05:48:45
2293,99990558,8,11,2022-02-04 10:50:00,2022-02-04 05:50:00
2294,99990559,1,11,2022-02-04 10:54:11,2022-02-04 05:54:11
2295,99990560,9,11,2022-02-08 10:17:23,2022-02-08 05:17:23
2296,99990561,1,11,2022-02-08 10:18:24,2022-02-08 05:18:24
2297,99990562,1,11,2022-02-08 10:19:15,2022-02-08 05:19:15
2298,99990563,8,11,2022-02-08 10:20:06,2022-02-08 05:20:06
2299,99990564,1,11,2022-02-08 10:21:12,2022-02-08 05:21:12
2300,99990565,1,11,2022-02-08 10:21:47,2022-02-08 05:21:47
2301,99990566,8,11,2022-02-08 10:22:48,2022-02-08 05:22:48
2302,99990567,8,11,2022-02-08 10:23:29,2022-02-08 05:23:29
2303,99990568,9,11,2022-02-08 10:24:03,2022-02-08 05:24:03
2304,99990569,9,11,2022-02-08 10:24:35,2022-02-08 05:24:35
2305,99990570,8,11,2022-02-08 10:25:41,2022-02-08 05:25:41
2306,99990571,1,11,2022-02-08 10:26:44,2022-02-08 05:26:44
2307,99990572,5,11,2022-02-08 10:30:35,2022-02-08 05:30:35
2308,99990573,8,11,2022-02-08 10:32:06,2022-02-08 05:32:06
2309,99990574,1,11,2022-02-08 10:33:36,2022-02-08 05:33:36
2310,99990575,1,11,2022-02-08 10:34:16,2022-02-08 05:34:16
2311,99990576,1,11,2022-02-08 10:35:41,2022-02-08 05:35:41
2312,99990577,1,11,2022-02-08 10:45:08,2022-02-08 05:45:08
2313,99990578,1,11,2022-02-08 10:47:27,2022-02-08 05:47:27
2314,99990579,1,11,2022-02-08 10:48:00,2022-02-08 05:48:00
2315,99990580,5,11,2022-02-08 10:48:28,2022-02-08 05:48:28
2316,99990581,8,11,2022-02-08 10:49:32,2022-02-08 05:49:32
2317,99990582,8,11,2022-02-08 10:50:24,2022-02-08 05:50:24
2318,99990583,1,11,2022-02-08 10:51:33,2022-02-08 05:51:33
2319,99990584,8,11,2022-02-08 10:53:04,2022-02-08 05:53:04
2320,99990585,9,11,2022-02-08 10:53:54,2022-02-08 05:53:54
2321,99990586,1,11,2022-02-08 10:54:46,2022-02-08 05:54:46
2322,99990587,8,11,2022-02-08 10:56:07,2022-02-08 05:56:07
2323,99990588,1,11,2022-02-08 10:58:23,2022-02-08 05:58:23
2324,99990589,1,11,2022-02-08 11:01:07,2022-02-08 06:01:07
2325,99990590,8,11,2022-02-08 11:01:36,2022-02-08 06:01:36
2326,99990591,1,11,2022-02-08 11:02:39,2022-02-08 06:02:39
2327,99990592,1,11,2022-02-08 11:03:09,2022-02-08 06:03:09
2328,99990593,1,11,2022-02-08 11:03:51,2022-02-08 06:03:51
2329,99990594,1,11,2022-02-08 11:04:24,2022-02-08 06:04:24
2330,99990595,8,11,2022-02-08 11:05:05,2022-02-08 06:05:05
2331,99990596,8,11,2022-02-15 10:59:44,2022-02-15 05:59:44
2332,99990597,1,11,2022-02-16 11:00:22,2022-02-16 06:00:22
2333,99990598,1,11,2022-02-18 10:36:58,2022-02-18 05:36:58
2334,99990599,1,11,2022-02-25 07:09:20,2022-02-25 02:09:20
2335,99990600,1,11,2022-03-03 10:17:59,2022-03-03 05:17:59
2336,99990601,1,11,2022-03-03 10:23:06,2022-03-03 05:23:06
2337,99990602,8,11,2022-03-03 10:31:51,2022-03-03 05:31:51
2338,99990603,8,11,2022-03-03 10:40:44,2022-03-03 05:40:44
2339,99990604,1,11,2022-03-03 10:44:08,2022-03-03 05:44:08
2340,99990605,1,11,2022-03-03 10:54:14,2022-03-03 05:54:14
2341,99990606,1,11,2022-03-03 10:59:03,2022-03-03 05:59:03
2342,99990607,8,11,2022-03-03 11:03:11,2022-03-03 06:03:11
2343,99990608,9,11,2022-12-15 11:59:11,2022-12-15 06:59:11
2344,99990609,1,11,2022-12-15 12:01:11,2022-12-15 07:01:11
2345,99990610,1,11,2022-12-15 12:02:30,2022-12-15 07:02:30
2346,99990611,8,11,2022-12-15 12:03:30,2022-12-15 07:03:30
2347,99990612,9,11,2022-12-15 12:06:10,2022-12-15 07:06:10
2348,99990613,8,11,2022-12-15 12:07:29,2022-12-15 07:07:29
2349,99990614,8,11,2022-12-15 12:09:18,2022-12-15 07:09:18
2350,99990615,1,11,2022-12-15 12:12:30,2022-12-15 07:12:30
2351,99990616,1,11,2022-12-15 12:14:15,2022-12-15 07:14:15
2352,99990617,8,11,2022-12-15 12:15:49,2022-12-15 07:15:49
2353,99990618,1,11,2022-12-15 12:17:23,2022-12-15 07:17:23
2354,99990619,8,11,2022-12-15 12:18:21,2022-12-15 07:18:21
2355,99990620,8,11,2022-12-15 12:19:18,2022-12-15 07:19:18
2356,99990621,9,11,2022-12-15 12:20:59,2022-12-15 07:20:59
2357,99990622,1,11,2022-12-16 10:55:40,2022-12-16 05:55:40
2358,99990623,9,11,2022-12-16 10:57:31,2022-12-16 05:57:31
2359,99990624,1,11,2022-12-16 11:01:20,2022-12-16 06:01:20
2360,99990625,1,11,2022-12-16 11:03:04,2022-12-16 06:03:04
2361,99990626,8,11,2022-12-16 11:09:18,2022-12-16 06:09:18
2362,99990627,8,11,2022-12-16 11:11:28,2022-12-16 06:11:28
2363,99990628,1,11,2022-12-16 11:13:11,2022-12-16 06:13:11
2364,99990629,1,11,2022-12-16 11:15:03,2022-12-16 06:15:03
2365,99990630,9,11,2023-02-16 09:55:48,2023-02-16 04:55:48
2366,99990631,8,11,2023-02-16 09:59:45,2023-02-16 04:59:45
2367,99990632,8,11,2023-02-16 10:03:43,2023-02-16 05:03:43
2368,99990633,1,11,2023-02-16 10:05:30,2023-02-16 05:05:30
2369,99990634,1,11,2023-02-16 10:08:15,2023-02-16 05:08:15
2370,99990635,1,11,2023-02-16 10:09:51,2023-02-16 05:09:51
2371,99990636,11,11,2023-02-16 10:10:53,2023-02-16 05:10:53
2372,99990637,8,11,2023-02-24 10:56:24,2023-02-24 05:56:24
2373,99990638,1,11,2023-02-24 10:57:32,2023-02-24 05:57:32
2374,99990639,8,11,2023-03-03 08:08:42,2023-03-03 03:08:42
2375,99990640,1,11,2023-03-03 08:10:25,2023-03-03 03:10:25
2376,99990641,8,11,2023-03-03 08:12:11,2023-03-03 03:12:11
2377,99990642,9,11,2023-03-03 08:14:16,2023-03-03 03:14:16
2378,99990643,7,11,2023-03-03 08:17:15,2023-03-03 03:17:15
2379,99990644,8,11,2023-03-03 08:18:36,2023-03-03 03:18:36
2380,20201433,1,11,2023-03-03 08:24:02,2023-03-03 03:24:02
2381,20201271,1,11,2023-03-03 08:25:04,2023-03-03 03:25:04
2382,20200305,9,11,2023-03-03 08:25:38,2023-03-03 03:25:38
2383,20203104,1,11,2023-03-03 08:26:17,2023-03-03 03:26:17
2384,99990645,1,11,2023-03-08 11:03:30,2023-03-08 06:03:30
2385,99990646,1,11,2023-03-08 11:05:02,2023-03-08 06:05:02
2386,99990647,1,11,2023-03-08 11:06:06,2023-03-08 06:06:06
2387,99990510,11,11,2023-03-08 11:07:18,2023-03-08 06:07:18
2388,99990648,8,11,2023-03-08 11:08:58,2023-03-08 06:08:58
2389,99990649,8,11,2023-03-17 11:00:57,2023-03-17 07:00:57
2390,99990650,1,11,2023-03-17 11:04:47,2023-03-17 07:04:47
2391,99990651,8,11,2023-03-17 11:06:35,2023-03-17 07:06:35
2392,99990652,11,11,2023-04-04 06:40:44,2023-04-04 02:40:44
2393,99990653,8,11,2023-04-04 06:41:54,2023-04-04 02:41:54
2394,99990654,1,11,2023-04-04 06:43:07,2023-04-04 02:43:07
2395,99990655,1,11,2023-04-04 06:43:50,2023-04-04 02:43:50
2396,99990656,9,11,2023-04-04 06:44:30,2023-04-04 02:44:30
2397,99990657,1,11,2023-04-04 06:47:11,2023-04-04 02:47:11
2398,99990658,1,11,2023-04-04 06:52:16,2023-04-04 02:52:16
2399,99990659,1,11,2023-04-04 06:52:57,2023-04-04 02:52:57
2400,99990660,8,11,2023-04-04 06:53:31,2023-04-04 02:53:31
2401,99990661,8,11,2023-04-04 06:54:34,2023-04-04 02:54:34
2402,99990662,8,11,2023-04-04 06:55:27,2023-04-04 02:55:27
2403,99990663,1,11,2023-04-04 06:55:58,2023-04-04 02:55:58
2404,99990664,11,11,2023-04-04 06:56:31,2023-04-04 02:56:31
2405,99990665,8,11,2023-04-04 07:03:46,2023-04-04 03:03:46
2406,99990666,8,11,2023-04-04 07:04:56,2023-04-04 03:04:56
2407,99990667,8,11,2023-04-04 07:05:25,2023-04-04 03:05:25
2408,99990668,8,11,2023-04-04 07:05:53,2023-04-04 03:05:53
2409,99990669,1,11,2023-04-04 07:06:23,2023-04-04 03:06:23
2410,99990670,8,11,2023-04-04 07:06:52,2023-04-04 03:06:52
2411,99990671,1,11,2023-04-04 07:07:50,2023-04-04 03:07:50
2412,99990672,1,11,2023-04-04 07:08:23,2023-04-04 03:08:23
2413,99990673,1,11,2023-04-04 07:09:12,2023-04-04 03:09:12
2414,99990674,8,11,2023-04-04 07:10:43,2023-04-04 03:10:43
2415,99990675,1,11,2023-04-04 07:12:00,2023-04-04 03:12:00
2416,99990676,8,11,2023-04-04 07:13:16,2023-04-04 03:13:16
2417,99990677,8,11,2023-04-04 07:13:52,2023-04-04 03:13:52
2418,99990678,1,11,2023-04-04 07:15:11,2023-04-04 03:15:11
2419,99990679,1,11,2023-04-04 07:15:49,2023-04-04 03:15:49
2420,99990680,1,11,2023-04-04 07:17:02,2023-04-04 03:17:02
2421,99990681,1,11,2023-04-04 07:17:34,2023-04-04 03:17:34
2422,99990682,8,11,2023-04-04 07:18:15,2023-04-04 03:18:15
2423,99990683,1,11,2023-04-04 07:18:41,2023-04-04 03:18:41
2424,99990684,1,11,2023-04-04 07:19:11,2023-04-04 03:19:11
2425,99990685,1,11,2023-04-04 07:19:42,2023-04-04 03:19:42
2426,99990686,8,11,2023-04-04 07:21:01,2023-04-04 03:21:01
2427,99990687,8,11,2023-04-04 07:21:58,2023-04-04 03:21:58
2428,99990688,1,11,2023-04-04 07:22:27,2023-04-04 03:22:27
2429,99990689,1,11,2023-04-04 07:22:55,2023-04-04 03:22:55
2430,99990690,1,11,2023-04-04 07:23:28,2023-04-04 03:23:28
2431,99990691,8,11,2023-04-04 07:24:00,2023-04-04 03:24:00
2432,99990692,1,11,2023-04-04 07:24:47,2023-04-04 03:24:47
2433,99990693,1,11,2023-04-04 07:25:42,2023-04-04 03:25:42
2434,99990694,1,11,2023-04-04 07:26:50,2023-04-04 03:26:50
2435,99990695,8,11,2023-04-04 07:27:16,2023-04-04 03:27:16
2436,99990696,11,11,2023-04-04 07:27:51,2023-04-04 03:27:51
2437,99990697,7,11,2023-04-04 07:28:32,2023-04-04 03:28:32
2438,99990698,1,11,2023-04-04 07:29:01,2023-04-04 03:29:01
2439,99990699,1,11,2023-04-04 07:30:46,2023-04-04 03:30:46
2440,99990700,11,11,2023-04-04 07:31:33,2023-04-04 03:31:33
2441,99990701,8,11,2023-04-04 07:32:29,2023-04-04 03:32:29
2442,99990702,1,11,2023-04-04 07:33:23,2023-04-04 03:33:23
2443,99990703,1,11,2023-04-04 07:33:52,2023-04-04 03:33:52
2444,99990704,1,11,2023-04-04 07:34:39,2023-04-04 03:34:39
2445,99990705,1,11,2023-04-04 07:35:12,2023-04-04 03:35:12
2446,99990706,1,11,2023-04-04 07:35:48,2023-04-04 03:35:48
2447,99990707,1,11,2023-04-04 07:36:44,2023-04-04 03:36:44
2448,99990708,11,11,2023-04-04 07:37:42,2023-04-04 03:37:42
2449,99990709,9,11,2023-04-04 07:38:22,2023-04-04 03:38:22
2450,99990710,1,11,2023-04-04 07:39:19,2023-04-04 03:39:19
2451,99990711,1,11,2023-04-04 07:39:53,2023-04-04 03:39:53
2452,99990712,1,11,2023-04-04 07:40:25,2023-04-04 03:40:25
2453,99990713,1,11,2023-04-04 07:41:04,2023-04-04 03:41:04
2454,99990714,1,11,2023-04-04 07:41:33,2023-04-04 03:41:33
2455,99990715,1,11,2023-04-04 07:42:21,2023-04-04 03:42:21
2456,99990716,11,11,2023-04-04 07:42:53,2023-04-04 03:42:53
2457,99990717,8,11,2023-04-04 07:43:27,2023-04-04 03:43:27
2458,99990718,1,11,2023-04-04 07:44:13,2023-04-04 03:44:13
2459,99990719,1,11,2023-04-04 07:44:44,2023-04-04 03:44:44
2460,99990720,8,11,2023-04-04 07:45:11,2023-04-04 03:45:11
2461,99990721,8,11,2023-04-04 07:45:42,2023-04-04 03:45:42
2462,99990722,1,11,2023-04-04 07:46:13,2023-04-04 03:46:13
2463,99990723,8,11,2023-04-04 07:46:53,2023-04-04 03:46:53
2464,99990724,1,11,2023-04-04 07:47:54,2023-04-04 03:47:54
2465,99990725,1,11,2023-04-04 07:48:21,2023-04-04 03:48:21
2466,99990726,1,11,2023-04-04 07:48:49,2023-04-04 03:48:49
2467,99990727,9,11,2023-04-04 07:49:17,2023-04-04 03:49:17
2468,99990728,9,11,2023-04-04 07:49:45,2023-04-04 03:49:45
2469,99990729,9,11,2023-04-04 07:50:48,2023-04-04 03:50:48
2470,99990730,9,11,2023-04-04 07:51:16,2023-04-04 03:51:16
2471,99990731,9,11,2023-04-04 07:51:52,2023-04-04 03:51:52
2472,99990732,1,11,2023-04-04 07:52:33,2023-04-04 03:52:33
2473,99990733,1,11,2023-04-04 07:56:58,2023-04-04 03:56:58
2474,99990734,8,11,2023-04-04 08:01:21,2023-04-04 04:01:21
2475,99990735,1,11,2023-04-04 08:01:58,2023-04-04 04:01:58
2476,99990736,1,11,2023-04-04 08:03:39,2023-04-04 04:03:39
2477,99990737,8,11,2023-04-04 08:04:23,2023-04-04 04:04:23
2478,99990738,8,11,2023-04-04 08:05:27,2023-04-04 04:05:27
2479,99990739,8,11,2023-04-04 08:07:44,2023-04-04 04:07:44
2480,99990740,1,11,2023-04-06 10:45:50,2023-04-06 06:45:50
2481,99990741,8,11,2023-04-13 09:38:12,2023-04-13 05:38:12
2482,99990742,1,11,2023-04-13 09:39:03,2023-04-13 05:39:03
2483,99990743,1,11,2023-04-20 11:15:27,2023-04-20 07:15:27
2484,99990744,1,11,2023-04-21 08:47:02,2023-04-21 04:47:02
2485,99990745,1,11,2023-04-21 08:48:25,2023-04-21 04:48:25
2486,99990746,8,11,2023-04-21 08:49:30,2023-04-21 04:49:30
2487,99990747,1,11,2023-04-21 08:50:03,2023-04-21 04:50:03
2488,99990748,8,11,2023-04-21 08:50:38,2023-04-21 04:50:38
2489,99990749,1,11,2023-04-21 08:51:12,2023-04-21 04:51:12
2490,99990750,8,11,2023-04-21 08:51:54,2023-04-21 04:51:54
2491,99990751,8,11,2023-04-21 08:52:32,2023-04-21 04:52:32
2492,99990752,9,11,2023-04-21 08:53:15,2023-04-21 04:53:15
2493,99990753,1,11,2023-04-21 08:53:52,2023-04-21 04:53:52
2494,99990754,1,11,2023-04-21 08:54:28,2023-04-21 04:54:28
2495,99990755,1,11,2023-04-21 08:55:00,2023-04-21 04:55:00
2496,99990756,1,11,2023-04-21 08:55:43,2023-04-21 04:55:43
2497,99990757,1,11,2023-04-21 08:56:50,2023-04-21 04:56:50
2498,99990758,1,11,2023-04-21 08:57:25,2023-04-21 04:57:25
2499,99990759,1,11,2023-04-21 09:00:34,2023-04-21 05:00:34
2500,99990760,8,11,2023-04-27 10:11:34,2023-04-27 06:11:34
2501,99990761,8,11,2023-04-27 10:12:07,2023-04-27 06:12:07
2502,99990762,8,11,2023-04-27 10:12:39,2023-04-27 06:12:39
2503,99990763,8,11,2023-04-27 10:13:43,2023-04-27 06:13:43
2504,99990764,1,11,2023-04-27 10:14:13,2023-04-27 06:14:13
2505,99990765,1,11,2023-04-27 10:15:13,2023-04-27 06:15:13
2506,99990766,1,11,2023-04-27 10:15:42,2023-04-27 06:15:42
2507,99990767,8,11,2023-04-27 10:16:36,2023-04-27 06:16:36
2508,99990768,1,11,2023-04-27 10:17:07,2023-04-27 06:17:07
2509,99990769,1,11,2023-04-27 10:17:39,2023-04-27 06:17:39
2510,99990770,1,11,2023-04-27 10:18:07,2023-04-27 06:18:07
2511,99990771,8,11,2023-04-27 10:18:47,2023-04-27 06:18:47
2512,99990772,1,11,2023-04-27 10:19:20,2023-04-27 06:19:20
2513,99990773,8,11,2023-04-27 10:19:53,2023-04-27 06:19:53
2514,99990774,8,11,2023-04-27 10:20:22,2023-04-27 06:20:22
2515,99990775,1,11,2023-04-27 10:20:50,2023-04-27 06:20:50
2516,99990776,8,11,2023-04-27 10:21:18,2023-04-27 06:21:18
2517,99990777,9,11,2023-04-27 10:21:49,2023-04-27 06:21:49
2518,99990778,1,11,2023-04-27 10:22:21,2023-04-27 06:22:21
2519,99990779,1,11,2023-04-27 10:22:49,2023-04-27 06:22:49
2520,99990780,8,11,2023-04-27 10:23:19,2023-04-27 06:23:19
2521,99990781,1,11,2023-04-27 10:27:59,2023-04-27 06:27:59
2522,99990782,1,11,2023-04-27 10:28:57,2023-04-27 06:28:57
2523,99990783,8,11,2023-04-27 10:30:08,2023-04-27 06:30:08
2524,99990784,1,11,2023-04-27 10:31:10,2023-04-27 06:31:10
2525,99990785,8,11,2023-04-27 10:31:46,2023-04-27 06:31:46
2526,99990786,1,11,2023-04-27 10:32:13,2023-04-27 06:32:13
2527,99990787,8,11,2023-04-27 10:34:19,2023-04-27 06:34:19
2528,99990788,8,11,2023-04-27 10:35:51,2023-04-27 06:35:51
2529,99990789,8,11,2023-04-27 10:36:21,2023-04-27 06:36:21
2530,99990790,1,11,2023-04-27 10:36:53,2023-04-27 06:36:53
2531,99990791,1,11,2023-04-27 10:37:25,2023-04-27 06:37:25
2532,99990792,8,11,2023-04-27 10:38:54,2023-04-27 06:38:54
2533,99990793,1,11,2023-04-27 10:39:30,2023-04-27 06:39:30
2534,99990794,1,11,2023-04-27 10:40:49,2023-04-27 06:40:49
2535,99990795,8,11,2023-04-27 10:41:39,2023-04-27 06:41:39
2536,99990796,1,11,2023-04-27 10:42:17,2023-04-27 06:42:17
2537,99990797,8,11,2023-04-27 10:43:16,2023-04-27 06:43:16
2538,99990798,8,11,2023-04-27 10:44:05,2023-04-27 06:44:05
2539,99990799,1,11,2023-04-27 10:44:38,2023-04-27 06:44:38
2540,99990800,1,11,2023-04-27 10:45:26,2023-04-27 06:45:26
2541,99990801,1,11,2023-04-27 10:46:00,2023-04-27 06:46:00
2542,99990802,8,11,2023-04-27 10:46:44,2023-04-27 06:46:44
2543,99990803,8,11,2023-04-27 10:51:53,2023-04-27 06:51:53
2544,99990804,8,11,2023-04-27 10:52:29,2023-04-27 06:52:29
2545,99990805,8,11,2023-04-27 10:52:58,2023-04-27 06:52:58
2546,99990806,1,11,2023-04-27 10:53:39,2023-04-27 06:53:39
2547,99990807,8,11,2023-04-27 10:54:09,2023-04-27 06:54:09
2548,99990808,8,11,2023-04-27 10:54:49,2023-04-27 06:54:49
2549,99990809,8,11,2023-04-27 10:55:19,2023-04-27 06:55:19
2550,99990810,8,11,2023-04-27 10:55:48,2023-04-27 06:55:48
2551,99990811,1,11,2023-04-27 10:56:40,2023-04-27 06:56:40
2552,99990812,8,11,2023-04-27 10:57:15,2023-04-27 06:57:15
2553,99990813,1,11,2023-04-27 10:58:21,2023-04-27 06:58:21
2554,99990814,8,11,2023-04-27 10:58:50,2023-04-27 06:58:50
2555,99990815,8,11,2023-04-27 11:14:41,2023-04-27 07:14:41
2556,99990816,8,11,2023-04-27 11:15:06,2023-04-27 07:15:06
2557,99990817,8,11,2023-04-27 11:16:07,2023-04-27 07:16:07
2558,99990818,1,11,2023-04-27 11:17:52,2023-04-27 07:17:52
2559,99990819,1,11,2023-04-27 11:19:13,2023-04-27 07:19:13
2560,99990820,8,11,2023-04-27 11:20:20,2023-04-27 07:20:20
2561,99990821,1,11,2023-04-27 11:21:11,2023-04-27 07:21:11
2562,99990822,1,11,2023-04-27 11:21:39,2023-04-27 07:21:39
2563,99990823,8,11,2023-04-27 11:22:50,2023-04-27 07:22:50
2564,99990824,8,11,2023-04-27 11:23:21,2023-04-27 07:23:21
2565,99990825,1,11,2023-04-27 11:23:50,2023-04-27 07:23:50
2566,99990826,9,11,2023-04-27 11:24:20,2023-04-27 07:24:20
2567,99990827,8,11,2023-04-27 11:24:48,2023-04-27 07:24:48
2568,99990828,1,11,2023-04-27 11:25:22,2023-04-27 07:25:22
2569,99990829,8,11,2023-04-27 11:26:19,2023-04-27 07:26:19
2570,99990830,1,11,2023-04-27 11:27:14,2023-04-27 07:27:14
2571,99990831,1,11,2023-04-27 11:27:51,2023-04-27 07:27:51
2572,99990832,1,11,2023-04-27 11:28:18,2023-04-27 07:28:18
2573,99990833,8,11,2023-04-27 11:28:45,2023-04-27 07:28:45
2574,99990834,1,11,2023-04-27 11:29:10,2023-04-27 07:29:10
2575,99990835,8,11,2023-04-27 11:30:25,2023-04-27 07:30:25
2576,99990836,1,11,2023-04-27 11:30:59,2023-04-27 07:30:59
2577,99990837,8,11,2023-04-27 11:31:26,2023-04-27 07:31:26
2578,99990838,1,11,2023-04-27 11:31:53,2023-04-27 07:31:53
2579,99990839,8,11,2023-04-27 11:32:23,2023-04-27 07:32:23
2580,99990840,1,11,2023-04-27 11:32:48,2023-04-27 07:32:48
2581,99990841,1,11,2023-04-27 11:33:21,2023-04-27 07:33:21
2582,99990842,1,11,2023-04-27 11:33:51,2023-04-27 07:33:51
2583,99990843,8,11,2023-04-27 11:34:22,2023-04-27 07:34:22
2584,99990844,7,11,2023-04-27 11:34:54,2023-04-27 07:34:54
2585,99990845,7,11,2023-04-27 11:35:30,2023-04-27 07:35:30
2586,99990846,1,11,2023-04-27 11:36:20,2023-04-27 07:36:20
2587,99990847,1,11,2023-04-27 11:36:44,2023-04-27 07:36:44
2588,99990848,8,11,2023-04-27 11:37:10,2023-04-27 07:37:10
