Id,StableId,BorrowerId,HorseId,Storage,HasAc,HasFans,Name,Description,IsOccupied,IsEnabled,UserId,CreatedAt
1,1,,,Unverified Horse,0,0,1,,1,1,11,2020-08-28 06:43:25
2,1,,,Unverified Horse,0,0,2,,1,1,11,2020-08-28 06:43:25
3,1,,,,0,0,3,,0,1,11,2020-08-28 06:43:25
5,1,,20191850.0,,0,0,5,,1,1,11,2020-08-28 06:43:25
6,1,,20150942.0,,0,0,6,,1,1,11,2020-08-28 06:43:25
7,1,,,Unverified Horse,0,0,7,,1,1,11,2020-08-28 06:43:25
16,3,,20202490.0,,0,0,1,,1,1,11,2020-08-28 06:43:54
18,3,,,Unverified Horse,0,0,3,,1,1,11,2020-08-28 06:43:54
19,3,,20172093.0,,0,0,4,,1,1,11,2020-08-28 06:43:54
20,3,,20192771.0,,0,0,5,,1,1,11,2020-08-28 06:43:54
21,3,,20200350.0,,0,0,6,,1,1,11,2020-08-28 06:43:54
22,3,,,Unverified Horse,0,0,7,,1,1,11,2020-08-28 06:43:55
24,3,,20190171.0,,0,0,9,,1,1,11,2020-08-28 06:43:55
25,3,,20180219.0,,0,0,10,,1,1,11,2020-08-28 06:43:55
26,3,,20202541.0,,0,0,11,,1,1,11,2020-08-28 06:43:55
27,3,,99990595.0,,0,0,12,,1,1,11,2020-08-28 06:43:55
28,3,,20172139.0,,0,0,13,,1,1,11,2020-08-28 06:43:55
31,4,,,,0,0,1,,0,1,11,2020-08-28 06:52:58
32,4,,20170433.0,,0,0,2,,1,1,11,2020-08-28 06:52:58
34,4,,20161674.0,,0,0,4,,1,1,11,2020-08-28 06:52:58
41,6,,20171172.0,,0,0,1,,1,1,11,2020-08-28 07:00:12
42,6,,20181832.0,,0,0,2,,1,1,11,2020-08-28 07:00:12
43,6,,,Unverified Horse,0,0,3,,1,1,11,2020-08-28 07:00:12
44,6,,20180739.0,,0,0,4,,1,1,11,2020-08-28 07:00:12
45,6,,20190808.0,,0,0,5,,1,1,11,2020-08-28 07:00:12
46,6,,20192408.0,,0,0,6,,1,1,11,2020-08-28 07:00:12
47,6,,20162646.0,,0,0,7,,1,1,11,2020-08-28 07:00:12
48,7,,20152153.0,,0,0,1,,1,1,11,2020-08-28 07:01:37
49,7,,20150371.0,,0,0,2,,1,1,11,2020-08-28 07:01:37
50,7,,20193056.0,,0,0,3,,1,1,11,2020-08-28 07:01:37
51,7,,20172442.0,,0,0,4,,1,1,11,2020-08-28 07:01:37
52,7,,,Unverified Horse,0,0,5,,1,1,11,2020-08-28 07:01:37
55,8,,20190611.0,,0,0,1,,1,1,11,2020-08-28 07:09:05
56,8,,99990385.0,,0,0,2,,1,1,11,2020-08-28 07:09:05
57,8,,,Unverified Horse,0,0,3,,1,1,11,2020-08-28 07:09:05
58,8,,20190797.0,,0,0,4,,1,1,11,2020-08-28 07:09:06
59,8,,,Unverified Horse,0,0,5,,1,1,11,2020-08-28 07:09:06
60,8,,20153307.0,,0,0,6,,1,1,11,2020-08-28 07:09:06
61,8,,20161518.0,,0,0,7,,1,1,11,2020-08-28 07:09:06
62,8,,20171470.0,,0,0,8,,1,1,11,2020-08-28 07:09:06
63,8,,20191885.0,,0,0,9,,1,1,11,2020-08-28 07:09:06
64,8,,20121192.0,,0,0,10,,1,1,11,2020-08-28 07:09:06
65,8,,20192524.0,,0,0,11,,1,1,11,2020-08-28 07:09:06
66,8,,,Unverified Horse,0,0,12,,1,1,11,2020-08-28 07:09:06
67,8,,20171127.0,,0,0,13,,1,1,11,2020-08-28 07:09:06
68,8,,,,0,0,14,,0,1,11,2020-08-28 07:09:06
69,9,,,,0,0,1,,0,1,11,2020-08-28 07:11:52
70,9,,20141441.0,,0,0,2,,1,1,11,2020-08-28 07:11:52
71,9,,20182233.0,,0,0,3,,1,1,11,2020-08-28 07:11:52
72,9,,20182102.0,,0,0,4,,1,1,11,2020-08-28 07:11:52
73,9,,,Unverified Horse,0,0,5,,1,1,11,2020-08-28 07:11:52
74,9,,,Unverified Horse,0,0,6,,1,1,11,2020-08-28 07:11:52
75,9,,,,0,0,7,,0,1,11,2020-08-28 07:11:52
77,10,,,,0,0,1,,0,1,11,2020-08-28 07:14:44
78,10,,20181918.0,,0,0,2,,1,1,11,2020-08-28 07:14:44
79,10,,,,0,0,3,,0,1,11,2020-08-28 07:14:44
81,11,,,,0,0,1,,0,1,11,2020-08-28 07:15:56
82,11,,,,0,0,2,,0,1,11,2020-08-28 07:15:56
83,11,,99990227.0,,0,0,3,,1,1,11,2020-08-28 07:15:57
84,12,,,,0,0,1,,0,1,11,2020-08-28 07:35:27
85,12,,,Unverified Horse,0,0,2,,1,1,11,2020-08-28 07:35:28
86,12,,20200845.0,,0,0,3,,1,1,11,2020-08-28 07:35:28
87,12,,,Unverified Horse,0,0,4,,1,1,11,2020-08-28 07:35:28
88,12,,,Unverified Horse,0,0,5,,1,1,11,2020-08-28 07:35:28
89,12,,,Unverified Horse,0,0,6,,1,1,11,2020-08-28 07:35:28
90,12,,20190459.0,,0,0,7,,1,1,11,2020-08-28 07:35:28
91,12,,20191234.0,,0,0,8,,1,1,11,2020-08-28 07:35:28
92,12,,20190500.0,,0,0,9,,1,1,11,2020-08-28 07:35:28
93,12,,20181423.0,,0,0,10,,1,1,11,2020-08-28 07:35:28
94,12,,20201428.0,,0,0,11,,1,1,11,2020-08-28 07:35:28
95,12,,,,0,0,12,,0,1,11,2020-08-28 07:35:28
96,12,,,,0,0,13,,0,1,11,2020-08-28 07:35:28
97,12,,20160819.0,,0,0,14,,1,1,11,2020-08-28 07:35:28
98,12,,,,0,0,15,,0,1,11,2020-08-28 07:35:28
99,12,,,Unverified Horse,0,0,16,,1,1,11,2020-08-28 07:35:28
100,12,,,,0,0,17,,0,1,11,2020-08-28 07:35:28
101,12,,,,0,0,18,,0,1,11,2020-08-28 07:35:29
102,12,,,Unverified Horse,0,0,19,,1,1,11,2020-08-28 07:35:29
103,12,,,,0,0,20,,0,1,11,2020-08-28 07:35:29
104,13,,20202783.0,,0,0,1,,1,1,11,2020-08-28 07:42:49
105,13,,20192488.0,,0,0,2,,1,1,11,2020-08-28 07:42:49
106,13,,,Unverified Horse,0,0,3,,1,1,11,2020-08-28 07:42:49
107,13,,20190646.0,,0,0,4,,1,1,11,2020-08-28 07:42:49
108,13,,,,0,0,5,,0,1,11,2020-08-28 07:42:49
109,13,,,Unverified Horse,0,0,6,,1,1,11,2020-08-28 07:42:49
110,13,,20182824.0,,0,0,7,,1,1,11,2020-08-28 07:42:49
111,13,,,Unverified Horse,0,0,8,,1,1,11,2020-08-28 07:42:50
112,13,,,Unverified Horse,0,0,9,,1,1,11,2020-08-28 07:42:50
113,13,,,Unverified Horse,0,0,10,,1,1,11,2020-08-28 07:42:50
114,13,,,Unverified Horse,0,0,11,,1,1,11,2020-08-28 07:42:50
115,13,,20180966.0,,0,0,12,,1,1,11,2020-08-28 07:42:50
116,13,,20182511.0,,0,0,13,,1,1,11,2020-08-28 07:42:50
117,13,,20192953.0,,0,0,14,,1,1,11,2020-08-28 07:42:50
118,13,,20182637.0,,0,0,15,,1,1,11,2020-08-28 07:42:50
119,14,,,Unverified Horse,0,0,1,,1,1,11,2020-08-28 07:43:02
120,14,,20203295.0,,0,0,2,,1,1,11,2020-08-28 07:43:02
121,14,,20202334.0,,0,0,3,,1,1,11,2020-08-28 07:43:02
122,14,,20191567.0,,0,0,4,,1,1,11,2020-08-28 07:43:03
123,14,,20200143.0,,0,0,5,,1,1,11,2020-08-28 07:43:03
124,14,,,,0,0,6,,0,1,11,2020-08-28 07:43:03
125,14,,20192640.0,,0,0,7,,1,1,11,2020-08-28 07:43:03
126,14,,20200572.0,,0,0,8,,1,1,11,2020-08-28 07:43:03
127,14,,,Unverified Horse,0,0,9,,1,1,11,2020-08-28 07:43:03
128,14,,,Unverified Horse,0,0,10,,1,1,11,2020-08-28 07:43:03
129,14,,20170099.0,,0,0,11,,1,1,11,2020-08-28 07:43:03
130,14,,20201468.0,,0,0,12,,1,1,11,2020-08-28 07:43:03
131,14,,,Unverified Horse,0,0,13,,1,1,11,2020-08-28 07:43:03
132,14,,,Unverified Horse,0,0,14,,1,1,11,2020-08-28 07:43:03
133,14,,,,0,0,15,,0,1,11,2020-08-28 07:43:04
134,14,,20180466.0,,0,0,16,,1,1,11,2020-08-28 07:43:04
135,15,,20181165.0,,0,0,1,,1,1,11,2020-08-28 07:58:24
136,15,,,Unverified Horse,0,0,2,,1,1,11,2020-08-28 07:58:24
137,15,,20152451.0,,0,0,3,,1,1,11,2020-08-28 07:58:24
138,15,,,,0,0,4,,0,1,11,2020-08-28 07:58:24
139,15,,20190075.0,,0,0,5,,1,1,11,2020-08-28 07:58:24
140,15,,,Unverified Horse,0,0,6,,1,1,11,2020-08-28 07:58:24
141,15,,,,0,0,7,,0,1,11,2020-08-28 07:58:24
142,15,,20190651.0,,0,0,8,,1,1,11,2020-08-28 07:58:25
143,15,,,,0,0,9,,0,1,11,2020-08-28 07:58:25
145,16,,20140035.0,,0,0,1,,1,1,11,2020-08-28 07:58:47
146,16,,20191547.0,,0,0,2,,1,1,11,2020-08-28 07:58:47
147,16,,,Unverified Horse,0,0,3,,1,1,11,2020-08-28 07:58:47
148,16,,20151136.0,,0,0,4,,1,1,11,2020-08-28 07:58:47
149,16,,20122437.0,,0,0,5,,1,1,11,2020-08-28 07:58:47
150,16,,20152173.0,,0,0,6,,1,1,11,2020-08-28 07:58:47
151,16,,20161432.0,,0,0,7,,1,1,11,2020-08-28 07:58:47
152,16,,20170504.0,,0,0,8,,1,1,11,2020-08-28 07:58:47
153,16,,20200325.0,,0,0,9,,1,1,11,2020-08-28 07:58:47
154,16,,,Unverified Horse,0,0,10,,1,1,11,2020-08-28 07:58:47
156,17,,20180299.0,,0,0,2,,1,1,11,2020-09-01 06:15:30
157,17,,20171905.0,,0,0,3,,1,1,11,2020-09-01 06:15:30
158,17,,,Unverified Horse,0,0,4,,1,1,11,2020-09-01 06:15:30
159,17,,20150255.0,,0,0,5,,1,1,11,2020-09-01 06:15:30
160,17,,20172513.0,,0,0,6,,1,1,11,2020-09-01 06:15:31
161,17,,,,0,0,7,,0,1,11,2020-09-01 06:15:31
162,18,,,,0,0,1,,0,1,11,2020-09-01 06:16:14
163,18,,20180860.0,,0,0,2,,1,1,11,2020-09-01 06:16:14
164,18,,,Unverified Horse,0,0,3,,1,1,11,2020-09-01 06:16:14
165,18,,99990583.0,,0,0,4,,1,1,11,2020-09-01 06:16:14
166,18,,20200865.0,,0,0,5,,1,1,11,2020-09-01 06:16:14
167,18,,,,0,0,6,,0,1,11,2020-09-01 06:16:14
168,18,,,,0,0,7,,0,1,11,2020-09-01 06:16:14
169,19,,,Unverified Horse,0,0,1,,1,1,11,2020-09-01 06:21:33
170,19,,,Unverified Horse,0,0,2,,1,1,11,2020-09-01 06:21:33
171,19,,,,0,0,3,,0,1,11,2020-09-01 06:21:33
172,19,,20141310.0,,0,0,4,,1,1,11,2020-09-01 06:21:34
173,19,,,Unverified Horse,0,0,5,,1,1,11,2020-09-01 06:21:34
174,19,,99990582.0,,0,0,6,,1,1,11,2020-09-01 06:21:34
175,19,,20171485.0,,0,0,7,,1,1,11,2020-09-01 06:21:34
176,19,,20190984.0,,0,0,8,,1,1,11,2020-09-01 06:21:34
177,19,,20142579.0,,0,0,9,,1,1,11,2020-09-01 06:21:34
178,19,,,Unverified Horse,0,0,10,,1,1,11,2020-09-01 06:21:34
180,19,,20161285.0,,0,0,11,,1,1,11,2020-09-01 06:21:34
190,19,,20130704.0,,0,0,12,,1,1,11,2020-09-01 06:25:15
191,19,,,Unverified Horse,0,0,13,,1,1,11,2020-09-01 06:25:15
192,19,,,,0,0,14,,0,1,11,2020-09-01 06:25:16
193,19,,,Unverified Horse,0,0,15,,1,1,11,2020-09-01 06:25:16
194,19,,20172164.0,,0,0,16,,1,1,11,2020-09-01 06:25:16
195,19,,20200885.0,,0,0,17,,1,1,11,2020-09-01 06:25:16
196,19,,20200683.0,,0,0,18,,1,1,11,2020-09-01 06:25:16
197,19,,20130673.0,,0,0,19,,1,1,11,2020-09-01 06:25:16
199,20,,20181978.0,,0,0,1,,1,1,11,2020-09-01 06:33:50
200,20,,99990577.0,,0,0,2,,1,1,11,2020-09-01 06:33:50
201,20,,20160788.0,,0,0,3,,1,1,11,2020-09-01 06:33:50
202,20,,,Unverified Horse,0,0,4,,1,1,11,2020-09-01 06:33:50
203,20,,20170908.0,,0,0,5,,1,1,11,2020-09-01 06:33:50
204,20,,,Unverified Horse,0,0,6,,1,1,11,2020-09-01 06:33:50
205,20,,20191401.0,,0,0,7,,1,1,11,2020-09-01 06:33:51
206,20,,20202889.0,,0,0,8,,1,1,11,2020-09-01 06:33:51
207,20,,20181812.0,,0,0,9,,1,1,11,2020-09-01 06:33:51
208,20,,20192084.0,,0,0,10,,1,1,11,2020-09-01 06:33:51
209,20,,20181483.0,,0,0,11,,1,1,11,2020-09-01 06:33:51
210,20,,20180153.0,,0,0,12,,1,1,11,2020-09-01 06:33:51
211,20,,20171021.0,,0,0,13,,1,1,11,2020-09-01 06:33:51
212,20,,20191305.0,,0,0,14,,1,1,11,2020-09-01 06:33:51
213,20,,99990406.0,,0,0,15,,1,1,11,2020-09-01 06:33:51
214,20,,,Unverified Horse,0,0,16,,1,1,11,2020-09-01 06:33:51
215,20,,,Unverified Horse,0,0,17,,1,1,11,2020-09-01 06:33:51
216,20,,20152279.0,,0,0,18,,1,1,11,2020-09-01 06:33:51
217,20,,,,0,0,19,,0,1,11,2020-09-01 06:33:51
218,20,,,Unverified Horse,0,0,20,,1,1,11,2020-09-01 06:33:51
219,20,,,Unverified Horse,0,0,21,,1,1,11,2020-09-01 06:33:51
220,20,,,Unverified Horse,0,0,22,,1,1,11,2020-09-01 06:33:51
221,20,,20170695.0,,0,0,23,,1,1,11,2020-09-01 06:33:51
222,20,,20182359.0,,0,0,24,,1,1,11,2020-09-01 06:33:52
223,20,,,Unverified Horse,0,0,25,,1,1,11,2020-09-01 06:33:52
224,21,,20182268.0,,0,0,1,,1,1,11,2020-09-01 06:49:45
225,21,,,Unverified Horse,0,0,2,,1,1,11,2020-09-01 06:49:45
226,21,,99990282.0,,0,0,3,,1,1,11,2020-09-01 06:49:45
227,21,,,Unverified Horse,0,0,4,,1,1,11,2020-09-01 06:49:45
228,21,,,Unverified Horse,0,0,5,,1,1,11,2020-09-01 06:49:45
229,21,,20143783.0,,0,0,6,,1,1,11,2020-09-01 06:49:46
230,21,,99990573.0,,0,0,7,,1,1,11,2020-09-01 06:49:46
231,21,,99990424.0,,0,0,8,,1,1,11,2020-09-01 06:49:46
232,21,,20162217.0,,0,0,9,,1,1,11,2020-09-01 06:49:46
233,21,,20132662.0,,0,0,10,,1,1,11,2020-09-01 06:49:46
234,21,,,,0,0,11,,0,1,11,2020-09-01 06:49:46
235,21,,20172386.0,,0,0,12,,1,1,11,2020-09-01 06:49:46
236,21,,,,0,0,13,,0,1,11,2020-09-01 06:49:46
237,21,,20170559.0,,0,0,14,,1,1,11,2020-09-01 06:49:46
238,21,,20141547.0,,0,0,15,,1,1,11,2020-09-01 06:49:46
239,22,,,,0,0,1,,0,1,11,2020-09-01 06:53:41
240,22,,,,0,0,2,,0,1,11,2020-09-01 06:53:41
241,22,,,,0,0,3,,0,1,11,2020-09-01 06:53:41
242,22,,20201473.0,,0,0,4,,1,1,11,2020-09-01 06:53:41
243,22,,,,0,0,5,,0,1,11,2020-09-01 06:53:41
244,22,,20161356.0,,0,0,6,,1,1,11,2020-09-01 06:53:41
245,22,,20151656.0,,0,0,7,,1,1,11,2020-09-01 06:53:41
246,22,,20192206.0,,0,0,8,,1,1,11,2020-09-01 06:53:41
247,22,,20181130.0,,0,0,9,,1,1,11,2020-09-01 06:53:41
248,22,,20153509.0,,0,0,10,,1,1,11,2020-09-01 06:53:41
249,22,,20172346.0,,0,0,11,,1,1,11,2020-09-01 06:53:42
250,22,,20181110.0,,0,0,12,,1,1,11,2020-09-01 06:53:42
254,23,,20182935.0,,0,0,1,,1,1,11,2020-09-01 07:04:38
255,23,,20190555.0,,0,0,2,,1,1,11,2020-09-01 07:04:38
256,23,,,Unverified Horse,0,0,3,,1,1,11,2020-09-01 07:04:38
257,23,,99990570.0,,0,0,4,,1,1,11,2020-09-01 07:04:38
258,23,,,Unverified Horse,0,0,5,,1,1,11,2020-09-01 07:04:38
259,23,,20183078.0,,0,0,6,,1,1,11,2020-09-01 07:04:38
260,24,,,Unverified Horse,0,0,1,,1,1,11,2020-09-01 07:06:14
261,24,,20182228.0,,0,0,2,,1,1,11,2020-09-01 07:06:14
262,24,,20170559.0,,0,0,3,,1,1,11,2020-09-01 07:06:14
263,24,,20190626.0,,0,0,4,,1,1,11,2020-09-01 07:06:14
264,25,,20190939.0,,0,0,1,,1,1,11,2020-09-01 07:10:53
265,25,,20200714.0,,0,0,2,,1,1,11,2020-09-01 07:10:53
266,25,,20202516.0,,0,0,3,,1,1,11,2020-09-01 07:10:53
267,25,,20192433.0,,0,0,4,,1,1,11,2020-09-01 07:10:53
268,25,,20200603.0,,0,0,5,,1,1,11,2020-09-01 07:10:53
269,25,,20192413.0,,0,0,6,,1,1,11,2020-09-01 07:10:54
270,25,,20191729.0,,0,0,7,,1,1,11,2020-09-01 07:10:54
271,25,,20201731.0,,0,0,8,,1,1,11,2020-09-01 07:10:54
272,25,,,Unverified Horse,0,0,9,,1,1,11,2020-09-01 07:10:54
273,25,,20201751.0,,0,0,10,,1,1,11,2020-09-01 07:10:54
274,25,,20190419.0,,0,0,11,,1,1,11,2020-09-01 07:10:54
275,25,,20200330.0,,0,0,12,,1,1,11,2020-09-01 07:10:54
276,25,,20172215.0,,0,0,13,,1,1,11,2020-09-01 07:10:54
277,25,,99990567.0,,0,0,14,,1,1,11,2020-09-01 07:10:54
278,25,,20190373.0,,0,0,15,,1,1,11,2020-09-01 07:10:54
279,25,,99990356.0,,0,0,16,,1,1,11,2020-09-01 07:10:55
280,25,,20192397.0,,0,0,17,,1,1,11,2020-09-01 07:10:55
281,25,,20192019.0,,0,0,18,,1,1,11,2020-09-01 07:10:55
282,25,,99990560.0,,0,0,19,,1,1,11,2020-09-01 07:10:55
283,25,,99990561.0,,0,0,20,,1,1,11,2020-09-01 07:10:55
284,25,,99990562.0,,0,0,21,,1,1,11,2020-09-01 07:10:55
285,25,,99990563.0,,0,0,22,,1,1,11,2020-09-01 07:10:55
286,25,,,,0,0,23,,0,1,11,2020-09-01 07:10:55
287,25,,99990561.0,,0,0,24,,1,1,11,2020-09-01 07:10:55
288,25,,99990328.0,,0,0,25,,1,1,11,2020-09-01 07:10:55
289,25,,,,0,0,26,,0,1,11,2020-09-01 07:10:55
290,25,,,Unverified Horse,0,0,27,,1,1,11,2020-09-01 07:10:56
291,25,,,,0,0,28,,0,1,11,2020-09-01 07:10:56
292,25,,,Unverified Horse,0,0,29,,1,1,11,2020-09-01 07:10:56
293,25,,20190904.0,,0,0,30,,1,1,11,2020-09-01 07:10:56
294,27,,,Equipment,0,0,1,,1,1,11,2020-09-02 07:08:25
295,27,,,Unverified Horse,0,0,2,,1,1,11,2020-09-02 07:08:25
296,27,,20190282.0,,0,0,3,,1,1,11,2020-09-02 07:08:25
297,27,,20190868.0,,0,0,4,,1,1,11,2020-09-02 07:08:25
298,27,,,,0,0,5,,0,1,11,2020-09-02 07:08:25
299,26,,20200294.0,,0,0,1,,1,1,11,2020-09-02 07:15:40
300,26,,,Unverified Horse,0,0,2,,1,1,11,2020-09-02 07:15:40
301,26,,20181852.0,,0,0,3,,1,1,11,2020-09-02 07:15:41
302,26,,20162242.0,,0,0,4,,1,1,11,2020-09-02 07:15:41
303,26,,,,0,0,5,,0,1,11,2020-09-02 07:15:41
304,28,,,,0,0,1,,0,1,11,2020-09-02 07:20:03
305,28,,20172391.0,,0,0,2,,1,1,11,2020-09-02 07:20:03
306,28,,20170397.0,,0,0,3,,1,1,11,2020-09-02 07:20:03
307,28,,20163012.0,,0,0,4,,1,1,11,2020-09-02 07:20:03
308,28,,20201408.0,,0,0,5,,1,1,11,2020-09-02 07:20:03
309,28,,,Unverified Horse,0,0,6,,1,1,11,2020-09-02 07:20:03
310,28,,,,0,0,7,,0,1,11,2020-09-02 07:20:03
311,29,,,Unverified Horse,0,0,1,,1,1,11,2020-09-02 07:21:00
312,29,,,Unverified Horse,0,0,2,,1,1,11,2020-09-02 07:21:00
313,29,,,Unverified Horse,0,0,3,,1,1,11,2020-09-02 07:21:00
314,29,,,,0,0,4,,0,1,11,2020-09-02 07:21:00
315,29,,,,0,0,5,,0,1,11,2020-09-02 07:21:00
316,29,,,Unverified Horse,0,0,6,,1,1,11,2020-09-02 07:21:00
317,29,,,Unverified Horse,0,0,7,,1,1,11,2020-09-02 07:21:00
318,29,,20190020.0,,0,0,8,,1,1,11,2020-09-02 07:21:00
319,29,,20191345.0,,0,0,9,,1,1,11,2020-09-02 07:21:00
320,29,,,Unverified Horse,0,0,10,,1,1,11,2020-09-02 07:21:00
321,29,,,Unverified Horse,0,0,11,,1,1,11,2020-09-02 07:21:00
322,29,,,Unverified Horse,0,0,12,,1,1,11,2020-09-02 07:21:01
323,29,,,Unverified Horse,0,0,13,,1,1,11,2020-09-02 07:21:01
324,29,,,Unverified Horse,0,0,14,,1,1,11,2020-09-02 07:21:01
325,30,,20191441.0,,0,0,1,,1,1,11,2020-09-02 07:26:39
326,30,,,Unverified Horse,0,0,2,,1,1,11,2020-09-02 07:26:39
327,30,,,,0,0,3,,0,1,11,2020-09-02 07:26:39
328,30,,,Unverified Horse,0,0,4,,1,1,11,2020-09-02 07:26:39
329,30,,20142675.0,,0,0,5,,1,1,11,2020-09-02 07:26:39
330,30,,20180799.0,,0,0,6,,1,1,11,2020-09-02 07:26:39
331,30,,20191421.0,,0,0,7,,1,1,11,2020-09-02 07:26:39
332,30,,20192357.0,,0,0,8,,1,1,11,2020-09-02 07:26:39
333,30,,,,0,0,9,,0,1,11,2020-09-02 07:26:39
335,31,,20151858.0,,0,0,1,,1,1,11,2020-09-02 07:30:29
336,31,,,Unverified Horse,0,0,2,,1,1,11,2020-09-02 07:30:29
337,31,,,Unverified Horse,0,0,3,,1,1,11,2020-09-02 07:30:29
338,31,,20142473.0,,0,0,4,,1,1,11,2020-09-02 07:30:29
339,31,,20170428.0,,0,0,5,,1,1,11,2020-09-02 07:30:29
340,31,,20142099.0,,0,0,6,,1,1,11,2020-09-02 07:30:29
341,31,,20161396.0,,0,0,7,,1,1,11,2020-09-02 07:30:29
342,31,,,Unverified Horse,0,0,8,,1,1,11,2020-09-02 07:30:29
343,31,,20181549.0,,0,0,9,,1,1,11,2020-09-02 07:30:29
344,31,,,,0,0,10,,0,1,11,2020-09-02 07:30:29
350,32,,20172715.0,,0,0,1,,1,1,11,2020-09-02 07:45:11
351,32,,,Unverified Horse,0,0,2,,1,1,11,2020-09-02 07:45:11
352,32,,20152799.0,,0,0,3,,1,1,11,2020-09-02 07:45:11
353,32,,20172235.0,,0,0,4,,1,1,11,2020-09-02 07:45:11
354,32,,,Unverified Horse,0,0,5,,1,1,11,2020-09-02 07:45:11
355,33,,20182884.0,,0,0,1,,1,1,11,2020-09-02 07:46:04
356,33,,,,0,0,2,,0,1,11,2020-09-02 07:46:04
357,33,,,Unverified Horse,0,0,3,,1,1,11,2020-09-02 07:46:04
358,33,,,Unverified Horse,0,0,4,,1,1,11,2020-09-02 07:46:04
359,33,,,Unverified Horse,0,0,5,,1,1,11,2020-09-02 07:46:04
361,34,,,,0,0,1,,0,1,11,2020-09-02 07:48:58
362,34,,20180335.0,,0,0,2,,1,1,11,2020-09-02 07:48:58
363,34,,20191269.0,,0,0,3,,1,1,11,2020-09-02 07:48:58
364,34,,20181034.0,,0,0,4,,1,1,11,2020-09-02 07:48:58
365,34,,20161270.0,,0,0,5,,1,1,11,2020-09-02 07:48:59
366,34,,20181690.0,,0,0,6,,1,1,11,2020-09-02 07:48:59
367,34,,,,0,0,7,,0,1,11,2020-09-02 07:48:59
368,35,,,Unverified Horse,0,0,1,,1,1,11,2020-09-02 07:50:14
369,35,,,Unverified Horse,0,0,2,,1,1,11,2020-09-02 07:50:14
370,35,,,,0,0,3,,0,1,11,2020-09-02 07:50:14
371,35,,,Unverified Horse,0,0,4,,1,1,11,2020-09-02 07:50:14
372,35,,,Unverified Horse,0,0,5,,1,1,11,2020-09-02 07:50:14
373,35,,20150528.0,,0,0,6,,1,1,11,2020-09-02 07:50:14
374,35,,20171516.0,,0,0,7,,1,1,11,2020-09-02 07:50:14
375,36,,20161114.0,,0,0,1,,1,1,11,2020-09-02 08:06:53
376,36,,,,0,0,2,,0,1,11,2020-09-02 08:06:53
377,36,,,Unverified Horse,0,0,3,,1,1,11,2020-09-02 08:06:53
378,36,,20191118.0,,0,0,4,,1,1,11,2020-09-02 08:06:53
379,36,,20202607.0,,0,0,5,,1,1,11,2020-09-02 08:06:53
382,37,,20172902.0,,0,0,1,,1,1,11,2020-09-02 08:11:30
383,37,,,Equipment,0,0,2,,1,1,11,2020-09-02 08:11:30
384,37,,,Unverified Horse,0,0,3,,1,1,11,2020-09-02 08:11:30
385,37,,20171329.0,,0,0,4,,1,1,11,2020-09-02 08:11:30
386,37,,,Unverified Horse,0,0,5,,1,1,11,2020-09-02 08:11:30
387,38,,20190333.0,,0,0,1,,1,1,11,2020-09-02 08:13:08
388,38,,,Unverified Horse,0,0,2,,1,1,11,2020-09-02 08:13:08
389,38,,20170539.0,,0,0,3,,1,1,11,2020-09-02 08:13:08
390,38,,20191830.0,,0,0,4,,1,1,11,2020-09-02 08:13:08
391,38,,20130739.0,,0,0,5,,1,1,11,2020-09-02 08:13:08
393,39,,,Unverified Horse,0,0,1,,1,1,11,2020-09-03 06:53:53
394,39,,20171425.0,,0,0,2,,1,1,11,2020-09-03 06:53:53
395,39,,20180522.0,,0,0,3,,1,1,11,2020-09-03 06:53:53
396,39,,,Unverified Horse,0,0,4,,1,1,11,2020-09-03 06:53:53
397,39,,,Unverified Horse,0,0,5,,1,1,11,2020-09-03 06:53:53
398,39,,,Unverified Horse,0,0,6,,1,1,11,2020-09-03 06:53:53
399,39,,,Unverified Horse,0,0,7,,1,1,11,2020-09-03 06:53:53
400,39,,20171132.0,,0,0,8,,1,1,11,2020-09-03 06:53:53
401,39,,20182304.0,,0,0,9,,1,1,11,2020-09-03 06:53:53
402,39,,20192175.0,,0,0,10,,1,1,11,2020-09-03 06:53:53
403,40,,,,0,0,1,,0,1,11,2020-09-03 06:55:44
404,40,,20160915.0,,0,0,2,,1,1,11,2020-09-03 06:55:44
405,40,,,Equipment,0,0,3,,1,1,11,2020-09-03 06:55:45
406,40,,,Unverified Horse,0,0,4,,1,1,11,2020-09-03 06:55:45
407,41,,20113032.0,,0,0,1,,1,1,11,2020-09-03 07:04:30
408,41,,20192231.0,,0,0,2,,1,1,11,2020-09-03 07:04:30
409,41,,99990549.0,,0,0,3,,1,1,11,2020-09-03 07:04:30
410,41,,99990236.0,,0,0,4,,1,1,11,2020-09-03 07:04:30
411,41,,20201120.0,,0,0,5,,1,1,11,2020-09-03 07:04:30
412,41,,20190853.0,,0,0,6,,1,1,11,2020-09-03 07:04:30
413,41,,20171894.0,,0,0,7,,1,1,11,2020-09-03 07:04:30
414,41,,20201140.0,,0,0,8,,1,1,11,2020-09-03 07:04:30
415,41,,,Unverified Horse,0,0,9,,1,1,11,2020-09-03 07:04:31
416,41,,,Unverified Horse,0,0,10,,1,1,11,2020-09-03 07:04:31
417,41,,20183058.0,,0,0,11,,1,1,11,2020-09-03 07:04:31
418,41,,20190999.0,,0,0,12,,1,1,11,2020-09-03 07:04:31
419,41,,20202470.0,,0,0,13,,1,1,11,2020-09-03 07:04:31
420,41,,,Unverified Horse,0,0,14,,1,1,11,2020-09-03 07:04:31
421,41,,,Unverified Horse,0,0,15,,1,1,11,2020-09-03 07:04:31
422,41,,,Unverified Horse,0,0,16,,1,1,11,2020-09-03 07:04:31
423,41,,,Unverified Horse,0,0,17,,1,1,11,2020-09-03 07:04:31
424,41,,,Unverified Horse,0,0,18,,1,1,11,2020-09-03 07:04:31
425,41,,,Unverified Horse,0,0,19,,1,1,11,2020-09-03 07:04:31
426,41,,,,0,0,20,,0,1,11,2020-09-03 07:04:31
427,41,,,,0,0,21,,0,1,11,2020-09-03 07:04:31
428,41,,,Unverified Horse,0,0,22,,1,1,11,2020-09-03 07:04:31
429,41,,,,0,0,23,,0,1,11,2020-09-03 07:04:32
430,41,,,,0,0,24,,0,1,11,2020-09-03 07:04:32
431,41,,,Unverified Horse,0,0,25,,1,1,11,2020-09-03 07:04:39
432,41,,,Unverified Horse,0,0,26,,1,1,11,2020-09-03 07:04:39
433,41,,,Unverified Horse,0,0,27,,1,1,11,2020-09-03 07:04:39
434,41,,,Unverified Horse,0,0,28,,1,1,11,2020-09-03 07:04:39
437,42,,,,0,0,1,,0,1,11,2020-09-03 07:08:15
438,42,,,,0,0,2,,0,1,11,2020-09-03 07:08:15
439,42,,20151934.0,,0,0,3,,1,1,11,2020-09-03 07:08:15
440,42,,,Unverified Horse,0,0,4,,1,1,11,2020-09-03 07:08:15
441,42,,,Unverified Horse,0,0,5,,1,1,11,2020-09-03 07:08:15
442,42,,,Unverified Horse,0,0,6,,1,1,11,2020-09-03 07:10:34
443,43,,,,0,0,1,,0,1,11,2020-09-03 07:13:30
444,43,,20163027.0,,0,0,2,,1,1,11,2020-09-03 07:13:30
445,43,,,,0,0,3,,0,1,11,2020-09-03 07:13:30
446,43,,20191214.0,,0,0,4,,1,1,11,2020-09-03 07:13:30
447,43,,20203417.0,,0,0,5,,1,1,11,2020-09-03 07:13:30
448,43,,20181574.0,,0,0,6,,1,1,11,2020-09-03 07:13:30
449,43,,20190813.0,,0,0,7,,1,1,11,2020-09-03 07:13:31
450,43,,,Equipment,0,0,8,,1,1,11,2020-09-03 07:13:31
451,43,,,,0,0,9,,0,1,11,2020-09-03 07:13:31
452,43,,20181630.0,,0,0,10,,1,1,11,2020-09-03 07:13:31
453,44,,,Unverified Horse,0,0,1,,1,1,11,2020-09-03 07:18:38
454,44,,20200289.0,,0,0,2,,1,1,11,2020-09-03 07:18:38
455,44,,20201024.0,,0,0,3,,1,1,11,2020-09-03 07:18:38
456,44,,20192751.0,,0,0,4,,1,1,11,2020-09-03 07:18:38
457,44,,20182273.0,,0,0,5,,1,1,11,2020-09-03 07:18:38
458,46,,20180057.0,,0,0,1,,1,1,11,2020-09-03 07:21:27
459,46,,20192584.0,,0,0,2,,1,1,11,2020-09-03 07:21:27
460,46,,,Unverified Horse,0,0,3,,1,1,11,2020-09-03 07:21:27
461,46,,20171581.0,,0,0,4,,1,1,11,2020-09-03 07:21:27
462,46,,,Unverified Horse,0,0,5,,1,1,11,2020-09-03 07:21:27
463,46,,20181716.0,,0,0,6,,1,1,11,2020-09-03 07:21:27
464,46,,20182046.0,,0,0,7,,1,1,11,2020-09-03 07:21:27
465,46,,,Unverified Horse,0,0,8,,1,1,11,2020-09-03 07:21:28
467,46,,,Unverified Horse,0,0,10,,1,1,11,2020-09-03 07:21:28
478,45,,20181776.0,,0,0,1,,1,1,11,2020-09-03 07:23:49
479,45,,,Unverified Horse,0,0,2,,1,1,11,2020-09-03 07:23:49
480,45,,,,0,0,3,,0,1,11,2020-09-03 07:23:49
481,45,,,,0,0,4,,0,1,11,2020-09-03 07:23:49
482,45,,,Unverified Horse,0,0,5,,1,1,11,2020-09-03 07:23:49
483,45,,,Unverified Horse,0,0,6,,1,1,11,2020-09-03 07:23:49
484,45,,20202612.0,,0,0,7,,1,1,11,2020-09-03 07:23:49
485,45,,20193132.0,,0,0,8,,1,1,11,2020-09-03 07:23:49
486,45,,,Unverified Horse,0,0,9,,1,1,11,2020-09-03 07:23:49
487,47,,20170291.0,,0,0,1,,1,1,11,2020-09-03 07:35:40
488,47,,20181478.0,,0,0,2,,1,1,11,2020-09-03 07:35:40
489,47,,,Unverified Horse,0,0,3,,1,1,11,2020-09-03 07:35:40
490,48,,,Unverified Horse,0,0,1,,1,1,11,2020-09-03 07:40:21
491,48,,,Unverified Horse,0,0,2,,1,1,11,2020-09-03 07:40:21
492,48,,,Unverified Horse,0,0,3,,1,1,11,2020-09-03 07:40:21
493,48,,,Unverified Horse,0,0,4,,1,1,11,2020-09-03 07:40:21
494,48,,,Unverified Horse,0,0,5,,1,1,11,2020-09-03 07:40:21
495,48,,,Unverified Horse,0,0,6,,1,1,11,2020-09-03 07:40:21
506,49,,,Unverified Horse,0,0,1,,1,1,11,2020-09-03 07:41:44
507,49,,20182531.0,,0,0,2,,1,1,11,2020-09-03 07:41:44
508,49,,20180502.0,,0,0,3,,1,1,11,2020-09-03 07:41:44
509,49,,,,0,0,4,,0,1,11,2020-09-03 07:41:44
510,49,,,,0,0,5,,0,1,11,2020-09-03 07:41:44
511,49,,,Unverified Horse,0,0,6,,1,1,11,2020-09-03 07:41:44
512,49,,,,0,0,7,,0,1,11,2020-09-03 07:41:45
513,49,,20201206.0,,0,0,8,,1,1,11,2020-09-03 07:41:45
514,49,,,Unverified Horse,0,0,9,,1,1,11,2020-09-03 07:41:45
515,49,,,Unverified Horse,0,0,10,,1,1,11,2020-09-03 07:41:45
516,49,,20192115.0,,0,0,11,,1,1,11,2020-09-03 07:41:45
517,49,,20170135.0,,0,0,12,,1,1,11,2020-09-03 07:41:45
518,49,,20160379.0,,0,0,13,,1,1,11,2020-09-03 07:41:45
519,49,,,Unverified Horse,0,0,14,,1,1,11,2020-09-03 07:41:45
520,49,,20192100.0,,0,0,15,,1,1,11,2020-09-03 07:41:45
521,49,,20181438.0,,0,0,16,,1,1,11,2020-09-03 07:41:45
522,49,,,Unverified Horse,0,0,17,,1,1,11,2020-09-03 07:41:45
523,49,,20172553.0,,0,0,18,,1,1,11,2020-09-03 07:41:45
524,49,,20190439.0,,0,0,19,,1,1,11,2020-09-03 07:41:45
525,49,,20191441.0,,0,0,20,,1,1,11,2020-09-03 07:41:46
526,49,,20190919.0,,0,0,21,,1,1,11,2020-09-03 07:41:46
527,49,,20190353.0,,0,0,22,,1,1,11,2020-09-03 07:41:46
528,49,,,Unverified Horse,0,0,23,,1,1,11,2020-09-03 07:41:46
529,49,,,Unverified Horse,0,0,24,,1,1,11,2020-09-03 07:41:46
530,49,,20182682.0,,0,0,25,,1,1,11,2020-09-03 07:41:46
531,49,,20180633.0,,0,0,26,,1,1,11,2020-09-03 07:41:46
532,49,,20160399.0,,0,0,27,,1,1,11,2020-09-03 07:41:46
533,49,,20192004.0,,0,0,28,,1,1,11,2020-09-03 07:41:46
534,49,,20203144.0,,0,0,29,,1,1,11,2020-09-03 07:41:47
535,49,,20201766.0,,0,0,30,,1,1,11,2020-09-03 07:41:47
538,50,,20170615.0,,0,0,1,,1,1,11,2020-09-03 07:52:50
539,50,,20200587.0,,0,0,2,,1,1,11,2020-09-03 07:52:51
540,50,,20192655.0,,0,0,3,,1,1,11,2020-09-03 07:52:51
541,50,,20180653.0,,0,0,4,,1,1,11,2020-09-03 07:52:51
542,50,,20180037.0,,0,0,5,,1,1,11,2020-09-03 07:52:51
543,50,,20180577.0,,0,0,6,,1,1,11,2020-09-03 07:52:51
544,50,,20180764.0,,0,0,7,,1,1,11,2020-09-03 07:52:51
545,50,,20181807.0,,0,0,8,,1,1,11,2020-09-03 07:52:51
546,50,,20200941.0,,0,0,9,,1,1,11,2020-09-03 07:52:51
547,50,,20201231.0,,0,0,10,,1,1,11,2020-09-03 07:52:51
568,51,,20180395.0,,0,0,1,,1,1,11,2020-09-03 08:07:36
569,51,,,,0,0,2,,0,1,11,2020-09-03 08:07:36
570,51,,20171612.0,,0,0,3,,1,1,11,2020-09-03 08:07:36
571,51,,,Unverified Horse,0,0,4,,1,1,11,2020-09-03 08:07:36
572,51,,20133856.0,,0,0,5,,1,1,11,2020-09-03 08:07:36
573,51,,20170140.0,,0,0,6,,1,1,11,2020-09-03 08:07:36
574,51,,20172806.0,,0,0,7,,1,1,11,2020-09-03 08:07:37
575,51,,20181721.0,,0,0,8,,1,1,11,2020-09-03 08:07:37
576,52,,,,0,0,1,,0,1,11,2020-09-04 07:18:30
577,52,,20191941.0,,0,0,2,,1,1,11,2020-09-04 07:18:30
578,52,,20172664.0,,0,0,3,,1,1,11,2020-09-04 07:18:30
579,52,,,,0,0,4,,0,1,11,2020-09-04 07:18:30
580,52,,,,0,0,5,,0,1,11,2020-09-04 07:18:30
581,52,,,Unverified Horse,0,0,6,,1,1,11,2020-09-04 07:18:30
582,52,,20191996.0,,0,0,7,,1,1,11,2020-09-04 07:18:30
583,52,,,Unverified Horse,0,0,8,,1,1,11,2020-09-04 07:18:30
584,52,,,Unverified Horse,0,0,9,,1,1,11,2020-09-04 07:18:30
585,52,,,,0,0,10,,0,1,11,2020-09-04 07:18:30
586,52,,,Unverified Horse,0,0,11,,1,1,11,2020-09-04 07:18:31
587,52,,99990604.0,,0,0,12,,1,1,11,2020-09-04 07:18:31
588,53,,20152188.0,,0,0,1,,1,1,11,2020-09-04 07:23:34
589,53,,,Unverified Horse,0,0,2,,1,1,11,2020-09-04 07:23:34
590,53,,,Unverified Horse,0,0,3,,1,1,11,2020-09-04 07:23:34
591,53,,,Unverified Horse,0,0,4,,1,1,11,2020-09-04 07:23:34
592,53,,20180244.0,,0,0,5,,1,1,11,2020-09-04 07:23:34
593,53,,,Unverified Horse,0,0,6,,1,1,11,2020-09-04 07:23:34
594,53,,20190262.0,,0,0,7,,1,1,11,2020-09-04 07:23:34
595,53,,20171334.0,,0,0,8,,1,1,11,2020-09-04 07:23:34
596,53,,,Unverified Horse,0,0,9,,1,1,11,2020-09-04 07:23:34
608,54,,,Unverified Horse,0,0,1,,1,1,11,2020-09-04 07:27:24
609,54,,,Unverified Horse,0,0,2,,1,1,11,2020-09-04 07:27:24
610,54,,20191956.0,,0,0,3,,1,1,11,2020-09-04 07:27:24
611,54,,20171536.0,,0,0,4,,1,1,11,2020-09-04 07:27:24
612,54,,,Unverified Horse,0,0,5,,1,1,11,2020-09-04 07:27:24
613,54,,20193036.0,,0,0,6,,1,1,11,2020-09-04 07:27:24
614,54,,20193076.0,,0,0,7,,1,1,11,2020-09-04 07:27:24
615,54,,20192059.0,,0,0,8,,1,1,11,2020-09-04 07:27:25
616,54,,,Unverified Horse,0,0,9,,1,1,11,2020-09-04 07:27:25
617,54,,,,0,0,10,,0,1,11,2020-09-04 07:27:25
618,54,,,,0,0,11,,0,1,11,2020-09-04 07:27:25
619,54,,,,0,0,12,,0,1,11,2020-09-04 07:27:25
620,54,,20190368.0,,0,0,13,,1,1,11,2020-09-04 07:27:25
621,54,,20191507.0,,0,0,14,,1,1,11,2020-09-04 07:27:25
622,54,,,Unverified Horse,0,0,15,,1,1,11,2020-09-04 07:27:25
623,54,,,Unverified Horse,0,0,16,,1,1,11,2020-09-04 07:27:25
628,55,,,Feed,0,0,1,,1,1,11,2020-09-04 07:31:43
629,55,,,Unverified Horse,0,0,2,,1,1,11,2020-09-04 07:31:43
630,55,,20200183.0,,0,0,3,,1,1,11,2020-09-04 07:31:43
631,55,,20202243.0,,0,0,4,,1,1,11,2020-09-04 07:31:43
632,55,,20171096.0,,0,0,5,,1,1,11,2020-09-04 07:31:43
633,55,,,Unverified Horse,0,0,6,,1,1,11,2020-09-04 07:31:43
634,55,,,Unverified Horse,0,0,7,,1,1,11,2020-09-04 07:31:43
635,55,,20200118.0,,0,0,8,,1,1,11,2020-09-04 07:31:43
636,55,,20200138.0,,0,0,9,,1,1,11,2020-09-04 07:31:43
637,55,,20183038.0,,0,0,10,,1,1,11,2020-09-04 07:31:44
638,55,,20190095.0,,0,0,11,,1,1,11,2020-09-04 07:31:44
639,55,,,Unverified Horse,0,0,12,,1,1,11,2020-09-04 07:31:44
640,55,,,Unverified Horse,0,0,13,,1,1,11,2020-09-04 07:31:44
641,55,,20192680.0,,0,0,14,,1,1,11,2020-09-04 07:31:44
642,55,,20200729.0,,0,0,15,,1,1,11,2020-09-04 07:31:44
643,55,,,,0,0,16,,0,1,11,2020-09-04 07:31:44
644,55,,20181963.0,,0,0,17,,1,1,11,2020-09-04 07:31:44
645,55,,20162151.0,,0,0,18,,1,1,11,2020-09-04 07:31:44
646,55,,20180926.0,,0,0,19,,1,1,11,2020-09-04 07:31:44
647,55,,20180173.0,,0,0,20,,1,1,11,2020-09-04 07:31:44
648,55,,,Unverified Horse,0,0,21,,1,1,11,2020-09-04 07:31:44
649,55,,20200163.0,,0,0,22,,1,1,11,2020-09-04 07:31:44
650,55,,,Unverified Horse,0,0,23,,1,1,11,2020-09-04 07:31:44
651,55,,20190126.0,,0,0,24,,1,1,11,2020-09-04 07:31:45
652,55,,,Unverified Horse,0,0,25,,1,1,11,2020-09-04 07:31:45
653,55,,,Unverified Horse,0,0,26,,1,1,11,2020-09-04 07:31:45
654,55,,20180173.0,,0,0,27,,1,1,11,2020-09-04 07:31:45
655,55,,,Unverified Horse,0,0,28,,1,1,11,2020-09-04 07:31:45
656,55,,20182546.0,,0,0,29,,1,1,11,2020-09-04 07:31:45
657,55,,20193218.0,,0,0,30,,1,1,11,2020-09-04 07:31:45
658,55,,20180113.0,,0,0,32,,1,1,11,2020-09-04 07:31:45
659,55,,,Unverified Horse,0,0,33,,1,1,11,2020-09-04 07:31:45
660,55,,20201584.0,,0,0,34,,1,1,11,2020-09-04 07:31:45
661,55,,20202334.0,,0,0,35,,1,1,11,2020-09-04 07:31:45
662,55,,20203311.0,,0,0,36,,1,1,11,2020-09-04 07:31:46
663,55,,20180017.0,,0,0,37,,1,1,11,2020-09-04 07:31:46
664,55,,20200214.0,,0,0,38,,1,1,11,2020-09-04 07:31:46
665,55,,,Unverified Horse,0,0,39,,1,1,11,2020-09-04 07:31:46
666,55,,,Unverified Horse,0,0,40,,1,1,11,2020-09-04 07:31:46
667,55,,,Unverified Horse,0,0,41,,1,1,11,2020-09-04 07:31:46
668,55,,20182708.0,,0,0,42,,1,1,11,2020-09-04 07:42:00
669,55,,20200825.0,,0,0,43,,1,1,11,2020-09-04 07:42:00
670,55,,20203028.0,,0,0,44,,1,1,11,2020-09-04 07:42:00
671,55,,20180259.0,,0,0,45,,1,1,11,2020-09-04 07:42:00
672,55,,20180219.0,,0,0,46,,1,1,11,2020-09-04 07:42:01
673,55,,20171783.0,,0,0,47,,1,1,11,2020-09-04 07:42:01
674,55,,20200870.0,,0,0,48,,1,1,11,2020-09-04 07:42:01
675,55,,20200623.0,,0,0,49,,1,1,11,2020-09-04 07:42:01
676,56,,,Unverified Horse,0,0,1,,1,1,11,2020-09-04 07:56:18
677,56,,20162308.0,,0,0,2,,1,1,11,2020-09-04 07:56:18
678,56,,,Unverified Horse,0,0,3,,1,1,11,2020-09-04 07:56:18
679,56,,,Unverified Horse,0,0,4,,1,1,11,2020-09-04 07:56:18
680,56,,,Saw Dust,0,0,5,,1,1,11,2020-09-04 07:56:18
681,56,,20172866.0,,0,0,6,,1,1,11,2020-09-04 07:56:19
682,56,,,,0,0,7,,0,1,11,2020-09-04 07:56:19
683,56,,20180193.0,,0,0,8,,1,1,11,2020-09-04 07:56:19
684,56,,,Unverified Horse,0,0,9,,1,1,11,2020-09-04 07:56:19
685,56,,20143576.0,,0,0,10,,1,1,11,2020-09-04 07:56:19
686,56,,,Unverified Horse,0,0,11,,1,1,11,2020-09-04 07:56:19
687,56,,20172437.0,,0,0,12,,1,1,11,2020-09-04 07:56:19
688,56,,,Unverified Horse,0,0,13,,1,1,11,2020-09-04 07:56:19
689,56,,,,0,0,14,,0,1,11,2020-09-04 07:56:19
690,56,,20180582.0,,0,0,15,,1,1,11,2020-09-04 07:56:19
691,56,,,Unverified Horse,0,0,16,,1,1,11,2020-09-04 07:56:19
692,56,,,,0,0,17,,0,1,11,2020-09-04 07:56:19
693,56,,,,0,0,18,,0,1,11,2020-09-04 07:56:20
694,57,,20170822.0,,0,0,1,,1,1,11,2020-09-04 08:00:47
695,57,,20180037.0,,0,0,2,,1,1,11,2020-09-04 08:00:47
696,57,,20181443.0,,0,0,3,,1,1,11,2020-09-04 08:00:47
697,57,,,,0,0,4,,0,1,11,2020-09-04 08:00:47
698,57,,,Equipment,0,0,5,,1,1,11,2020-09-04 08:00:47
699,58,,,,0,0,1,,0,1,11,2020-09-04 08:01:45
700,58,,,Dormitory,0,0,2,,1,1,11,2020-09-04 08:01:45
701,58,,20120019.0,,0,0,3,,1,1,11,2020-09-04 08:01:45
702,58,,,Unverified Horse,0,0,4,,1,1,11,2020-09-04 08:01:45
703,58,,,Unverified Horse,0,0,5,,1,1,11,2020-09-04 08:01:45
704,59,,,,0,0,1,,0,1,11,2020-09-04 08:03:52
705,59,,,,0,0,2,,0,1,11,2020-09-04 08:03:53
706,59,,,,0,0,3,,0,1,11,2020-09-04 08:03:53
707,59,,,Unverified Horse,0,0,4,,1,1,11,2020-09-04 08:03:53
708,59,,20190686.0,,0,0,5,,1,1,11,2020-09-04 08:03:53
709,59,,20190848.0,,0,0,6,,1,1,11,2020-09-04 08:03:53
710,59,,20200269.0,,0,0,7,,1,1,11,2020-09-04 08:03:53
711,59,,20171501.0,,0,0,8,,1,1,11,2020-09-04 08:03:53
712,60,,20150371.0,,0,0,1,,1,1,11,2020-09-04 08:09:51
713,60,,,Unverified Horse,0,0,2,,1,1,11,2020-09-04 08:09:51
714,60,,,Unverified Horse,0,0,3,,1,1,11,2020-09-04 08:09:51
715,60,,,Unverified Horse,0,0,4,,1,1,11,2020-09-04 08:09:51
716,60,,,,0,0,5,,0,1,11,2020-09-04 08:09:51
717,60,,20190282.0,,0,0,6,,1,1,11,2020-09-04 08:09:51
718,62,,20181776.0,,0,0,1,,1,1,11,2020-09-04 08:15:50
719,62,,20180057.0,,0,0,2,,1,1,11,2020-09-04 08:15:50
720,62,,,Unverified Horse,0,0,3,,1,1,11,2020-09-04 08:15:50
721,62,,20160839.0,,0,0,4,,1,1,11,2020-09-04 08:15:51
722,63,,,Unverified Horse,0,0,1,,1,1,11,2020-09-04 08:16:50
723,63,,,Unverified Horse,0,0,2,,1,1,11,2020-09-04 08:16:50
724,63,,,Unverified Horse,0,0,3,,1,1,11,2020-09-04 08:16:51
725,61,,,,0,0,1,,0,1,11,2020-09-04 08:22:38
726,61,,20180320.0,,0,0,2,,1,1,11,2020-09-04 08:22:38
727,61,,20180517.0,,0,0,3,,1,1,11,2020-09-04 08:22:38
728,61,,,,0,0,4,,0,1,11,2020-09-04 08:22:38
733,64,,,Unverified Horse,0,0,1,,1,1,11,2020-09-09 07:38:09
734,64,,20182495.0,,0,0,2,,1,1,11,2020-09-09 07:38:09
735,64,,20192857.0,,0,0,3,,1,1,11,2020-09-09 07:38:09
736,64,,20202349.0,,0,0,4,,1,1,11,2020-09-09 07:38:10
737,64,,20202329.0,,0,0,5,,1,1,11,2020-09-09 07:38:10
738,64,,,Unverified Horse,0,0,6,,1,1,11,2020-09-09 07:38:10
739,64,,,Unverified Horse,0,0,7,,1,1,11,2020-09-09 07:38:10
740,64,,,Unverified Horse,0,0,8,,1,1,11,2020-09-09 07:38:10
741,64,,,Unverified Horse,0,0,9,,1,1,11,2020-09-09 07:38:10
742,64,,20153034.0,,0,0,10,,1,1,11,2020-09-09 07:38:10
743,64,,20172871.0,,0,0,11,,1,1,11,2020-09-09 07:38:10
744,64,,20190388.0,,0,0,12,,1,1,11,2020-09-09 07:38:10
745,64,,,Unverified Horse,0,0,13,,1,1,11,2020-09-09 07:38:10
746,64,,20150699.0,,0,0,14,,1,1,11,2020-09-09 07:38:10
747,64,,20202718.0,,0,0,15,,1,1,11,2020-09-09 07:38:10
748,64,,,,0,0,16,,0,1,11,2020-09-09 07:38:10
749,64,,20192620.0,,0,0,17,,1,1,11,2020-09-09 07:38:10
750,64,,,Unverified Horse,0,0,18,,1,1,11,2020-09-09 07:38:10
751,64,,,,0,0,19,,0,1,11,2020-09-09 07:38:10
752,64,,,,0,0,20,,0,1,11,2020-09-09 07:38:10
757,65,,,,0,0,1,,0,1,11,2020-09-09 07:43:43
758,65,,20171834.0,,0,0,2,,1,1,11,2020-09-09 07:43:44
759,65,,20160304.0,,0,0,3,,1,1,11,2020-09-09 07:43:44
760,65,,20152108.0,,0,0,4,,1,1,11,2020-09-09 07:43:44
761,65,,20182788.0,,0,0,5,,1,1,11,2020-09-09 07:43:44
762,65,,20152951.0,,0,0,6,,1,1,11,2020-09-09 07:43:44
763,65,,20171056.0,,0,0,7,,1,1,11,2020-09-09 07:43:44
764,66,,20181781.0,,0,0,1,,1,1,11,2020-09-09 07:55:39
765,66,,20150457.0,,0,0,2,,1,1,11,2020-09-09 07:55:39
766,66,,20203391.0,,0,0,3,,1,1,11,2020-09-09 07:55:39
767,66,,99990637.0,,0,0,4,,1,1,11,2020-09-09 07:55:39
768,66,,20190277.0,,0,0,5,,1,1,11,2020-09-09 07:55:39
769,66,,99990224.0,,0,0,6,,1,1,11,2020-09-09 07:55:39
770,66,,20181054.0,,0,0,7,,1,1,11,2020-09-09 07:55:39
771,66,,20190060.0,,0,0,8,,1,1,11,2020-09-09 07:55:39
772,66,,20181741.0,,0,0,9,,1,1,11,2020-09-09 07:55:40
773,66,,20181069.0,,0,0,10,,1,1,11,2020-09-09 07:55:40
774,66,,20192933.0,,0,0,11,,1,1,11,2020-09-09 07:55:40
775,66,,20190166.0,,0,0,12,,1,1,11,2020-09-09 07:55:40
776,66,,20190873.0,,0,0,13,,1,1,11,2020-09-09 07:55:40
777,66,,20201655.0,,0,0,14,,1,1,11,2020-09-09 07:55:40
778,66,,20181261.0,,0,0,15,,1,1,11,2020-09-09 07:55:40
779,66,,20191198.0,,0,0,16,,1,1,11,2020-09-09 07:55:40
780,66,,,,0,0,17,,0,1,11,2020-09-09 07:55:40
781,66,,20201771.0,,0,0,18,,1,1,11,2020-09-09 07:55:40
783,66,,20191254.0,,0,0,20,,1,1,11,2020-09-09 07:55:40
784,66,,20181594.0,,0,0,21,,1,1,11,2020-09-09 07:55:41
785,66,,20190595.0,,0,0,22,,1,1,11,2020-09-09 07:55:41
786,66,,20192600.0,,0,0,23,,1,1,11,2020-09-09 07:55:41
787,66,,20201433.0,,0,0,24,,1,1,11,2020-09-09 07:55:41
800,67,,20203331.0,,0,0,1,,1,1,11,2020-09-09 08:02:42
801,67,,,Dormitory,0,0,2,,1,1,11,2020-09-09 08:02:42
802,67,,,Saw Dust,0,0,3,,1,1,11,2020-09-09 08:02:42
803,67,,20191683.0,,0,0,4,,1,1,11,2020-09-09 08:02:42
804,67,,20182879.0,,0,0,5,,1,1,11,2020-09-09 08:02:42
805,67,,20182859.0,,0,0,6,,1,1,11,2020-09-09 08:02:42
806,67,,20192817.0,,0,0,7,,1,1,11,2020-09-09 08:02:42
807,67,,20190924.0,,0,0,8,,1,1,11,2020-09-09 08:02:43
808,67,,,,0,0,9,,0,1,11,2020-09-09 08:02:43
809,67,,20200698.0,,0,0,10,,1,1,11,2020-09-09 08:02:43
810,67,,20203371.0,,0,0,11,,1,1,11,2020-09-09 08:02:43
811,67,,99990632.0,,0,0,12,,1,1,11,2020-09-09 08:02:43
812,67,,20172831.0,,0,0,13,,1,1,11,2020-09-09 08:02:43
813,67,,20191274.0,,0,0,14,,1,1,11,2020-09-09 08:02:43
814,67,,20192286.0,,0,0,15,,1,1,11,2020-09-09 08:02:43
815,67,,,Unverified Horse,0,0,16,,1,1,11,2020-09-09 08:02:43
816,67,,,,0,0,17,,0,1,11,2020-09-09 08:02:43
817,67,,20200567.0,,0,0,18,,1,1,11,2020-09-09 08:02:43
818,67,,20203048.0,,0,0,19,,1,1,11,2020-09-09 08:02:43
819,67,,20142600.0,,0,0,20,,1,1,11,2020-09-09 08:02:43
820,67,,,Unverified Horse,0,0,21,,1,1,11,2020-09-09 08:02:43
821,67,,,,0,0,22,,0,1,11,2020-09-09 08:02:43
822,67,,,,0,0,23,,0,1,11,2020-09-09 08:02:44
823,67,,,,0,0,24,,0,1,11,2020-09-09 08:02:44
824,68,,,Dormitory,0,0,1,,1,1,11,2020-09-09 08:06:55
825,68,,20172851.0,,0,0,2,,1,1,11,2020-09-09 08:06:55
826,68,,20191658.0,,0,0,3,,1,1,11,2020-09-09 08:06:55
827,68,,,Unverified Horse,0,0,4,,1,1,11,2020-09-09 08:06:55
828,68,,,,0,0,5,,0,1,11,2020-09-09 08:06:56
829,68,,,,0,0,6,,0,1,11,2020-09-09 08:06:56
830,68,,,,0,0,7,,0,1,11,2020-09-09 08:06:56
831,68,,20192039.0,,0,0,8,,1,1,11,2020-09-09 08:06:56
832,68,,,Saw Dust,0,0,9,,1,1,11,2020-09-09 08:06:56
833,68,,20192726.0,,0,0,10,,1,1,11,2020-09-09 08:06:56
834,68,,20192251.0,,0,0,11,,1,1,11,2020-09-09 08:06:56
835,68,,20192468.0,,0,0,12,,1,1,11,2020-09-09 08:06:56
836,68,,,Unverified Horse,0,0,13,,1,1,11,2020-09-09 08:06:56
837,68,,99990531.0,,0,0,14,,1,1,11,2020-09-09 08:06:56
838,68,,20203068.0,,0,0,15,,1,1,11,2020-09-09 08:06:57
839,68,,,,0,0,16,,0,1,11,2020-09-09 08:06:57
840,68,,,Unverified Horse,0,0,17,,1,1,11,2020-09-09 08:06:57
841,68,,,Unverified Horse,0,0,18,,1,1,11,2020-09-09 08:06:57
842,68,,,Unverified Horse,0,0,19,,1,1,11,2020-09-09 08:06:57
843,68,,20172179.0,,0,0,20,,1,1,11,2020-09-09 08:06:57
844,68,,,,0,0,21,,0,1,11,2020-09-09 08:06:57
845,68,,,,0,0,22,,0,1,11,2020-09-09 08:06:57
846,68,,,,0,0,23,,0,1,11,2020-09-09 08:06:58
847,68,,,,0,0,24,,0,1,11,2020-09-09 08:06:58
848,69,,,,0,0,1,,0,1,11,2020-09-09 08:12:08
849,69,,,Unverified Horse,0,0,2,,1,1,11,2020-09-09 08:12:09
850,69,,,Unverified Horse,0,0,3,,1,1,11,2020-09-09 08:12:09
851,69,,,Unverified Horse,0,0,4,,1,1,11,2020-09-09 08:12:09
852,69,,20142615.0,,0,0,5,,1,1,11,2020-09-09 08:12:09
853,69,,,Unverified Horse,0,0,6,,1,1,11,2020-09-09 08:12:09
854,69,,20182304.0,,0,0,7,,1,1,11,2020-09-09 08:12:09
855,69,,20163138.0,,0,0,8,,1,1,11,2020-09-09 08:12:09
856,69,,,Unverified Horse,0,0,9,,1,1,11,2020-09-09 08:12:09
857,69,,20170302.0,,0,0,10,,1,1,11,2020-09-09 08:12:09
858,69,,20191678.0,,0,0,11,,1,1,11,2020-09-09 08:12:09
859,69,,,,0,0,12,,0,1,11,2020-09-09 08:12:10
860,69,,,,0,0,13,,0,1,11,2020-09-09 08:12:10
861,69,,,Unverified Horse,0,0,14,,1,1,11,2020-09-09 08:12:10
862,69,,,Unverified Horse,0,0,15,,1,1,11,2020-09-09 08:12:10
863,69,,20162444.0,,0,0,16,,1,1,11,2020-09-09 08:12:10
864,69,,,,0,0,17,,0,1,11,2020-09-09 08:12:10
865,69,,20160975.0,,0,0,18,,1,1,11,2020-09-09 08:12:10
866,69,,,,0,0,19,,0,1,11,2020-09-09 08:12:10
867,69,,20192695.0,,0,0,20,,1,1,11,2020-09-09 08:12:10
868,69,,,Unverified Horse,0,0,21,,1,1,11,2020-09-09 08:12:10
869,69,,20191890.0,,0,0,22,,1,1,11,2020-09-09 08:12:11
870,69,,,,0,0,23,,0,1,11,2020-09-09 08:12:11
871,69,,,,0,0,24,,0,1,11,2020-09-09 08:12:11
872,69,,20190131.0,,0,0,25,,1,1,11,2020-09-09 08:12:11
873,69,,,,0,0,26,,0,1,11,2020-09-09 08:12:11
874,69,,,,0,0,27,,0,1,11,2020-09-09 08:12:11
875,69,,,,0,0,28,,0,1,11,2020-09-09 08:12:11
876,69,,,,0,0,29,,0,1,11,2020-09-09 08:12:11
877,69,,20131392.0,,0,0,30,,1,1,11,2020-09-09 08:12:11
878,69,,,Unverified Horse,0,0,31,,1,1,11,2020-09-09 08:12:11
879,69,,,,0,0,32,,0,1,11,2020-09-09 08:12:12
880,69,,,,0,0,33,,0,1,11,2020-09-09 08:12:12
881,69,,20172528.0,,0,0,34,,1,1,11,2020-09-09 08:12:12
882,69,,,Unverified Horse,0,0,35,,1,1,11,2020-09-09 08:12:12
883,69,,,,0,0,36,,0,1,11,2020-09-09 08:12:12
884,70,,20182213.0,,0,0,1,,1,1,11,2020-09-11 07:17:59
885,70,,20173045.0,,0,0,2,,1,1,11,2020-09-11 07:17:59
886,70,,,,0,0,3,,0,1,11,2020-09-11 07:18:00
887,70,,,Unverified Horse,0,0,4,,1,1,11,2020-09-11 07:18:00
888,70,,,,0,0,5,,0,1,11,2020-09-11 07:18:00
889,70,,,,0,0,6,,0,1,11,2020-09-11 07:18:00
890,70,,,,0,0,7,,0,1,11,2020-09-11 07:18:00
899,71,,,,0,0,1,,0,1,11,2020-09-11 07:24:43
900,71,,20191825.0,,0,0,2,,1,1,11,2020-09-11 07:24:43
901,71,,20181872.0,,0,0,3,,1,1,11,2020-09-11 07:24:43
902,71,,20180486.0,,0,0,4,,1,1,11,2020-09-11 07:24:43
903,71,,20193016.0,,0,0,5,,1,1,11,2020-09-11 07:24:43
904,71,,20180835.0,,0,0,6,,1,1,11,2020-09-11 07:24:43
905,72,,20122664.0,,0,0,1,,1,1,11,2020-09-11 07:31:39
906,72,,,,0,0,2,,0,1,11,2020-09-11 07:31:39
907,72,,20192211.0,,0,0,3,,1,1,11,2020-09-11 07:31:39
908,72,,,,0,0,4,,0,1,11,2020-09-11 07:31:39
909,72,,,,0,0,5,,0,1,11,2020-09-11 07:31:39
910,72,,,,0,0,6,,0,1,11,2020-09-11 07:31:39
912,74,,20192064.0,,0,0,1,,1,1,11,2020-09-11 07:36:55
913,74,,99990528.0,,0,0,2,,1,1,11,2020-09-11 07:36:55
914,74,,20191143.0,,0,0,3,,1,1,11,2020-09-11 07:36:56
915,74,,,,0,0,4,,0,1,11,2020-09-11 07:36:56
916,74,,,Equipment,0,0,5,,1,1,11,2020-09-11 07:36:56
917,73,,,Unverified Horse,0,0,1,,1,1,11,2020-09-11 07:38:01
918,73,,99990311.0,,0,0,2,,1,1,11,2020-09-11 07:38:01
919,73,,20192237.0,,0,0,3,,1,1,11,2020-09-11 07:38:01
920,73,,,Unverified Horse,0,0,4,,1,1,11,2020-09-11 07:38:01
921,73,,,,0,0,5,,0,1,11,2020-09-11 07:38:01
922,73,,,,0,0,6,,0,1,11,2020-09-11 07:38:01
923,73,,,,0,0,7,,0,1,11,2020-09-11 07:38:01
924,73,,99990307.0,,0,0,8,,1,1,11,2020-09-11 07:38:01
925,73,,20190691.0,,0,0,9,,1,1,11,2020-09-11 07:38:01
926,73,,20192731.0,,0,0,10,,1,1,11,2020-09-11 07:38:01
927,73,,,,0,0,11,,0,1,11,2020-09-11 07:38:01
928,73,,,,0,0,12,,0,1,11,2020-09-11 07:38:02
934,75,,,,0,0,1,,0,1,11,2020-09-11 07:40:59
935,75,,,,0,0,2,,0,1,11,2020-09-11 07:40:59
936,75,,20161361.0,,0,0,3,,1,1,11,2020-09-11 07:40:59
937,75,,,Unverified Horse,0,0,4,,1,1,11,2020-09-11 07:40:59
938,75,,,,0,0,5,,0,1,11,2020-09-11 07:40:59
939,75,,,,0,0,6,,0,1,11,2020-09-11 07:40:59
940,76,,,Unverified Horse,0,0,1,,1,1,11,2020-09-11 07:45:25
941,76,,,Unverified Horse,0,0,2,,1,1,11,2020-09-11 07:45:25
942,76,,,,0,0,3,,0,1,11,2020-09-11 07:45:25
943,76,,,,0,0,4,,0,1,11,2020-09-11 07:45:25
944,76,,,,0,0,5,,0,1,11,2020-09-11 07:45:25
945,76,,,,0,0,6,,0,1,11,2020-09-11 07:45:25
946,76,,20171334.0,,0,0,7,,1,1,11,2020-09-11 07:45:25
947,77,,20171278.0,,0,0,1,,1,1,11,2020-09-11 07:46:50
948,77,,,Unverified Horse,0,0,2,,1,1,11,2020-09-11 07:46:50
949,77,,,Unverified Horse,0,0,3,,1,1,11,2020-09-11 07:46:50
950,77,,,,0,0,4,,0,1,11,2020-09-11 07:46:50
951,77,,20201337.0,,0,0,5,,1,1,11,2020-09-11 07:46:50
952,77,,,,0,0,6,,0,1,11,2020-09-11 07:46:51
953,77,,,Unverified Horse,0,0,7,,1,1,11,2020-09-11 07:46:51
954,78,,20143516.0,,0,0,1,,1,1,11,2020-09-11 07:49:17
955,78,,20162242.0,,0,0,2,,1,1,11,2020-09-11 07:49:17
956,78,,20182182.0,,0,0,3,,1,1,11,2020-09-11 07:49:17
957,78,,20170231.0,,0,0,4,,1,1,11,2020-09-11 07:49:18
958,78,,20193096.0,,0,0,5,,1,1,11,2020-09-11 07:49:18
959,78,,20192266.0,,0,0,6,,1,1,11,2020-09-11 07:49:18
960,78,,20160662.0,,0,0,7,,1,1,11,2020-09-11 07:49:18
961,78,,20152991.0,,0,0,8,,1,1,11,2020-09-11 07:49:18
962,78,,20191547.0,,0,0,9,,1,1,11,2020-09-11 07:49:18
963,78,,,Unverified Horse,0,0,10,,1,1,11,2020-09-11 07:49:18
965,80,,,Unverified Horse,0,0,1,,1,1,11,2020-09-11 08:06:57
966,80,,20181352.0,,0,0,2,,1,1,11,2020-09-11 08:06:58
968,80,,20192362.0,,0,0,4,,1,1,11,2020-09-11 08:06:58
969,80,,20171723.0,,0,0,5,,1,1,11,2020-09-11 08:06:58
970,80,,20192599.0,,0,0,6,,1,1,11,2020-09-11 08:06:58
971,80,,20181605.0,,0,0,7,,1,1,11,2020-09-11 08:06:58
972,80,,,,0,0,8,,0,1,11,2020-09-11 08:06:58
973,80,,20192579.0,,0,0,9,,1,1,11,2020-09-11 08:06:58
974,80,,,Unverified Horse,0,0,10,,1,1,11,2020-09-11 08:06:58
975,80,,,Unverified Horse,0,0,11,,1,1,11,2020-09-11 08:06:58
976,80,,20181458.0,,0,0,12,,1,1,11,2020-09-11 08:06:58
977,80,,20181625.0,,0,0,13,,1,1,11,2020-09-11 08:06:58
978,80,,,Unverified Horse,0,0,14,,1,1,11,2020-09-11 08:06:58
979,80,,20171834.0,,0,0,15,,1,1,11,2020-09-11 08:06:58
980,80,,99990452.0,,0,0,16,,1,1,11,2020-09-11 08:06:58
981,80,,,Unverified Horse,0,0,17,,1,1,11,2020-09-11 08:06:58
982,80,,20181418.0,,0,0,18,,1,1,11,2020-09-11 08:06:59
983,80,,,Unverified Horse,0,0,19,,1,1,11,2020-09-11 08:06:59
984,80,,20181372.0,,0,0,20,,1,1,11,2020-09-11 08:06:59
985,80,,20202647.0,,0,0,21,,1,1,11,2020-09-11 08:06:59
986,80,,,Unverified Horse,0,0,22,,1,1,11,2020-09-11 08:06:59
987,80,,,Dormitory,0,0,23,,1,1,11,2020-09-11 08:06:59
988,80,,,Unverified Horse,0,0,24,,1,1,11,2020-09-11 08:06:59
989,80,,,,0,0,25,,0,1,11,2020-09-11 08:06:59
990,80,,,,0,0,26,,0,1,11,2020-09-11 08:06:59
991,80,,,,0,0,27,,0,1,11,2020-09-11 08:06:59
992,80,,20151454.0,,0,0,28,,1,1,11,2020-09-11 08:06:59
993,80,,20172871.0,,0,0,29,,1,1,11,2020-09-11 08:06:59
994,80,,20140459.0,,0,0,30,,1,1,11,2020-09-11 08:06:59
995,80,,,Dormitory,0,0,31,,1,1,11,2020-09-11 08:06:59
996,81,,20171687.0,,0,0,1,,1,1,11,2020-09-11 08:07:19
997,81,,20182955.0,,0,0,2,,1,1,11,2020-09-11 08:07:19
998,81,,20181094.0,,0,0,3,,1,1,11,2020-09-11 08:07:19
999,81,,,,0,0,4,,0,1,11,2020-09-11 08:07:19
1000,81,,20151378.0,,0,0,5,,1,1,11,2020-09-11 08:07:19
1001,81,,20181367.0,,0,0,6,,1,1,11,2020-09-11 08:07:19
1002,81,,,Unverified Horse,0,0,7,,1,1,11,2020-09-11 08:07:19
1003,81,,20160137.0,,0,0,8,,1,1,11,2020-09-11 08:07:19
1004,81,,,Dormitory,0,0,9,,1,1,11,2020-09-11 08:07:19
1005,82,,,,0,0,1,,0,1,11,2020-09-17 06:47:38
1006,82,,20192079.0,,0,0,2,,1,1,11,2020-09-17 06:47:38
1007,82,,20202703.0,,0,0,3,,1,1,11,2020-09-17 06:47:38
1008,82,,20142493.0,,0,0,4,,1,1,11,2020-09-17 06:47:38
1009,82,,,Unverified Horse,0,0,5,,1,1,11,2020-09-17 06:47:38
1010,82,,,,0,0,6,,0,1,11,2020-09-17 06:47:38
1011,82,,,,0,0,7,,0,1,11,2020-09-17 06:47:38
1012,82,,,,0,0,8,,0,1,11,2020-09-17 06:47:38
1013,82,,,,0,0,9,,0,1,11,2020-09-17 06:47:38
1015,82,,,,0,0,11,,0,1,11,2020-09-17 06:47:39
1016,82,,20180724.0,,0,0,12,,1,1,11,2020-09-17 06:47:39
1017,82,,,,0,0,13,,0,1,11,2020-09-17 06:47:39
1018,83,,,,0,0,1,,0,1,11,2020-09-17 06:50:08
1019,83,,,,0,0,2,,0,1,11,2020-09-17 06:50:08
1020,83,,,,0,0,3,,0,1,11,2020-09-17 06:50:08
1021,83,,,,0,0,4,,0,1,11,2020-09-17 06:50:08
1022,83,,,,0,0,5,,0,1,11,2020-09-17 06:50:08
1023,83,,20181387.0,,0,0,6,,1,1,11,2020-09-17 06:50:08
1024,83,,,Unverified Horse,0,0,7,,1,1,11,2020-09-17 06:50:08
1025,83,,20192160.0,,0,0,8,,1,1,11,2020-09-17 06:50:08
1026,83,,20160293.0,,0,0,9,,1,1,11,2020-09-17 06:50:08
1027,83,,,,0,0,10,,0,1,11,2020-09-17 06:50:08
1028,84,,,,0,0,1,,0,1,11,2020-09-17 06:53:00
1029,84,,20152173.0,,0,0,2,,1,1,11,2020-09-17 06:53:00
1030,84,,,,0,0,3,,0,1,11,2020-09-17 06:53:01
1031,84,,20171950.0,,0,0,4,,1,1,11,2020-09-17 06:53:01
1032,84,,,Unverified Horse,0,0,5,,1,1,11,2020-09-17 06:53:01
1033,84,,,,0,0,6,,0,1,11,2020-09-17 06:53:01
1034,84,,,,0,0,7,,0,1,11,2020-09-17 06:53:01
1035,84,,,,0,0,8,,0,1,11,2020-09-17 06:53:01
1036,85,,20192246.0,,0,0,1,,1,1,11,2020-09-17 06:54:50
1037,85,,20162964.0,,0,0,2,,1,1,11,2020-09-17 06:54:50
1038,85,,,Unverified Horse,0,0,3,,1,1,11,2020-09-17 06:54:50
1039,85,,99990517.0,,0,0,4,,1,1,11,2020-09-17 06:54:50
1040,85,,99990516.0,,0,0,5,,1,1,11,2020-09-17 06:54:50
1041,85,,,,0,0,6,,0,1,11,2020-09-17 06:54:50
1042,85,,,,0,0,7,,0,1,11,2020-09-17 06:54:50
1043,86,,,Unverified Horse,0,0,1,,1,1,11,2020-09-17 06:57:31
1044,86,,20190717.0,,0,0,2,,1,1,11,2020-09-17 06:57:31
1045,86,,20142175.0,,0,0,3,,1,1,11,2020-09-17 06:57:31
1046,86,,,Unverified Horse,0,0,4,,1,1,11,2020-09-17 06:57:31
1047,86,,20163214.0,,0,0,5,,1,1,11,2020-09-17 06:57:31
1048,86,,,Unverified Horse,0,0,6,,1,1,11,2020-09-17 06:57:31
1049,86,,,Equipment,0,0,7,,1,1,11,2020-09-17 06:57:31
1050,86,,20172917.0,,0,0,8,,1,1,11,2020-09-17 06:57:31
1059,87,,20161447.0,,0,0,1,,1,1,11,2020-09-17 07:10:55
1060,87,,20191461.0,,0,0,2,,1,1,11,2020-09-17 07:10:55
1061,87,,,Unverified Horse,0,0,3,,1,1,11,2020-09-17 07:10:55
1062,87,,,Unverified Horse,0,0,4,,1,1,11,2020-09-17 07:10:55
1063,87,,20182662.0,,0,0,5,,1,1,11,2020-09-17 07:10:55
1064,87,,,Unverified Horse,0,0,6,,1,1,11,2020-09-17 07:10:55
1083,88,,20131574.0,,0,0,1,,1,1,11,2020-09-17 07:15:03
1084,88,,20181029.0,,0,0,2,,1,1,11,2020-09-17 07:15:03
1085,88,,20181670.0,,0,0,3,,1,1,11,2020-09-17 07:15:03
1086,88,,20181958.0,,0,0,4,,1,1,11,2020-09-17 07:15:03
1087,88,,20182011.0,,0,0,5,,1,1,11,2020-09-17 07:15:03
1088,88,,20161336.0,,0,0,6,,1,1,11,2020-09-17 07:15:03
1089,88,,20190979.0,,0,0,7,,1,1,11,2020-09-17 07:15:03
1091,89,,20172826.0,,0,0,1,,1,1,11,2020-09-17 07:19:49
1092,89,,99990548.0,,0,0,2,,1,1,11,2020-09-17 07:19:49
1093,89,,20152597.0,,0,0,3,,1,1,11,2020-09-17 07:19:49
1094,89,,20160162.0,,0,0,4,,1,1,11,2020-09-17 07:19:49
1095,89,,20152951.0,,0,0,5,,1,1,11,2020-09-17 07:19:49
1105,90,,20171405.0,,0,0,1,,1,1,11,2020-09-17 07:21:43
1106,90,,20180284.0,,0,0,2,,1,1,11,2020-09-17 07:21:43
1107,90,,20180077.0,,0,0,3,,1,1,11,2020-09-17 07:21:43
1108,90,,20191936.0,,0,0,4,,1,1,11,2020-09-17 07:21:43
1109,90,,20163118.0,,0,0,5,,1,1,11,2020-09-17 07:21:44
1110,90,,20170059.0,,0,0,6,,1,1,11,2020-09-17 07:21:44
1111,90,,,Unverified Horse,0,0,7,,1,1,11,2020-09-17 07:21:44
1112,90,,,,0,0,8,,0,1,11,2020-09-17 07:21:44
1113,90,,20191456.0,,0,0,9,,1,1,11,2020-09-17 07:21:44
1114,90,,20190464.0,,0,0,10,,1,1,11,2020-09-17 07:21:44
1115,91,,,,0,0,1,,0,1,11,2020-09-17 07:24:08
1116,91,,20151181.0,,0,0,2,,1,1,11,2020-09-17 07:24:08
1117,91,,20100795.0,,0,0,3,,1,1,11,2020-09-17 07:24:08
1118,91,,,Unverified Horse,0,0,4,,1,1,11,2020-09-17 07:24:09
1119,91,,20172846.0,,0,0,5,,1,1,11,2020-09-17 07:24:09
1120,91,,20140237.0,,0,0,6,,1,1,11,2020-09-17 07:24:09
1121,91,,,,0,0,7,,0,1,11,2020-09-17 07:24:09
1122,91,,20171798.0,,0,0,8,,1,1,11,2020-09-17 07:24:09
1123,91,,,,0,0,9,,0,1,11,2020-09-17 07:24:09
1124,91,,,,0,0,10,,0,1,11,2020-09-17 07:24:09
1125,91,,,,0,0,11,,0,1,11,2020-09-17 07:24:09
1127,92,,,,0,0,1,,0,1,11,2020-09-17 07:29:10
1128,92,,,,0,0,2,,0,1,11,2020-09-17 07:29:10
1129,92,,20161790.0,,0,0,3,,1,1,11,2020-09-17 07:29:11
1130,92,,20182051.0,,0,0,4,,1,1,11,2020-09-17 07:29:11
1131,92,,20180062.0,,0,0,5,,1,1,11,2020-09-17 07:29:11
1132,92,,,,0,0,6,,0,1,11,2020-09-17 07:29:11
1133,93,,,,0,0,1,,0,1,11,2020-09-17 07:29:54
1134,93,,99990418.0,,0,0,2,,1,1,11,2020-09-17 07:29:54
1135,93,,,,0,0,3,,0,1,11,2020-09-17 07:29:54
1136,94,,20171056.0,,0,0,1,,1,1,11,2020-09-17 07:40:14
1137,94,,,Unverified Horse,0,0,2,,1,1,11,2020-09-17 07:40:14
1138,94,,,,0,0,3,,0,1,11,2020-09-17 07:40:14
1139,94,,20192120.0,,0,0,4,,1,1,11,2020-09-17 07:40:15
1140,94,,,,0,0,5,,0,1,11,2020-09-17 07:40:15
1141,94,,,Unverified Horse,0,0,6,,1,1,11,2020-09-17 07:40:15
1142,94,,20180951.0,,0,0,7,,1,1,11,2020-09-17 07:40:15
1143,94,,,Unverified Horse,0,0,8,,1,1,11,2020-09-17 07:40:15
1144,94,,,Unverified Horse,0,0,9,,1,1,11,2020-09-17 07:40:15
1145,94,,,,0,0,10,,0,1,11,2020-09-17 07:40:15
1146,94,,,,0,0,11,,0,1,11,2020-09-17 07:40:15
1147,94,,,,0,0,12,,0,1,11,2020-09-17 07:40:15
1148,94,,,Unverified Horse,0,0,13,,1,1,11,2020-09-17 07:40:15
1149,94,,,Unverified Horse,0,0,14,,1,1,11,2020-09-17 07:40:15
1151,95,,99990283.0,,0,0,1,,1,1,11,2020-09-17 07:42:19
1152,95,,,Unverified Horse,0,0,2,,1,1,11,2020-09-17 07:42:19
1153,95,,,,0,0,3,,0,1,11,2020-09-17 07:42:19
1154,95,,,Unverified Horse,0,0,4,,1,1,11,2020-09-17 07:42:19
1155,95,,20191789.0,,0,0,5,,1,1,11,2020-09-17 07:42:19
1156,95,,20191769.0,,0,0,6,,1,1,11,2020-09-17 07:42:19
1157,95,,,Unverified Horse,0,0,7,,1,1,11,2020-09-17 07:42:19
1158,95,,20191527.0,,0,0,8,,1,1,11,2020-09-17 07:42:19
1159,95,,20191870.0,,0,0,9,,1,1,11,2020-09-17 07:42:19
1160,95,,20200754.0,,0,0,10,,1,1,11,2020-09-17 07:42:19
1161,95,,,Saw Dust,0,0,11,,1,1,11,2020-09-17 07:42:20
1162,95,,,,0,0,12,,0,1,11,2020-09-17 07:42:20
1163,96,,20100240.0,,0,0,1,,1,1,11,2020-09-17 07:50:07
1164,96,,20183114.0,,0,0,2,,1,1,11,2020-09-17 07:50:07
1165,96,,20192211.0,,0,0,3,,1,1,11,2020-09-17 07:50:07
1166,96,,,Unverified Horse,0,0,4,,1,1,11,2020-09-17 07:50:07
1167,96,,20143081.0,,0,0,5,,1,1,11,2020-09-17 07:50:08
1168,96,,20180835.0,,0,0,6,,1,1,11,2020-09-17 07:50:08
1169,96,,,Unverified Horse,0,0,7,,1,1,11,2020-09-17 07:50:08
1170,96,,,,0,0,8,,0,1,11,2020-09-17 07:50:08
1171,96,,,Unverified Horse,0,0,9,,1,1,11,2020-09-17 07:50:08
1172,96,,,Unverified Horse,0,0,10,,1,1,11,2020-09-17 07:50:08
1173,96,,,Unverified Horse,0,0,11,,1,1,11,2020-09-17 07:50:08
1174,96,,,,0,0,12,,0,1,11,2020-09-17 07:50:08
1175,97,,20192519.0,,0,0,1,,1,1,11,2020-09-17 07:54:19
1176,97,,,,0,0,2,,0,1,11,2020-09-17 07:54:19
1177,97,,,,0,0,3,,0,1,11,2020-09-17 07:54:19
1178,97,,,,0,0,4,,0,1,11,2020-09-17 07:54:19
1179,97,,,,0,0,5,,0,1,11,2020-09-17 07:54:20
1180,97,,20190631.0,,0,0,6,,1,1,11,2020-09-17 07:54:20
1181,97,,,Unverified Horse,0,0,7,,1,1,11,2020-09-17 07:54:20
1183,97,,,Unverified Horse,0,0,8,,1,1,11,2020-09-17 07:54:20
1184,97,,20201579.0,,0,0,9,,1,1,11,2020-09-17 07:54:20
1185,97,,20191092.0,,0,0,10,,1,1,11,2020-09-17 07:54:20
1186,97,,,,0,0,11,,0,1,11,2020-09-17 07:54:20
1187,98,,,Equipment,0,0,1,,1,1,11,2020-09-17 07:58:08
1188,98,,,,0,0,2,,0,1,11,2020-09-17 07:58:08
1189,98,,20143107.0,,0,0,3,,1,1,11,2020-09-17 07:58:08
1190,98,,20160208.0,,0,0,4,,1,1,11,2020-09-17 07:58:08
1191,98,,,,0,0,5,,0,1,11,2020-09-17 07:58:09
1192,98,,,,0,0,6,,0,1,11,2020-09-17 07:58:09
1193,98,,,Dormitory,0,0,7,,1,1,11,2020-09-17 07:58:09
1194,98,,99990600.0,,0,0,8,,1,1,11,2020-09-17 07:58:09
1195,98,,20170731.0,,0,0,9,,1,1,11,2020-09-17 07:58:09
1196,98,,20170377.0,,0,0,10,,1,1,11,2020-09-17 07:58:09
1197,99,,,Equipment,0,0,1,,1,1,11,2020-09-17 08:00:25
1198,99,,,,0,0,2,,0,1,11,2020-09-17 08:00:25
1199,99,,20180491.0,,0,0,3,,1,1,11,2020-09-17 08:00:25
1200,99,,,,0,0,4,,0,1,11,2020-09-17 08:00:25
1201,99,,,,0,0,5,,0,1,11,2020-09-17 08:00:25
1202,99,,,,0,0,6,,0,1,11,2020-09-17 08:00:25
1203,99,,,Dormitory,0,0,7,,1,1,11,2020-09-17 08:00:26
1207,98,,,,0,0,11,,0,1,11,2020-09-17 08:04:49
1212,100,,20190535.0,,0,0,1,,1,1,11,2020-09-18 06:51:52
1213,100,,20191794.0,,0,0,2,,1,1,11,2020-09-18 06:51:52
1214,100,,20181498.0,,0,0,3,,1,1,11,2020-09-18 06:51:52
1215,100,,20181534.0,,0,0,4,,1,1,11,2020-09-18 06:51:52
1216,100,,,Unverified Horse,0,0,5,,1,1,11,2020-09-18 06:51:52
1217,100,,,Equipment,0,0,6,,1,1,11,2020-09-18 06:51:52
1218,100,,20170882.0,,0,0,7,,1,1,11,2020-09-18 06:51:52
1219,100,,20170599.0,,0,0,8,,1,1,11,2020-09-18 06:51:53
1220,100,,,Unverified Horse,0,0,9,,1,1,11,2020-09-18 06:51:53
1221,101,,,,0,0,1,,0,1,11,2020-09-18 06:54:00
1222,101,,20162277.0,,0,0,2,,1,1,11,2020-09-18 06:54:00
1223,101,,20134171.0,,0,0,3,,1,1,11,2020-09-18 06:54:00
1224,101,,,Feed,0,0,4,,1,1,11,2020-09-18 06:54:00
1225,101,,,Unverified Horse,0,0,5,,1,1,11,2020-09-18 06:54:00
1226,101,,20191138.0,,0,0,6,,1,1,11,2020-09-18 06:54:00
1227,101,,,,0,0,7,,0,1,11,2020-09-18 06:54:00
1228,101,,,,0,0,8,,0,1,11,2020-09-18 06:54:00
1229,102,,,Feed,0,0,1,,1,1,11,2020-09-18 06:57:32
1230,102,,,,0,0,2,,0,1,11,2020-09-18 06:57:32
1231,102,,20161785.0,,0,0,3,,1,1,11,2020-09-18 06:57:32
1232,102,,20181201.0,,0,0,4,,1,1,11,2020-09-18 06:57:32
1233,102,,,Saw Dust,0,0,5,,1,1,11,2020-09-18 06:57:32
1234,102,,99990111.0,,0,0,6,,1,1,11,2020-09-18 06:57:32
1235,102,,,Unverified Horse,0,0,7,,1,1,11,2020-09-18 06:57:32
1236,102,,,Unverified Horse,0,0,8,,1,1,11,2020-09-18 06:57:32
1237,102,,,,0,0,9,,0,1,11,2020-09-18 06:57:32
1238,102,,,Unverified Horse,0,0,10,,1,1,11,2020-09-18 06:57:32
1239,102,,,Unverified Horse,0,0,11,,1,1,11,2020-09-18 06:57:32
1240,102,,20190777.0,,0,0,12,,1,1,11,2020-09-18 06:57:32
1241,103,,,Feed,0,0,1,,1,1,11,2020-09-18 07:00:31
1242,103,,,,0,0,2,,0,1,11,2020-09-18 07:00:31
1243,103,,20171187.0,,0,0,3,,1,1,11,2020-09-18 07:00:31
1244,103,,20171738.0,,0,0,4,,1,1,11,2020-09-18 07:00:31
1245,103,,20140797.0,,0,0,5,,1,1,11,2020-09-18 07:00:31
1246,103,,,Unverified Horse,0,0,6,,1,1,11,2020-09-18 07:00:31
1247,103,,99990507.0,,0,0,7,,1,1,11,2020-09-18 07:00:31
1248,103,,,Unverified Horse,0,0,8,,1,1,11,2020-09-18 07:00:31
1249,103,,20182768.0,,0,0,9,,1,1,11,2020-09-18 07:00:32
1250,103,,20150528.0,,0,0,10,,1,1,11,2020-09-18 07:00:32
1251,103,,,,0,0,11,,0,1,11,2020-09-18 07:00:32
1252,103,,,,0,0,12,,0,1,11,2020-09-18 07:00:32
1253,103,,,Dormitory,0,0,13,,1,1,11,2020-09-18 07:00:32
1254,104,,,,0,0,1,,0,1,11,2020-09-18 07:14:05
1255,104,,,,0,0,2,,0,1,11,2020-09-18 07:14:05
1256,104,,20181574.0,,0,0,3,,1,1,11,2020-09-18 07:14:05
1257,104,,,,0,0,4,,0,1,11,2020-09-18 07:14:05
1258,104,,,Unverified Horse,0,0,5,,1,1,11,2020-09-18 07:14:05
1259,104,,,Unverified Horse,0,0,6,,1,1,11,2020-09-18 07:14:05
1260,104,,,,0,0,7,,0,1,11,2020-09-18 07:14:05
1261,104,,20191032.0,,0,0,8,,1,1,11,2020-09-18 07:14:05
1262,104,,,Unverified Horse,0,0,9,,1,1,11,2020-09-18 07:14:05
1263,104,,20192493.0,,0,0,10,,1,1,11,2020-09-18 07:14:05
1264,104,,,Unverified Horse,0,0,11,,1,1,11,2020-09-18 07:14:05
1265,104,,,Unverified Horse,0,0,12,,1,1,11,2020-09-18 07:14:06
1266,104,,20190500.0,,0,0,13,,1,1,11,2020-09-18 07:14:06
1267,104,,20201488.0,,0,0,14,,1,1,11,2020-09-18 07:14:06
1268,104,,20161452.0,,0,0,15,,1,1,11,2020-09-18 07:14:06
1269,104,,,Unverified Horse,0,0,16,,1,1,11,2020-09-18 07:14:06
1270,104,,,,0,0,17,,0,1,11,2020-09-18 07:14:06
1271,104,,,Unverified Horse,0,0,18,,1,1,11,2020-09-18 07:14:06
1272,104,,,Unverified Horse,0,0,19,,1,1,11,2020-09-18 07:14:06
1273,104,,20190479.0,,0,0,20,,1,1,11,2020-09-18 07:14:06
1274,104,,20180577.0,,0,0,21,,1,1,11,2020-09-18 07:14:06
1275,104,,20180608.0,,0,0,22,,1,1,11,2020-09-18 07:14:06
1276,104,,20202687.0,,0,0,23,,1,1,11,2020-09-18 07:14:06
1277,104,,20191749.0,,0,0,24,,1,1,11,2020-09-18 07:14:06
1278,104,,,Unverified Horse,0,0,25,,1,1,11,2020-09-18 07:14:07
1279,104,,20201695.0,,0,0,26,,1,1,11,2020-09-18 07:14:07
1280,104,,,,0,0,27,,0,1,11,2020-09-18 07:14:07
1281,104,,20182460.0,,0,0,28,,1,1,11,2020-09-18 07:14:07
1282,104,,99990498.0,,0,0,29,,1,1,11,2020-09-18 07:14:07
1283,104,,20190348.0,,0,0,30,,1,1,11,2020-09-18 07:14:07
1284,104,,,Unverified Horse,0,0,31,,1,1,11,2020-09-18 07:14:07
1285,104,,99990499.0,,0,0,32,,1,1,11,2020-09-18 07:14:07
1286,104,,,Unverified Horse,0,0,33,,1,1,11,2020-09-18 07:14:07
1287,104,,20181014.0,,0,0,34,,1,1,11,2020-09-18 07:14:07
1288,104,,20181554.0,,0,0,35,,1,1,11,2020-09-18 07:14:07
1289,104,,99990510.0,,0,0,36,,1,1,11,2020-09-18 07:14:07
1290,104,,,Unverified Horse,0,0,37,,1,1,11,2020-09-18 07:14:08
1291,104,,20190535.0,,0,0,38,,1,1,11,2020-09-18 07:14:08
1292,104,,,Unverified Horse,0,0,39,,1,1,11,2020-09-18 07:14:08
1293,104,,20151045.0,,0,0,40,,1,1,11,2020-09-18 07:14:08
1294,104,,20170473.0,,0,0,41,,1,1,11,2020-09-18 07:14:08
1295,104,,,,0,0,42,,0,1,11,2020-09-18 07:14:08
1296,104,,99990596.0,,0,0,43,,1,1,11,2020-09-18 07:14:08
1297,104,,,Unverified Horse,0,0,44,,1,1,11,2020-09-18 07:14:09
1298,104,,,Unverified Horse,0,0,45,,1,1,11,2020-09-18 07:14:09
1299,104,,,,0,0,46,,0,1,11,2020-09-18 07:14:09
1300,104,,20191436.0,,0,0,47,,1,1,11,2020-09-18 07:14:09
1301,104,,20181074.0,,0,0,48,,1,1,11,2020-09-18 07:14:09
1302,104,,20190444.0,,0,0,49,,1,1,11,2020-09-18 07:14:09
1303,104,,20191916.0,,0,0,50,,1,1,11,2020-09-18 07:14:09
1304,104,,20190080.0,,0,0,51,,1,1,11,2020-09-18 07:14:09
1305,104,,,Unverified Horse,0,0,52,,1,1,11,2020-09-18 07:14:09
1306,104,,20202001.0,,0,0,53,,1,1,11,2020-09-18 07:14:09
1307,104,,20190888.0,,0,0,54,,1,1,11,2020-09-18 07:14:09
1308,104,,,Unverified Horse,0,0,55,,1,1,11,2020-09-18 07:14:09
1309,104,,,,0,0,56,,0,1,11,2020-09-18 07:14:10
1314,105,,20171965.0,,0,0,1,,1,1,11,2020-09-18 07:25:50
1315,105,,20191294.0,,0,0,2,,1,1,11,2020-09-18 07:25:50
1316,105,,,Equipment,0,0,3,,1,1,11,2020-09-18 07:25:50
1317,105,,20152875.0,,0,0,4,,1,1,11,2020-09-18 07:25:50
1318,105,,20151449.0,,0,0,5,,1,1,11,2020-09-18 07:25:50
1319,106,,20171834.0,,0,0,1,,1,1,11,2020-09-18 07:27:40
1320,106,,20151489.0,,0,0,2,,1,1,11,2020-09-18 07:27:40
1321,106,,20160293.0,,0,0,3,,1,1,11,2020-09-18 07:27:40
1322,106,,20173065.0,,0,0,4,,1,1,11,2020-09-18 07:27:40
1323,106,,20152466.0,,0,0,5,,1,1,11,2020-09-18 07:27:40
1324,106,,99990608.0,,0,0,6,,1,1,11,2020-09-18 07:27:40
1325,106,,20191476.0,,0,0,7,,1,1,11,2020-09-18 07:27:40
1326,106,,20151045.0,,0,0,8,,1,1,11,2020-09-18 07:27:40
1327,106,,20180042.0,,0,0,9,,1,1,11,2020-09-18 07:27:40
1328,106,,20192791.0,,0,0,10,,1,1,11,2020-09-18 07:27:40
1329,105,,,Unverified Horse,0,0,6,,1,1,11,2020-12-16 06:29:12
1330,105,,,Unverified Horse,0,0,7,,1,1,11,2020-12-16 06:29:12
1336,79,,20143314.0,,0,0,1,,1,1,11,2020-12-16 07:05:19
1337,79,,99990520.0,,0,0,2,,1,1,11,2020-12-16 07:05:19
1338,79,,20171298.0,,0,0,3,,1,1,11,2020-12-16 07:05:19
1339,79,,,,0,0,4,,0,1,11,2020-12-16 07:05:19
1340,79,,,,0,0,5,,0,1,11,2020-12-16 07:05:19
1341,79,,,,0,0,6,,0,1,11,2020-12-16 07:05:19
1342,79,,20181569.0,,0,0,7,,1,1,11,2020-12-16 07:05:19
1343,79,,,,0,0,8,,0,1,11,2020-12-16 07:05:19
1344,79,,,Unverified Horse,0,0,9,,1,1,11,2020-12-16 07:05:19
1345,79,,,,0,0,10,,0,1,11,2020-12-16 07:05:19
1346,79,,,,0,0,11,,0,1,11,2020-12-16 07:05:19
1347,79,,,Equipment,0,0,12,,1,1,11,2020-12-16 07:05:19
1348,107,,,,0,0,1,,0,1,11,2020-12-16 07:12:31
1349,107,,,,0,0,2,,0,1,11,2020-12-16 07:12:31
1350,107,,,,0,0,3,,0,1,11,2020-12-16 07:12:31
1351,107,,20162257.0,,0,0,4,,1,1,11,2020-12-16 07:12:31
1352,107,,,Unverified Horse,0,0,5,,1,1,11,2020-12-16 07:12:31
1353,107,,20172604.0,,0,0,6,,1,1,11,2020-12-16 07:12:31
1354,107,,20192973.0,,0,0,7,,1,1,11,2020-12-16 07:12:31
1355,1,,,,0,0,8,,0,1,27,2021-02-18 07:50:15
1358,12,,,,0,0,21,,0,1,27,2021-02-25 05:46:25
1359,12,,,,0,0,22,,0,1,27,2021-02-25 05:46:42
1360,12,,20132682.0,,0,0,23,,1,1,27,2021-02-25 05:46:48
1364,1,,20150119.0,,0,0,4,,1,1,27,2021-04-08 06:43:43
1365,4,,,Unverified Horse,0,0,6,,1,1,27,2021-04-08 07:19:03
1372,6,,,,0,0,8,,0,1,27,2021-04-09 07:48:10
1373,6,,,,0,0,9,,0,1,27,2021-04-09 07:48:43
1374,6,,20151525.0,,0,0,10,,1,1,27,2021-04-09 07:56:39
1375,6,,,Dormitory,0,0,11,,1,1,27,2021-04-09 07:57:14
1376,3,,,Unverified Horse,0,0,14,,1,1,27,2021-04-09 08:04:05
1379,109,,,,0,0,1,,0,1,11,2021-04-12 07:23:10
1380,109,,,Unverified Horse,0,0,2,,1,1,11,2021-04-12 07:23:10
1381,109,,,Unverified Horse,0,0,3,,1,1,11,2021-04-12 07:23:10
1382,109,,20171612.0,,0,0,4,,1,1,11,2021-04-12 07:23:10
1383,109,,,Unverified Horse,0,0,5,,1,1,11,2021-04-12 07:23:10
1384,109,,,Unverified Horse,0,0,6,,1,1,11,2021-04-12 07:23:10
1385,109,,,Unverified Horse,0,0,7,,1,1,11,2021-04-12 07:23:10
1386,109,,,Unverified Horse,0,0,8,,1,1,11,2021-04-12 07:23:10
1387,109,,,Unverified Horse,0,0,9,,1,1,11,2021-04-12 07:23:10
1388,109,,,Unverified Horse,0,0,10,,1,1,11,2021-04-12 07:23:10
1389,109,,20172179.0,,0,0,11,,1,1,11,2021-04-12 07:23:10
1390,109,,,Unverified Horse,0,0,12,,1,1,11,2021-04-12 07:23:10
1391,110,,20171132.0,,0,0,1,,1,1,11,2021-04-12 07:56:30
1392,110,,,Unverified Horse,0,0,2,,1,1,11,2021-04-12 07:56:30
1393,110,,20180815.0,,0,0,3,,1,1,11,2021-04-12 07:56:30
1394,110,,,Equipment,0,0,4,,1,1,11,2021-04-12 07:56:30
1395,110,,20170453.0,,0,0,5,,1,1,11,2021-04-12 07:56:30
1396,110,,,Feed,0,0,6,,1,1,11,2021-04-12 07:56:30
1397,110,,20170993.0,,0,0,7,,1,1,11,2021-04-12 07:56:30
1398,110,,20151898.0,,0,0,8,,1,1,11,2021-04-12 07:56:30
1399,110,,99990513.0,,0,0,9,,1,1,11,2021-04-12 07:56:30
1400,111,,,,0,0,1,,0,1,11,2021-04-12 08:02:56
1401,111,,20160879.0,,0,0,2,,1,1,11,2021-04-12 08:02:56
1402,111,,,,0,0,3,,0,1,11,2021-04-12 08:02:56
1403,111,,20150073.0,,0,0,4,,1,1,11,2021-04-12 08:02:56
1404,111,,20152219.0,,0,0,5,,1,1,11,2021-04-12 08:02:56
1405,111,,20190297.0,,0,0,6,,1,1,11,2021-04-12 08:02:56
1406,111,,,,0,0,7,,0,1,11,2021-04-12 08:02:56
1407,111,,20122346.0,,0,0,8,,1,1,11,2021-04-12 08:02:56
1408,111,,20191007.0,,0,0,9,,1,1,11,2021-04-12 08:02:56
1409,111,,,,0,0,10,,0,1,11,2021-04-12 08:02:56
1410,111,,20191229.0,,0,0,11,,1,1,11,2021-04-12 08:02:56
1411,111,,20151272.0,,0,0,12,,1,1,11,2021-04-12 08:02:56
1412,111,,20170180.0,,0,0,13,,1,1,11,2021-04-12 08:02:56
1413,111,,20191158.0,,0,0,14,,1,1,11,2021-04-12 08:02:56
1414,111,,20170195.0,,0,0,15,,1,1,11,2021-04-12 08:02:56
1415,111,,20181827.0,,0,0,16,,1,1,11,2021-04-12 08:02:56
1416,112,,,Unverified Horse,0,0,1,,1,1,11,2021-04-12 08:10:24
1417,112,,20151656.0,,0,0,2,,1,1,11,2021-04-12 08:10:24
1418,112,,20150497.0,,0,0,3,,1,1,11,2021-04-12 08:10:24
1419,112,,,,0,0,4,,0,1,11,2021-04-12 08:10:24
1420,112,,20120059.0,,0,0,5,,1,1,11,2021-04-12 08:10:24
1421,112,,,,0,0,6,,0,1,11,2021-04-12 08:10:24
1422,112,,20162717.0,,0,0,7,,1,1,11,2021-04-12 08:10:24
1423,112,,,Feed,0,0,8,,1,1,11,2021-04-12 08:10:24
1424,113,,20162737.0,,0,0,1,,1,1,27,2021-04-12 08:31:54
1425,113,,20192751.0,,0,0,2,,1,1,27,2021-04-12 08:32:02
1426,113,,20162373.0,,0,0,3,,1,1,27,2021-04-12 08:32:07
1427,113,,,Dormitory,0,0,4,,1,1,27,2021-04-12 08:32:12
1428,13,,,,0,0,16,,0,1,27,2021-04-12 08:49:40
1429,20,,,Unverified Horse,0,0,26,,1,1,27,2021-04-12 09:37:21
1430,20,,20180128.0,,0,0,27,,1,1,27,2021-04-12 09:37:25
1431,20,,20192302.0,,0,0,28,,1,1,27,2021-04-12 09:37:28
1432,78,,20170175.0,,0,0,11,,1,1,11,2021-04-13 03:30:19
1433,114,,20132788.0,,0,0,1,,1,1,11,2021-04-13 03:35:02
1434,114,,20182733.0,,0,0,2,,1,1,11,2021-04-13 03:35:02
1435,114,,,,0,0,3,,0,1,11,2021-04-13 03:35:02
1436,114,,,,0,0,4,,0,1,11,2021-04-13 03:35:02
1437,114,,,Unverified Horse,0,0,5,,1,1,11,2021-04-13 03:35:02
1438,114,,,Equipment,0,0,6,,1,1,11,2021-04-13 03:35:02
1439,115,,20180193.0,,0,0,1,,1,1,11,2021-04-13 03:49:18
1440,115,,20181943.0,,0,0,2,,1,1,11,2021-04-13 03:49:18
1441,115,,,,0,0,3,,0,1,11,2021-04-13 03:49:18
1442,115,,,,0,0,4,,0,1,11,2021-04-13 03:49:18
1443,115,,,,0,0,5,,0,1,11,2021-04-13 03:49:18
1444,115,,20170408.0,,0,0,6,,1,1,11,2021-04-13 03:49:18
1445,115,,99990390.0,,0,0,7,,1,1,11,2021-04-13 03:49:18
1446,115,,20141810.0,,0,0,8,,1,1,11,2021-04-13 03:49:18
1448,71,,,Unverified Horse,0,0,7,,1,1,11,2021-04-13 03:54:32
1449,69,,,,0,0,37,,0,1,11,2021-04-13 04:08:24
1450,69,,20190015.0,,0,0,38,,1,1,11,2021-04-13 04:08:24
1451,69,,,Unverified Horse,0,0,39,,1,1,11,2021-04-13 04:08:24
1452,69,,,Unverified Horse,0,0,40,,1,1,11,2021-04-13 04:08:24
1453,69,,20170140.0,,0,0,41,,1,1,11,2021-04-13 04:08:24
1454,69,,,,0,0,42,,0,1,11,2021-04-13 04:08:24
1455,69,,,Unverified Horse,0,0,43,,1,1,11,2021-04-13 04:08:24
1456,69,,,Unverified Horse,0,0,44,,1,1,11,2021-04-13 04:08:24
1457,69,,20180522.0,,0,0,45,,1,1,11,2021-04-13 04:08:24
1458,69,,,Unverified Horse,0,0,46,,1,1,11,2021-04-13 04:08:24
1459,69,,20150068.0,,0,0,47,,1,1,11,2021-04-13 04:08:24
1460,69,,,,0,0,48,,0,1,11,2021-04-13 04:08:24
1461,67,,99990001.0,,0,0,25,,1,1,11,2021-04-13 05:02:11
1462,116,,,Unverified Horse,0,0,1,,1,1,11,2021-04-13 05:20:45
1463,116,,,Unverified Horse,0,0,2,,1,1,11,2021-04-13 05:20:45
1464,116,,99990188.0,,0,0,3,,1,1,11,2021-04-13 05:20:45
1465,116,,,Unverified Horse,0,0,4,,1,1,11,2021-04-13 05:20:45
1466,116,,,Unverified Horse,0,0,5,,1,1,11,2021-04-13 05:20:45
1467,116,,,Unverified Horse,0,0,6,,1,1,11,2021-04-13 05:20:45
1468,116,,20160268.0,,0,0,7,,1,1,11,2021-04-13 05:20:45
1469,116,,20181938.0,,0,0,8,,1,1,11,2021-04-13 05:20:45
1470,116,,,Unverified Horse,0,0,9,,1,1,11,2021-04-13 05:20:45
1471,116,,20201195.0,,0,0,10,,1,1,11,2021-04-13 05:20:45
1472,116,,,Unverified Horse,0,0,11,,1,1,11,2021-04-13 05:20:45
1473,116,,,Unverified Horse,0,0,12,,1,1,11,2021-04-13 05:20:45
1474,117,,20162540.0,,0,0,1,,1,1,11,2021-04-13 05:22:40
1475,117,,20172351.0,,0,0,2,,1,1,11,2021-04-13 05:22:40
1476,117,,20122215.0,,0,0,3,,1,1,11,2021-04-13 05:22:40
1477,117,,,Unverified Horse,0,0,4,,1,1,11,2021-04-13 05:22:40
1478,117,,99990477.0,,0,0,5,,1,1,11,2021-04-13 05:22:40
1479,118,,,Equipment,0,0,1,,1,1,11,2021-04-13 05:43:26
1480,118,,,Unverified Horse,0,0,2,,1,1,11,2021-04-13 05:43:26
1481,118,,20191143.0,,0,0,3,,1,1,11,2021-04-13 05:43:26
1482,118,,,,0,0,4,,0,1,11,2021-04-13 05:43:26
1483,118,,,,0,0,5,,0,1,11,2021-04-13 05:43:26
1484,26,,,Equipment,0,0,6,,1,1,27,2021-04-13 05:51:02
1485,27,,,Unverified Horse,0,0,6,,1,1,27,2021-04-13 05:52:13
1486,119,,20181736.0,,0,0,1,,1,1,11,2021-04-13 06:57:15
1487,119,,,Unverified Horse,0,0,2,,1,1,11,2021-04-13 06:57:15
1488,119,,20182839.0,,0,0,3,,1,1,11,2021-04-13 06:57:15
1489,58,,,Unverified Horse,0,0,6,,1,1,11,2021-04-13 07:01:18
1490,52,,20192473.0,,0,0,13,,1,1,11,2021-04-14 05:53:45
1491,52,,20171667.0,,0,0,14,,1,1,11,2021-04-14 05:53:45
1492,51,,20122215.0,,0,0,9,,1,1,11,2021-04-14 05:55:50
1493,51,,,,0,0,10,,0,1,11,2021-04-14 05:55:50
1494,51,,,,0,0,11,,0,1,11,2021-04-14 05:55:50
1495,120,,,,0,0,1,,0,1,11,2021-04-14 07:38:53
1496,120,,,,0,0,2,,0,1,11,2021-04-14 07:38:53
1497,120,,,,0,0,3,,0,1,11,2021-04-14 07:38:53
1498,120,,,,0,0,4,,0,1,11,2021-04-14 07:38:53
1499,120,,,Dormitory,0,0,5,,1,1,11,2021-04-14 07:38:53
1500,120,,,,0,0,6,,0,1,11,2021-04-14 07:38:53
1501,120,,20182642.0,,0,0,7,,1,1,11,2021-04-14 07:38:53
1502,120,,,,0,0,8,,0,1,11,2021-04-14 07:38:53
1503,120,,20134075.0,,0,0,9,,1,1,11,2021-04-14 07:38:53
1504,120,,20160773.0,,0,0,10,,1,1,11,2021-04-14 07:38:53
1505,120,,20160839.0,,0,0,11,,1,1,11,2021-04-14 07:38:53
1506,120,,,,0,0,12,,0,1,11,2021-04-14 07:38:53
1507,121,,,Unverified Horse,0,0,1,,1,1,11,2021-04-14 07:41:51
1508,121,,20190575.0,,0,0,2,,1,1,11,2021-04-14 07:41:51
1509,121,,,Equipment,0,0,3,,1,1,11,2021-04-14 07:41:51
1510,121,,20180431.0,,0,0,4,,1,1,11,2021-04-14 07:41:51
1511,121,,,,0,0,5,,0,1,11,2021-04-14 07:41:51
1512,121,,20161098.0,,0,0,6,,1,1,11,2021-04-14 07:41:51
1513,121,,,,0,0,7,,0,1,11,2021-04-14 07:41:51
1514,121,,,,0,0,8,,0,1,11,2021-04-14 07:41:51
1515,121,,,Dormitory,0,0,9,,1,1,11,2021-04-14 07:41:51
1516,121,,,,0,0,10,,0,1,11,2021-04-14 07:41:51
1517,121,,,,0,0,11,,0,1,11,2021-04-14 07:41:51
1518,121,,,,0,0,12,,0,1,11,2021-04-14 07:41:51
1524,122,,20182697.0,,0,0,1,,1,1,11,2021-04-14 07:44:35
1525,122,,,Unverified Horse,0,0,2,,1,1,11,2021-04-14 07:44:35
1526,122,,,,0,0,3,,0,1,11,2021-04-14 07:44:35
1527,123,,20152719.0,,0,0,1,,1,1,11,2021-04-14 07:44:50
1528,123,,20161412.0,,0,0,2,,1,1,11,2021-04-14 07:44:50
1529,123,,,,0,0,3,,0,1,11,2021-04-14 07:44:50
1530,124,,,Unverified Horse,0,0,1,,1,1,11,2021-04-14 07:54:53
1531,124,,,Unverified Horse,0,0,2,,1,1,11,2021-04-14 07:54:53
1532,124,,20192746.0,,0,0,3,,1,1,11,2021-04-14 07:54:53
1533,124,,20182157.0,,0,0,4,,1,1,11,2021-04-14 07:54:53
1534,124,,20192357.0,,0,0,5,,1,1,11,2021-04-14 07:54:53
1535,124,,,Unverified Horse,0,0,6,,1,1,11,2021-04-14 07:54:53
1536,124,,,Unverified Horse,0,0,7,,1,1,11,2021-04-14 07:54:53
1537,124,,20202985.0,,0,0,8,,1,1,11,2021-04-14 07:54:53
1538,124,,20201680.0,,0,0,9,,1,1,11,2021-04-14 07:54:53
1539,124,,20152673.0,,0,0,10,,1,1,11,2021-04-14 07:54:53
1540,125,,,Unverified Horse,0,0,1,,1,1,11,2021-04-14 07:58:40
1541,125,,,Unverified Horse,0,0,2,,1,1,11,2021-04-14 07:58:40
1542,125,,,Unverified Horse,0,0,3,,1,1,11,2021-04-14 07:58:40
1543,125,,,Unverified Horse,0,0,4,,1,1,11,2021-04-14 07:58:40
1544,125,,,Unverified Horse,0,0,5,,1,1,11,2021-04-14 07:58:40
1545,125,,,Unverified Horse,0,0,6,,1,1,11,2021-04-14 07:58:40
1546,125,,,Unverified Horse,0,0,7,,1,1,11,2021-04-14 07:58:40
1547,125,,,Unverified Horse,0,0,8,,1,1,11,2021-04-14 07:58:40
1548,125,,20182324.0,,0,0,9,,1,1,11,2021-04-14 07:58:40
1549,47,,,Unverified Horse,0,0,4,,1,1,11,2021-04-14 08:01:04
1550,126,,20191072.0,,0,0,1,,1,1,11,2021-04-14 08:04:03
1551,126,,99990525.0,,0,0,2,,1,1,11,2021-04-14 08:04:03
1552,126,,,,0,0,3,,0,1,11,2021-04-14 08:04:03
1553,126,,20162015.0,,0,0,4,,1,1,11,2021-04-14 08:04:03
1554,126,,,,0,0,5,,0,1,11,2021-04-14 08:04:03
1555,126,,,Unverified Horse,0,0,6,,1,1,11,2021-04-14 08:04:03
1556,126,,20171218.0,,0,0,7,,1,1,11,2021-04-14 08:04:03
1557,55,,20200198.0,,0,0,31,,1,1,11,2021-04-29 07:23:25
1558,55,,,Unverified Horse,0,0,50,,1,1,11,2021-04-29 07:28:46
1567,32,,20193192.0,,0,0,6,,1,1,11,2021-05-12 06:54:01
1568,33,,,,0,0,6,,0,1,11,2021-05-12 06:55:01
1569,34,,,Equipment,0,0,8,,1,1,11,2021-05-12 06:57:24
1570,36,,20161947.0,,0,0,6,,1,1,11,2021-05-12 07:01:11
1571,127,,,,0,0,1,,0,1,11,2021-05-12 07:04:21
1572,127,,20134237.0,,0,0,2,,1,1,11,2021-05-12 07:04:21
1573,127,,,,0,0,3,,0,1,11,2021-05-12 07:04:21
1574,127,,20152875.0,,0,0,4,,1,1,11,2021-05-12 07:04:21
1575,127,,,,0,0,5,,0,1,11,2021-05-12 07:04:21
1576,127,,20152406.0,,0,0,6,,1,1,11,2021-05-12 07:04:21
1581,20,,20192675.0,,0,0,29,,1,1,11,2021-07-15 07:03:08
1582,20,,,Unverified Horse,0,0,30,,1,1,11,2021-07-15 07:03:08
1583,3,,,Unverified Horse,0,0,15,,1,1,27,2021-09-02 11:43:38
1585,4,,20170877.0,,0,0,7,,1,1,27,2021-09-02 11:46:43
1587,4,,,Unverified Horse,0,0,9,,1,1,27,2021-09-02 11:47:24
1589,4,,,,0,0,11,,0,1,27,2021-09-02 11:47:33
1598,100,,,,0,0,10,,0,1,11,2021-09-22 10:58:36
1599,110,,,,0,0,10,,0,1,11,2021-09-25 07:37:40
1600,85,,,,0,0,8,,0,1,11,2021-09-25 08:09:25
1601,82,,,,0,0,10,,0,1,11,2021-09-25 08:40:36
1602,80,,,Unverified Horse,0,0,3,,1,1,11,2021-09-25 08:45:22
1603,68,,,,0,0,25,,0,1,11,2021-09-27 08:54:00
1615,66,,20203104.0,,0,0,19,,1,1,11,2021-10-02 08:35:08
1616,46,,20202298.0,,0,0,9,,1,1,11,2021-10-09 08:44:33
1617,8,,,,0,0,15,,0,1,27,2021-10-15 12:01:35
1619,15,,,,0,0,10,,0,1,27,2021-10-21 06:12:32
1621,22,,,Unverified Horse,0,0,13,,1,1,27,2021-10-25 07:00:46
1622,22,,,,0,0,14,,0,1,27,2021-10-25 07:01:09
1624,7,,,,0,0,6,,0,1,11,2021-11-09 06:19:43
1625,7,,,Unverified Horse,0,0,7,,1,1,11,2021-11-09 06:19:43
1626,4,,,,0,0,12,,0,1,27,2022-02-03 09:05:13
1631,11,,,Dormitory,0,0,4,,1,1,27,2022-02-09 06:11:31
1633,128,,,Equipment,0,0,1,,1,1,11,2022-02-15 06:24:21
1634,128,,,Dormitory,0,0,2,,1,1,11,2022-02-15 06:24:21
1635,128,,,Unverified Horse,0,0,3,,1,1,11,2022-02-15 06:24:21
1636,128,,,,0,0,4,,0,1,11,2022-02-15 06:24:21
1637,128,,20200032.0,,0,0,5,,1,1,11,2022-02-15 06:24:21
1638,128,,20181509.0,,0,0,6,,1,1,11,2022-02-15 06:24:21
1639,128,,20200052.0,,0,0,7,,1,1,11,2022-02-15 06:24:21
1640,128,,,Unverified Horse,0,0,8,,1,1,11,2022-02-15 06:24:21
1641,128,,20200092.0,,0,0,9,,1,1,11,2022-02-15 06:24:21
1642,128,,,,0,0,10,,0,1,11,2022-02-15 06:24:21
1645,91,,,,0,0,12,,0,1,11,2022-02-15 06:36:13
1646,107,,,,0,0,8,,0,1,11,2022-02-15 07:00:33
1647,78,,,Equipment,0,0,12,,1,1,11,2022-02-16 05:49:06
1656,53,,20182677.0,,0,0,10,,1,1,11,2022-02-22 06:38:57
1657,129,,,,0,0,1,,0,1,11,2022-02-22 06:39:46
1658,129,,,,0,0,2,,0,1,11,2022-02-22 06:39:46
1659,129,,20151358.0,,0,0,3,,1,1,11,2022-02-22 06:39:46
1660,129,,20172528.0,,0,0,4,,1,1,11,2022-02-22 06:39:46
1661,129,,,,0,0,5,,0,1,11,2022-02-22 06:39:46
1662,129,,20190388.0,,0,0,6,,1,1,11,2022-02-22 06:39:46
1663,129,,,,0,0,7,,0,1,11,2022-02-22 06:39:46
1664,129,,,,0,0,8,,0,1,11,2022-02-22 06:39:46
1665,129,,20180779.0,,0,0,9,,1,1,11,2022-02-22 06:39:46
1666,120,,20170039.0,,0,0,13,,1,1,27,2022-02-23 10:49:42
1667,120,,,,0,0,14,,0,1,27,2022-02-23 10:50:11
1668,37,,,,0,0,6,,0,1,11,2022-02-24 04:41:59
1670,130,,20141976.0,,0,0,1,,1,1,11,2022-02-25 02:42:55
1671,130,,,Unverified Horse,0,0,2,,1,1,11,2022-02-25 02:42:55
1672,130,,20140368.0,,0,0,3,,1,1,11,2022-02-25 02:42:55
1673,130,,,,0,0,4,,0,1,11,2022-02-25 02:42:55
1674,9,,,Dormitory,0,0,8,,1,1,11,2022-02-25 02:44:00
1675,12,,,Unverified Horse,0,0,24,,1,1,11,2022-11-16 06:14:12
1676,19,,20142655.0,,0,0,20,,1,1,11,2022-11-16 06:39:57
1677,19,,,Equipment,0,0,21,,1,1,11,2022-11-16 06:40:00
1678,22,,,,0,0,15,,0,1,11,2022-11-16 07:01:25
1679,30,,,Equipment,0,0,10,,1,1,11,2022-11-17 06:56:35
1680,82,,,,0,0,14,,0,1,11,2022-11-30 05:37:24
1681,94,,,Unverified Horse,0,0,15,,1,1,11,2022-12-01 06:06:36
1684,131,,,,0,0,1,,0,1,27,2023-02-23 06:22:59
1685,131,,20162737.0,,0,0,2,,1,1,27,2023-02-23 06:38:55
1686,131,,,,0,0,3,,0,1,27,2023-02-23 06:39:29
1687,131,,,Dormitory,0,0,4,,1,1,27,2023-02-23 06:39:55
1688,13,,20190393.0,,0,0,17,,1,1,27,2023-02-23 10:39:59
1689,36,,,,0,0,7,,0,1,27,2023-03-07 09:25:35
1690,55,,,Feed,0,0,51,,1,1,27,2023-03-21 10:18:07
1691,53,,20151358.0,,0,0,11,,1,1,27,2023-03-23 11:54:21
1692,17,,,,0,0,1,,0,1,15,2023-04-18 06:38:56
1693,1,,,,0,0,9,,0,1,15,2023-04-18 06:55:34
1694,1,,20142317.0,,0,0,10,,1,1,15,2023-04-18 06:55:34
1695,1,,,,0,0,11,,0,1,15,2023-04-18 06:55:34
1696,1,,,,0,0,12,,0,1,15,2023-04-18 06:55:34
1697,1,,,,0,0,13,,0,1,15,2023-04-18 06:55:34
1698,1,,,,0,0,14,,0,1,15,2023-04-18 06:55:34
1699,1,,20172159.0,,0,0,15,,1,1,15,2023-04-18 06:55:34
1700,3,,,Unverified Horse,0,0,2,,1,1,15,2023-04-18 07:02:34
1701,3,,20180875.0,,0,0,8,,1,1,15,2023-04-18 07:07:44
1702,4,,20200027.0,,0,0,3,,1,1,15,2023-04-25 05:36:10
1703,4,,,Unverified Horse,0,0,5,,1,1,15,2023-04-25 05:37:06
1704,4,,,,0,0,8,,0,1,15,2023-04-27 05:26:05
1705,4,,,,0,0,10,,0,1,15,2023-04-27 05:26:49
